date,SPY_BH,60_40,FRAR,FRAR_Net,FRAR_Quad,FRAR_Quad_Net
2006-01-04,1.0047354384417426,1.0,1.0,1.0,1.0,1.0
2006-01-05,1.0053668942024179,1.0,1.0,0.9999900542908118,1.0,0.9999815816997394
2006-01-06,1.013733268690314,1.0,1.0,0.9999801086805408,1.0,0.9999631637387125
2006-01-09,1.0163377729177268,1.0,1.0,0.9999701631691859,1.0,0.9999447461169133
2006-01-10,1.0173638558176885,1.0,1.0,0.999960217756746,1.0,0.9999263288343353
2006-01-11,1.0205998158057765,1.0,1.0,0.9999502724432204,1.0,0.9999079118909723
2006-01-12,1.0165744270797261,1.0,1.0,0.999940327228608,1.0,0.9998894952868181
2006-01-13,1.0156274615129504,1.0,1.0,0.9999303821129079,1.0,0.9998710790218666
2006-01-17,1.0128654204567245,1.0,1.0,0.999920437096119,1.0,0.9998526630961112
2006-01-18,1.008840031730674,1.0,1.0,0.9999104921782402,1.0,0.999834247509546
2006-01-19,1.0127070113309633,1.0,1.0,0.9999005473592708,1.0,0.9998158322621644
2006-01-20,0.9942386531176856,1.0,1.0,0.9998906026392097,1.0,0.9997974173539605
2006-01-23,0.9977898612227897,1.0,1.0,0.9998806580180558,1.0,0.9997790027849279
2006-01-24,0.9988160313524461,1.0,1.0,0.9998707134958082,1.0,0.9997605885550604
2006-01-25,0.9996844029642049,1.0,1.0,0.999860769072466,1.0,0.9997421746643517
2006-01-26,1.0052091829142153,1.0,1.0,0.9998508247480281,1.0,0.9997237611127955
2006-01-27,1.0145223485094979,1.0,1.0,0.9998408805224936,1.0,0.9997053479003857
2006-01-30,1.0137332686903147,1.0,1.0,0.9998309363958614,1.0,0.9996869350271159
2006-01-31,1.0063142086879735,1.0,1.0,0.9998209923681307,1.0,0.99966852249298
2006-02-01,1.0133389904698074,1.0,1.0,0.9998110484393004,1.0,0.9996501102979716
2006-02-02,1.001578595786841,1.0,1.0,0.9998011046093694,1.0,0.9996316984420845
2006-02-03,0.9966062414940148,1.0,1.0,0.9997911608783369,1.0,0.9996132869253127
2006-02-06,0.9992109201808171,1.0,1.0,0.9997812172462018,1.0,0.9995948757476496
2006-02-07,0.9903711501392278,1.0,1.0,0.9997712737129634,1.0,0.9995764649090891
2006-02-08,0.9993684570096305,1.0,1.0,0.9997613302786202,1.0,0.999558054409625
2006-02-09,0.9977115289568573,1.0,1.0,0.9997513869431717,1.0,0.9995396442492509
2006-02-10,0.9995267789056972,1.0,1.0,0.9997414437066167,1.0,0.9995212344279608
2006-02-13,0.9977115289568574,1.0,1.0,0.9997315005689542,1.0,0.9995028249457483
2006-02-14,1.0082871699250164,1.0,1.0,0.9997215575301832,1.0,0.999484415802607
2006-02-15,1.0118389886379842,1.0,1.0,0.9997116145903029,1.0,0.9994660069985309
2006-02-16,1.0194161088473075,1.0,1.0,0.999701671749312,1.0,0.9994475985335138
2006-02-17,1.0166536316426076,1.0,1.0,0.9996917290072099,1.0,0.9994291904075493
2006-02-21,1.0141278085999066,1.0,1.0,0.9996817863639953,1.0,0.9994107826206311
2006-02-22,1.0202839570808975,1.0,1.0,0.9996718438196674,1.0,0.9993923751727531
2006-02-23,1.0187845658569374,1.0,1.0,0.9996619013742252,1.0,0.9993739680639091
2006-02-24,1.0213888083952658,1.0,1.0,0.9996519590276676,1.0,0.9993555612940926
2006-02-27,1.0217836972236367,1.0,1.0,0.9996420167799936,1.0,0.9993371548632975
2006-02-28,1.012075381110899,1.0,1.0,0.9996320746312024,1.0,0.9993187487715177
2006-03-01,1.0210732985891653,1.0,1.0,0.999622132581293,1.0,0.9993003430187468
2006-03-02,1.0209947046341483,1.0,1.0,0.9996121906302642,1.0,0.9992819376049785
2006-03-03,1.016258742814237,1.0,1.0,0.9996022487781152,1.0,0.9992635325302067
2006-03-06,1.0116018110978164,1.0,1.0,0.999592307024845,1.0,0.9992451277944251
2006-03-07,1.0100238259188394,1.0,1.0,0.9995823653704525,1.0,0.9992267233976274
2006-03-08,1.0121548473628643,1.0,1.0,0.9995724238149369,1.0,0.9992083193398075
2006-03-09,1.005366894202419,1.0,1.0,0.9995624823582971,1.0,0.999189915620959
2006-03-10,1.014916975648785,1.0,1.0,0.9995525410005321,1.0,0.9991715122410757
2006-03-13,1.0168113429308105,1.0,1.0,0.9995425997416411,1.0,0.9991531092001514
2006-03-14,1.0274666246103241,1.0,1.0,0.9995326585816228,1.0,0.9991347064981798
2006-03-15,1.03204391561539,1.0,1.0,0.9995227175204764,1.0,0.9991163041351547
2006-03-16,1.0341749370594149,1.0,1.0,0.9995127765582009,1.0,0.99909790211107
2006-03-17,1.035038685497349,1.0,1.0,0.9995028356947954,1.0,0.9990795004259191
2006-03-20,1.033375040758076,1.0,1.0,0.9994928949302588,1.0,0.9990610990796961
2006-03-21,1.026877213562544,1.0,1.0,0.9994829542645902,1.0,0.9990426980723945
2006-03-22,1.0331368164615704,1.0,1.0,0.9994730136977885,1.0,0.9990242974040082
2006-03-23,1.0309975954262343,1.0,1.0,0.9994630732298528,1.0,0.999005897074531
2006-03-24,1.03178998997382,1.0,1.0,0.9994531328607821,1.0,0.9989874970839565
2006-03-27,1.0302845799009188,1.0,1.0,0.9994431925905755,1.0,0.9989690974322787
2006-03-28,1.0239449001420635,1.0,1.0,0.9994332524192318,1.0,0.9989506981194911
2006-03-29,1.030363958923189,1.0,1.0,0.9994233123467502,1.0,0.9989322991455876
2006-03-30,1.0285415561393754,1.0,1.0,0.9994133723731297,1.0,0.998913900510562
2006-03-31,1.0287790825983225,1.0,1.0,0.9994034324983693,1.0,0.9988955022144078
2006-04-03,1.027986513591347,1.0,1.0,0.9993934927224679,1.0,0.9988771042571191
2006-04-04,1.0345638942685391,1.0,1.0,0.9993835530454248,1.0,0.9988587066386894
2006-04-05,1.0381292335842014,1.0,1.0,0.9993736134672387,1.0,0.9988403093591126
2006-04-06,1.0370197590960086,1.0,1.0,0.9993636739879088,1.0,0.9988219124183825
2006-04-07,1.0264807545996668,1.0,1.0,0.999353734607434,1.0,0.9988035158164926
2006-04-10,1.028065369235449,1.0,1.0,0.9993437953258135,1.0,0.998785119553437
2006-04-11,1.0193491164417,1.0,1.0,0.9993338561430462,1.0,0.9987667236292092
2006-04-12,1.021251247166563,1.0,1.0,0.999323917059131,1.0,0.9987483280438031
2006-04-13,1.0199042462194228,1.0,1.0,0.9993139780740672,1.0,0.9987299327972124
2006-04-17,1.019507961715935,1.0,1.0,0.9993040391878535,1.0,0.9987115378894309
2006-04-18,1.0356726709191737,1.0,1.0,0.9992941004004892,1.0,0.9986931433204523
2006-04-19,1.037654093436612,1.0,1.0,0.9992841617119731,1.0,0.9986747490902704
2006-04-20,1.0390798627981588,1.0,1.0,0.9992742231223043,1.0,0.998656355198879
2006-04-21,1.0392384463833095,1.0,1.0,0.9992642846314819,1.0,0.9986379616462717
2006-04-24,1.037337013496005,1.0,1.0,0.9992543462395048,1.0,0.9986195684324425
2006-04-25,1.0330579608174688,1.0,1.0,0.999244407946372,1.0,0.998601175557385
2006-04-26,1.0332954000467212,1.0,1.0,0.9992344697520826,1.0,0.998582783021093
2006-04-27,1.0382875554802677,1.0,1.0,0.9992245316566357,1.0,0.9985643908235603
2006-04-28,1.0417745625299972,1.0,1.0,0.9992145936600301,1.0,0.9985459989647805
2006-05-01,1.0332954000467214,1.0,1.0,0.9992046557622649,1.0,0.9985276074447476
2006-05-02,1.0410609363968182,1.0,1.0,0.9991947179633393,1.0,0.9985092162634551
2006-05-03,1.0371784299108542,1.0,1.0,0.999184780263252,1.0,0.998490825420897
2006-05-04,1.0409027017304464,1.0,1.0,0.9991748426620022,1.0,0.9984724349170669
2006-05-05,1.0500947925093431,1.0,1.0,0.9991649051595889,1.0,0.9984540447519586
2006-05-08,1.048826472746915,1.0,1.0,0.9991549677560112,1.0,0.9984356549255661
2006-05-09,1.0508869253678446,1.0,1.0,0.9991450304512679,1.0,0.9984172654378827
2006-05-10,1.0503322317385955,1.0,1.0,0.9991350932453582,1.0,0.9983988762889024
2006-05-11,1.037654093436612,1.0,1.0,0.999125156138281,1.0,0.9983804874786192
2006-05-12,1.0241036581866039,1.0,1.0,0.9991152191300355,1.0,0.9983620990070264
2006-05-15,1.0261636746590594,1.0,1.0,0.9991052822206206,1.0,0.9983437108741181
2006-05-16,1.024658351815853,1.0,1.0,0.9990953454100352,1.0,0.998325323079888
2006-05-17,1.0051653063777304,1.0,1.0,0.9990854086982784,1.0,0.9983069356243297
2006-05-18,1.0000935102328292,1.0,1.0,0.9990754720853493,1.0,0.9982885485074371
2006-05-19,1.007145769368526,1.0,1.0,0.9990655355712469,1.0,0.998270161729204
2006-05-22,0.9994601354188682,1.0,1.0,0.9990555991559702,1.0,0.998251775289624
2006-05-23,0.9918528337351432,1.0,1.0,0.9990456628395181,1.0,0.9982333891886911
2006-05-24,0.9997768664406961,1.0,1.0,0.9990357266218898,1.0,0.9982150034263988
2006-05-25,1.0121384481802411,1.0,1.0,0.9990257905030842,1.0,0.9981966180027411
2006-05-26,1.0172888382801593,1.0,1.0,0.9990158544831003,1.0,0.9981782329177116
2006-05-30,0.9992220855817523,1.0,1.0,0.9990059185619372,1.0,0.9981598481713041
2006-05-31,1.0103948138108343,1.0,1.0,0.9989959827395939,1.0,0.9981414637635124
2006-06-01,1.0200623064264045,1.0,1.0,0.9989860470160694,1.0,0.9981230796943302
2006-06-02,1.02220187638052,1.0,1.0,0.9989761113913627,1.0,0.9981046959637514
2006-06-05,1.0073045274130668,1.0,1.0,0.9989661758654729,1.0,0.9980863125717696
2006-06-06,1.0048482264371235,1.0,1.0,0.9989562404383988,1.0,0.9980679295183786
2006-06-07,0.9973202165459739,1.0,1.0,0.9989463051101397,1.0,0.9980495468035723
2006-06-08,0.9964487046652023,1.0,1.0,0.9989363698806945,1.0,0.9980311644273443
2006-06-09,0.9932790392451643,1.0,1.0,0.998926434750062,1.0,0.9980127823896884
2006-06-12,0.9825020721414012,1.0,1.0,0.9989164997182416,1.0,0.9979944006905984
2006-06-13,0.9710919919127616,1.0,1.0,0.9989065647852321,1.0,0.9979760193300681
2006-06-14,0.9786198273445216,1.0,1.0,0.9988966299510326,1.0,0.9979576383080913
2006-06-15,0.9993803202481242,1.0,1.0,0.998886695215642,1.0,0.9979392576246615
2006-06-16,0.9920978619478436,1.0,1.0,0.9988767605790595,1.0,0.9979208772797727
2006-06-19,0.9842983060167738,1.0,1.0,0.9988668260412839,1.0,0.9979024972734186
2006-06-20,0.9876412096106897,1.0,1.0,0.9988568916023144,1.0,0.997884117605593
2006-06-21,0.9949631829627157,1.0,1.0,0.9988469572621498,1.0,0.9978657382762897
2006-06-22,0.9905859968775268,1.0,1.0,0.9988370230207894,1.0,0.9978473592855024
2006-06-23,0.990426889914207,1.0,1.0,0.998827088878232,1.0,0.9978289806332248
2006-06-26,0.9948044249181751,1.0,1.0,0.9988171548344768,1.0,0.9978106023194507
2006-06-27,0.9862086363329483,1.0,1.0,0.9988072208895226,1.0,0.997792224344174
2006-06-28,0.992894356291085,1.0,1.0,0.9987972870433685,1.0,0.9977738467073883
2006-06-29,1.012950731098242,1.0,1.0,0.9987873532960136,1.0,0.9977554694090874
2006-06-30,1.0130308079580705,1.0,1.0,0.9987774196474569,1.0,0.9977370924492652
2006-07-03,1.0171691591388903,1.0,1.0,0.9987674860976973,1.0,0.9977187158279154
2006-07-05,1.0113592253165706,1.0,1.0,0.9987575526467339,1.0,0.9977003395450316
2006-07-06,1.0143040125834077,1.0,1.0,0.9987476192945658,1.0,0.9976819636006078
2006-07-07,1.007697758877236,1.0,1.0,0.998737686041192,1.0,0.9976635879946376
2006-07-10,1.0096080891934105,1.0,1.0,0.9987277528866112,1.0,0.9976452127271148
2006-07-11,1.0140650904493436,1.0,1.0,0.9987178198308229,1.0,0.9976268377980333
2006-07-12,1.0032405831619131,1.0,1.0,0.9987078868738257,1.0,0.9976084632073866
2006-07-13,0.9869247921272765,1.0,1.0,0.9986979540156189,1.0,0.9975900889551688
2006-07-14,0.9831042187246223,1.0,1.0,0.9986880212562014,1.0,0.9975717150413734
2006-07-17,0.9816719943656602,1.0,1.0,0.9986780885955723,1.0,0.9975533414659943
2006-07-18,0.9866857827635177,1.0,1.0,0.9986681560337305,1.0,0.9975349682290252
2006-07-19,1.0003755238361254,1.0,1.0,0.998658223570675,1.0,0.9975165953304599
2006-07-20,0.9935306096849741,1.0,1.0,0.998648291206405,1.0,0.9974982227702921
2006-07-21,0.9865268502595874,1.0,1.0,0.9986383589409193,1.0,0.9974798505485157
2006-07-24,1.0045141367060293,1.0,1.0,0.9986284267742171,1.0,0.9974614786651245
2006-07-25,1.0080959624340091,1.0,1.0,0.9986184947062974,1.0,0.997443107120112
2006-07-26,1.0094489822300905,1.0,1.0,0.998608562737159,1.0,0.9974247359134721
2006-07-27,1.0084935553829188,1.0,1.0,0.9985986308668012,1.0,0.9974063650451988
2006-07-28,1.0186019068760208,1.0,1.0,0.9985886990952229,1.0,0.9973879945152855
2006-07-31,1.0175669265471894,1.0,1.0,0.998578767422423,1.0,0.9973696243237262
2006-08-01,1.0125532253790268,1.0,1.0,0.9985688358484007,1.0,0.9973512544705145
2006-08-02,1.0193978778410937,1.0,1.0,0.998558904373155,1.0,0.9973328849556444
2006-08-03,1.0221040046629513,1.0,1.0,0.9985489729966849,1.0,0.9973145157791096
2006-08-04,1.0203528685397913,1.0,1.0,0.9985390417189892,1.0,0.9972961469409036
2006-08-07,1.0179650428742681,1.0,1.0,0.9985291105400672,1.0,0.9972777784410206
2006-08-08,1.0140650904493438,1.0,1.0,0.9985191794599179,1.0,0.997259410279454
2006-08-09,1.0106425461440733,1.0,1.0,0.9985092484785401,1.0,0.9972410424561977
2006-08-10,1.0137467892930094,1.0,1.0,0.998499317595933,1.0,0.9972226749712456
2006-08-11,1.010881555507832,1.0,1.0,0.9984893868120955,1.0,0.9972043078245914
2006-08-14,1.0116775264729048,1.0,1.0,0.9984794561270268,1.0,0.9971859410162286
2006-08-15,1.0237750639262826,1.0,1.0,0.9984695255407258,1.0,0.9971675745461513
2006-08-16,1.0322913862595444,1.0,1.0,0.9984595950531915,1.0,0.9971492084143532
2006-08-17,1.0349180468294368,1.0,1.0,0.9984496646644229,1.0,0.997130842620828
2006-08-18,1.0401709318207477,1.0,1.0,0.9984397343744191,1.0,0.9971124771655695
2006-08-21,1.0357138433351198,1.0,1.0,0.9984298041831791,1.0,0.9970941120485715
2006-08-22,1.0356339409346809,1.0,1.0,0.9984198740907019,1.0,0.9970757472698276
2006-08-23,1.032768968838588,1.0,1.0,0.9984099440969864,1.0,0.9970573828293319
2006-08-24,1.031893095473076,1.0,1.0,0.9984000142020318,1.0,0.9970390187270779
2006-08-25,1.0331669979359714,1.0,1.0,0.9983900844058371,1.0,0.9970206549630594
2006-08-28,1.0381017562303378,1.0,1.0,0.9983801547084011,1.0,0.9970022915372703
2006-08-29,1.0392952329146254,1.0,1.0,0.9983702251097232,1.0,0.9969839284497042
2006-08-30,1.0399320969163786,1.0,1.0,0.9983602956098021,1.0,0.996965565700355
2006-08-31,1.0397726410342796,1.0,1.0,0.9983503662086369,1.0,0.9969472032892165
2006-09-01,1.045980691183678,1.0,1.0,0.9983404369062266,1.0,0.9969288412162823
2006-09-05,1.0479704877518174,1.0,1.0,0.9983305077025704,1.0,0.9969104794815463
2006-09-06,1.0387380968539222,1.0,1.0,0.998320578597667,1.0,0.9968921180850023
2006-09-07,1.03396270721196,1.0,1.0,0.9983106495915157,1.0,0.9968737570266439
2006-09-08,1.0369076689381866,1.0,1.0,0.9983007206841154,1.0,0.9968553963064651
2006-09-11,1.0379426492670183,1.0,1.0,0.9982907918754651,1.0,0.9968370359244595
2006-09-12,1.0481300308636112,1.0,1.0,0.9982808631655639,1.0,0.996818675880621
2006-09-13,1.0523481972151751,1.0,1.0,0.9982709345544106,1.0,0.9968003161749432
2006-09-14,1.0524280123859195,1.0,1.0,0.9982610060420045,1.0,0.9967819568074201
2006-09-15,1.0548982701130312,1.0,1.0,0.9982510776283445,1.0,0.9967635977780452
2006-09-18,1.0563371239287982,1.0,1.0,0.9982411493134296,1.0,0.9967452390868125
2006-09-19,1.053698861809497,1.0,1.0,0.9982312210972588,1.0,0.9967268807337156
2006-09-20,1.0592949084201608,1.0,1.0,0.9982212929798312,1.0,0.9967085227187485
2006-09-21,1.0541780145230468,1.0,1.0,0.9982113649611457,1.0,0.9966901650419048
2006-09-22,1.0509805228303668,1.0,1.0,0.9982014370412015,1.0,0.9966718077031782
2006-09-25,1.0590547650703694,1.0,1.0,0.9981915092199974,1.0,0.9966534507025626
2006-09-26,1.0678487395221876,1.0,1.0,0.9981815814975326,1.0,0.9966350940400518
2006-09-27,1.0691277885370765,1.0,1.0,0.998171653873806,1.0,0.9966167377156395
2006-09-28,1.0687277531567123,1.0,1.0,0.9981617263488167,1.0,0.9965983817293196
2006-09-29,1.0678487395221876,1.0,1.0,0.9981517989225637,1.0,0.9965800260810856
2006-10-02,1.0638517004469479,1.0,1.0,0.9981418715950459,1.0,0.9965616707709315
2006-10-03,1.066089927185885,1.0,1.0,0.9981319443662624,1.0,0.996543315798851
2006-10-04,1.078560633273628,1.0,1.0,0.9981220172362123,1.0,0.996524961164838
2006-10-05,1.080638880752297,1.0,1.0,0.9981120902048946,1.0,0.996506606868886
2006-10-06,1.0792798421072745,1.0,1.0,0.998102163272308,1.0,0.9964882529109891
2006-10-09,1.0799192357701768,1.0,1.0,0.9980922364384521,1.0,0.9964698992911408
2006-10-10,1.0813582640453334,1.0,1.0,0.9980823097033255,1.0,0.9964515460093349
2006-10-11,1.0800795639492238,1.0,1.0,0.9980723830669272,1.0,0.9964331930655654
2006-10-12,1.0894320701368623,1.0,1.0,0.9980624565292565,1.0,0.9964148404598259
2006-10-13,1.0922303115164314,1.0,1.0,0.9980525300903121,1.0,0.9963964881921102
2006-10-16,1.0939093086819898,1.0,1.0,0.9980426037500933,1.0,0.996378136262412
2006-10-17,1.090471848098908,1.0,1.0,0.998032677508599,1.0,0.9963597846707253
2006-10-18,1.0919108763740646,1.0,1.0,0.9980227513658282,1.0,0.9963414334170436
2006-10-19,1.0936692525618932,1.0,1.0,0.9980128253217799,1.0,0.9963230825013608
2006-10-20,1.0939093086819895,1.0,1.0,0.9980028993764531,1.0,0.9963047319236707
2006-10-23,1.0989454278817166,1.0,1.0,0.997992973529847,1.0,0.9962863816839671
2006-10-24,1.1022229964342254,1.0,1.0,0.9979830477819603,1.0,0.9962680317822438
2006-10-25,1.1059805899972321,1.0,1.0,0.9979731221327924,1.0,0.9962496822184943
2006-10-26,1.1094179633506192,1.0,1.0,0.997963196582342,1.0,0.9962313329927127
2006-10-27,1.102463052554322,1.0,1.0,0.9979532711306083,1.0,0.9962129841048926
2006-10-30,1.101663156252983,1.0,1.0,0.9979433457775903,1.0,0.9961946355550279
2006-10-31,1.1015036131411893,1.0,1.0,0.9979334205232868,1.0,0.9961762873431121
2006-11-01,1.0940690262531731,1.0,1.0,0.9979234953676971,1.0,0.9961579394691393
2006-11-02,1.0934296325902708,1.0,1.0,0.9979135703108201,1.0,0.9961395919331032
2006-11-03,1.0915106665343108,1.0,1.0,0.9979036453526549,1.0,0.9961212447349975
2006-11-06,1.10382182951026,1.0,1.0,0.9978937204932002,1.0,0.9961028978748161
2006-11-07,1.1080587502462065,1.0,1.0,0.9978837957324556,1.0,0.9960845513525525
2006-11-08,1.1104565200969374,1.0,1.0,0.9978738710704196,1.0,0.9960662051682008
2006-11-09,1.1046209407443457,1.0,1.0,0.9978639465070914,1.0,0.9960478593217545
2006-11-10,1.1051005296063698,1.0,1.0,0.99785402204247,1.0,0.9960295138132076
2006-11-13,1.1078187813558051,1.0,1.0,0.9978440976765545,1.0,0.9960111686425538
2006-11-14,1.1161322946486512,1.0,1.0,0.9978341734093439,1.0,0.9959928238097868
2006-11-15,1.1193299608007208,1.0,1.0,0.9978242492408371,1.0,0.9959744793149005
2006-11-16,1.1222083662698132,1.0,1.0,0.9978143251710332,1.0,0.9959561351578885
2006-11-17,1.1225274524934006,1.0,1.0,0.9978044011999312,1.0,0.9959377913387448
2006-11-20,1.123167282304777,1.0,1.0,0.9977944773275301,1.0,0.995919447857463
2006-11-21,1.124286875437567,1.0,1.0,0.9977845535538291,1.0,0.995901104714037
2006-11-22,1.126524753257725,1.0,1.0,0.9977746298788269,1.0,0.9958827619084605
2006-11-24,1.1219679612309377,1.0,1.0,0.9977647063025228,1.0,0.9958644194407273
2006-11-27,1.1065397323409163,1.0,1.0,0.9977547828249157,1.0,0.9958460773108312
2006-11-28,1.111336144339326,1.0,1.0,0.9977448594460046,1.0,0.9958277355187659
2006-11-29,1.122927487873765,1.0,1.0,0.9977349361657885,1.0,0.9958093940645253
2006-11-30,1.123407076735789,1.0,1.0,0.9977250129842665,1.0,0.9957910529481031
2006-12-01,1.12092905556584,1.0,1.0,0.9977150899014375,1.0,0.995772712169493
2006-12-04,1.1294823632896982,1.0,1.0,0.9977051669173007,1.0,0.995754371728689
2006-12-05,1.134359113837021,1.0,1.0,0.9976952440318549,1.0,0.9957360316256847
2006-12-06,1.1333996744238886,1.0,1.0,0.9976853212450993,1.0,0.9957176918604739
2006-12-07,1.12844380654338,1.0,1.0,0.9976753985570329,1.0,0.9956993524330504
2006-12-08,1.1305223157111337,1.0,1.0,0.9976654759676546,1.0,0.995681013343408
2006-12-11,1.133799535344863,1.0,1.0,0.9976555534769636,1.0,0.9956626745915405
2006-12-12,1.1329204344806436,1.0,1.0,0.9976456310849587,1.0,0.9956443361774415
2006-12-13,1.1341190577169247,1.0,1.0,0.9976357087916391,1.0,0.9956259981011051
2006-12-14,1.144111917094108,1.0,1.0,0.9976257865970036,1.0,0.9956076603625248
2006-12-15,1.144216679957566,1.0,1.0,0.9976158645010514,1.0,0.9955893229616944
2006-12-18,1.1410812958075853,1.0,1.0,0.9976059425037817,1.0,0.9955709858986079
2006-12-19,1.1432515706142712,1.0,1.0,0.997596020605193,1.0,0.9955526491732588
2006-12-20,1.1426085133041872,1.0,1.0,0.9975860988052848,1.0,0.9955343127856411
2006-12-21,1.1384284663292519,1.0,1.0,0.9975761771040559,1.0,0.9955159767357485
2006-12-22,1.131434912778157,1.0,1.0,0.9975662555015054,1.0,0.9954976410235747
2006-12-26,1.13810693767421,1.0,1.0,0.9975563339976322,1.0,0.9954793056491137
2006-12-27,1.1455829586672572,1.0,1.0,0.9975464125924354,1.0,0.9954609706123589
2006-12-28,1.1431717554435268,1.0,1.0,0.997536491285914,1.0,0.9954426359133045
2006-12-29,1.1384284663292519,1.0,1.0,0.997526570078067,1.0,0.9954243015519441
2007-01-03,1.136418955850087,1.0,1.0,0.9975166489688936,1.0,0.9954059675282714
2007-01-04,1.138830333533207,1.0,1.0,0.9975067279583926,1.0,0.9953876338422802
2007-01-05,1.1297468437243394,1.0,1.0,0.997496807046563,1.0,0.9953693004939644
2007-01-08,1.134972076902398,1.0,1.0,0.9974868862334039,1.0,0.9953509674833178
2007-01-09,1.1340072292481878,1.0,1.0,0.9974769655189144,1.0,0.995332634810334
2007-01-10,1.1377852345597783,1.0,1.0,0.9974670449030935,1.0,0.9953143024750069
2007-01-11,1.1427692776317082,1.0,1.0,0.99745712438594,1.0,0.9952959704773302
2007-01-12,1.1514512491553999,1.0,1.0,0.9974472039674531,1.0,0.9952776388172978
2007-01-16,1.1492003741107164,1.0,1.0,0.997437283647632,1.0,0.9952593074949033
2007-01-17,1.1496824926338898,1.0,1.0,0.9974273634264753,1.0,0.9952409765101408
2007-01-18,1.1458236253952172,1.0,1.0,0.9974174433039823,1.0,0.9952226458630037
2007-01-19,1.1480742387508163,1.0,1.0,0.9974075232801519,1.0,0.9952043155534861
2007-01-22,1.1445379469235233,1.0,1.0,0.9973976033549833,1.0,0.9951859855815816
2007-01-23,1.1479144339499379,1.0,1.0,0.9973876835284753,1.0,0.995167655947284
2007-01-24,1.1571583391675473,1.0,1.0,0.997377763800627,1.0,0.9951493266505871
2007-01-25,1.143573099269313,1.0,1.0,0.9973678441714375,1.0,0.9951309976914846
2007-01-26,1.142528174755274,1.0,1.0,0.9973579246409057,1.0,0.9951126690699705
2007-01-29,1.1418849429858005,1.0,1.0,0.9973480052090307,1.0,0.9950943407860384
2007-01-30,1.1478338337119405,1.0,1.0,0.9973380858758114,1.0,0.9950760128396823
2007-01-31,1.1555510448111166,1.007397289308687,1.0065205832407553,1.0038313279701812,1.0065791230633923,1.001604292197204
2007-02-01,1.162463998124214,1.0105279064544777,1.0115783832327188,1.0088655803799367,1.010239698060513,1.0052282605435063
2007-02-02,1.1640716413994239,1.0118771185796829,1.014725204644383,1.0119938976983187,1.0146200606231603,1.009568298820926
2007-02-05,1.1643934317435503,1.0126022896207174,1.0154864798289172,1.012743051232062,1.015484840690514,1.0104101627946187
2007-02-06,1.164715047628287,1.0149961482277627,1.0156953244256761,1.0129412570968825,1.0132197980405455,1.0081378707042437
2007-02-07,1.167286753490454,1.017543045118286,1.0163433767430903,1.013577471367373,1.0190564798559723,1.013926602782373
2007-02-08,1.1657594487641574,1.0170678984603414,1.0164086511395647,1.0136324867300706,1.017236945524145,1.0120975864307171
2007-02-09,1.1570780006186345,1.0102154991222634,1.011977372172107,1.0092032737796717,1.006842375237632,1.0017370817202904
2007-02-12,1.153139667127997,1.0072301691809435,1.0077627672001364,1.0049902267178608,1.001271162190293,0.9961757698555292
2007-02-13,1.1628656908687796,1.0114517088864772,1.014956099427087,1.0121537020800613,1.0063298584324927,1.0011902822167253
2007-02-14,1.1705027378784323,1.0192866805397862,1.0231881318410947,1.020352856778941,1.0222067130546917,1.0169673186495527
2007-02-15,1.1720303042938136,1.0212880660433756,1.0234862734747703,1.0206400211663078,1.0248520181924485,1.0195802858028655
2007-02-16,1.1714672366138634,1.0224275435758217,1.0224705332663797,1.0196169647542221,1.0227338140506999,1.0174542373605204
2007-02-20,1.1739593017646759,1.0246555089457108,1.0231333678982495,1.0202678021219882,1.0259565485225375,1.0206415365403094
2007-02-21,1.1734770960118077,1.0237107852407448,1.022183020596721,1.0193099786674338,1.0264178286107655,1.0210816200129604
2007-02-22,1.1725926741362052,1.021032026859285,1.022669948936523,1.0197853958116516,1.0362784322927387,1.0308719724799509
2007-02-23,1.16801067272762,1.0215548982009242,1.02232256125433,1.019428848930933,1.0354338714549072,1.0300128464398233
2007-02-26,1.1669655737541913,1.0237199022066428,1.0249482188926609,1.0220369095896191,1.0327258068510576,1.0273000384678597
2007-02-27,1.1213869242338586,1.0049038901952496,0.9891484513671667,0.9863290195046978,0.9954529279595049,0.9902047468136509
2007-02-28,1.1328817044961512,1.0092644005916342,0.991925557278682,0.9890883723739237,0.9985333229112008,0.9932506071238836
2007-03-01,1.1295056536182104,1.0072036617764144,0.990985385261176,0.9881410616503228,0.9975924114228588,0.9922963967548322
2007-03-02,1.1147145504190266,1.0013100164410114,0.9833146438558988,0.9804825850949342,0.9893360099034341,0.9840657016358998
2007-03-05,1.1041037558838622,0.996257043329206,0.9793457454081294,0.9765154052942877,0.9848612467240265,0.9795967332025589
2007-03-06,1.1229943930496789,1.0052937615933646,0.9854019686114184,0.9825443536237788,0.9917459365924014,0.986426452763335
2007-03-07,1.121868606608558,1.0062512897972504,0.9861111725186735,0.983241721742721,0.9927084602269091,0.9873656277237772
2007-03-08,1.1313543997698545,1.0109999965752192,0.9888564608059918,0.9859692153500396,0.9959053500909355,0.9905270675222191
2007-03-09,1.131676190113981,1.0069205412468618,0.9853636515457844,0.9824768328059607,0.9926878526646664,0.9873087609697743
2007-03-12,1.1333643463974936,1.0093986547754006,0.988722091301795,0.9858156286118677,0.9959155830845048,0.9905007575647969
2007-03-13,1.1113384123113912,1.0000581375523199,0.9825220139929624,0.97962403399314,0.9887211800285239,0.9833273591608291
2007-03-14,1.1196181677123487,1.0027117582554896,0.9831198074251613,0.9802103152308558,0.9899237517491842,0.9845052371838564
2007-03-15,1.1211455596683404,1.0034881120107892,0.9872222494005222,0.9842908266738063,0.9942478909786945,0.9887874953877844
2007-03-16,1.1180059884930091,1.0017124034884812,0.9874279981570595,0.9844861729767249,0.9939228094587164,0.9884459933805755
2007-03-19,1.1314839358666364,1.0081106547143732,0.9901465662321257,0.9871868233036761,0.9974481576048476,0.9919336457211627
2007-03-20,1.1376983537837553,1.0116577320454994,0.995836641108479,0.9928500147308008,1.00350404460794,0.9979376713717318
2007-03-21,1.1564218588543302,1.0218277919819354,1.0018895762106197,0.9988748617803409,1.0103458457396253,1.0047230158358087
2007-03-22,1.1555338605612409,1.0181234820012224,1.0002581900549234,0.9972384661698915,1.0097929800075378,1.004154731777199
2007-03-23,1.1572289952203376,1.0178762884595969,0.9985662808746555,0.9955417633020689,1.0084987570276969,1.002849264060895
2007-03-26,1.1556954971857099,1.0175712289358165,0.9999660457507145,0.9969273732377851,1.0099907096767404,1.0043143608602318
2007-03-27,1.1529516871356975,1.0154350836714956,0.9972326779952133,0.9941924235267123,1.0072860027179933,1.0016064066656107
2007-03-28,1.1445581842127177,1.010176024164199,0.9955980431184157,0.9925529004061612,1.0055557655521523,0.9998675092667488
2007-03-29,1.145769019606271,1.0102694890604798,0.9968377753453519,0.9937789568451625,1.007281166047475,1.0015647020085832
2007-03-30,1.1460109075499583,1.0096210913718306,0.995066501674303,0.9920032520920994,1.0049887813686145,0.9992669218019785
2007-04-02,1.1473017325736454,1.0109735708280576,1.0007534748390534,0.9976627957052576,1.0112232684016806,1.0054473940833617
2007-04-03,1.1596494447917167,1.01699695622716,1.0030670843941634,0.9999593146158939,1.0139711679818595,1.0081610293397103
2007-04-04,1.1609414038014365,1.0180929021159333,1.0061147797139927,1.0029875918393656,1.0169245584804087,1.011078873969188
2007-04-05,1.1640888256492998,1.0182232419599797,1.0069383758121426,1.003798644462231,1.0182398669269193,1.0123679750618264
2007-04-09,1.1657025750031458,1.0163780011472558,1.0046505501739211,1.0015079916795602,1.0161496731089887,1.0102712269595309
2007-04-10,1.167074698102389,1.018308570032732,1.0078213902286526,1.0046589211652306,1.0197347873221303,1.0138169280868434
2007-04-11,1.1623130907522055,1.0155362994570902,1.0052320491786064,1.0020677389026549,1.0168499846960692,1.0109302469675836
2007-04-12,1.1674780482111555,1.0183366320242095,1.0065442513432545,1.0033658311800115,1.0187965162025445,1.0128467912023686
2007-04-13,1.1728049039836592,1.0198661918181604,1.0095464363983775,1.0063485271208648,1.0219456335436374,1.0159588052634176
2007-04-16,1.1839421297269566,1.0279245518102031,1.0148692797787995,1.011644447872045,1.0274004915934958,1.021362895194619
2007-04-17,1.1870891154263459,1.0318638232160833,1.019096717695103,1.0158483493185113,1.0314123419121568,1.0253322843468937
2007-04-18,1.1885426238308399,1.0346838236704388,1.0221573891347202,1.0188891311993755,1.0341559180807716,1.0280407523363737
2007-04-19,1.1882191761225123,1.033813298503844,1.0203166048036663,1.0170441172879447,1.0319594261519405,1.025838354146101
2007-04-20,1.1994374382522812,1.038593720420629,1.024589336642322,1.0212929875005319,1.03701509389499,1.0308450474097464
2007-04-23,1.1949179805348695,1.0377537887683,1.0262309490107329,1.022919144651496,1.038695470169665,1.0324964085797124
2007-04-24,1.1954022798004131,1.0395543457033225,1.0277963317794732,1.0244692865154916,1.0401595779567987,1.0339327347582148
2007-04-25,1.2063779561489363,1.0438296257504776,1.0287264095950106,1.0253861553131827,1.0419802005012733,1.0357233816564624
2007-04-26,1.2077501664778743,1.0415223670831144,1.0236005592559358,1.0202668011308391,1.0371768344840837,1.0309298702715026
2007-04-27,1.206781742406177,1.0409260266478162,1.0225050176909347,1.0191646912117178,1.0358502714502473,1.0295923334983657
2007-04-30,1.1967743156699615,1.0401085236883456,1.0236449888453052,1.0202907906840029,1.036175484054787,1.029896612084087
2007-05-01,1.199840788361048,1.0420085886240444,1.024197315740441,1.0208311547676976,1.0369952424619095,1.030692419081215
2007-05-02,1.2068623426441745,1.0454320612657564,1.0257149229477642,1.0223336062228148,1.0389774166983605,1.0326435258382436
2007-05-03,1.213399335972673,1.0478839129475008,1.027023580958549,1.0236277693765212,1.0405841592898737,1.0342214243353276
2007-05-04,1.2179998300765562,1.0519774775756603,1.0302855473540815,1.0268687371738,1.0435961022348048,1.0371958467781615
2007-05-07,1.2182413691014642,1.0532427619754832,1.0337928503354255,1.030354160928842,1.0472546960154339,1.0408128324655068
2007-05-08,1.2166279686663974,1.051457282714032,1.0301469669035486,1.0267101932809106,1.0435924868146038,1.0371540472460625
2007-05-09,1.2199367654496454,1.0515123981155385,1.0286718704606317,1.0252298213118294,1.042368614133361,1.0359186450302338
2007-05-10,1.2071851797446382,1.0459181544310185,1.0219829030489942,1.0185531055866592,1.0348710044794431,1.0284484864676775
2007-05-11,1.2175151818922334,1.0498224399032767,1.0231951681464608,1.0197511600460125,1.0371072703291748,1.0306518906113378
2007-05-14,1.2148518848505239,1.0473494762177105,1.0218371427923392,1.018387577029107,1.0358699665385676,1.0294033280966488
2007-05-15,1.2151747219509879,1.0473737612098255,1.0238787932812357,1.0204121863947098,1.038110121372553,1.0316104974260774
2007-05-16,1.2234876246359703,1.051386876943092,1.0258050308446436,1.0223217343660693,1.0405729259803544,1.034038836786576
2007-05-17,1.221066215537948,1.0484156000656988,1.02194893095771,1.018468599032761,1.037478459118741,1.030944812468226
2007-05-18,1.2317196653938705,1.0511241907043734,1.0230625227727344,1.0195682579881655,1.0395067195717176,1.032941274331608
2007-05-21,1.2310734678147737,1.0520507021439476,1.0232895898287075,1.019784406917756,1.0398724321384716,1.033285645369851
2007-05-22,1.2301046948242973,1.049381872572012,1.020523076898114,1.0170172553603412,1.0369857273558014,1.030398247093182
2007-05-23,1.2302666803675455,1.0482552108315024,1.0176195241823855,1.0141135910930352,1.0340677157592626,1.0274798474644047
2007-05-24,1.2191297163133326,1.0429496671814604,1.0119902937011225,1.0084937243192058,1.02753222579528,1.0209671891609398
2007-05-25,1.224213724615506,1.044595372101159,1.0124604293497528,1.0089522007377987,1.028694235334402,1.0221029487246893
2007-05-29,1.2286524076355305,1.046819305994511,1.0134139738453276,1.0098923969555813,1.029476740531687,1.0228616003553896
2007-05-30,1.2386602705202199,1.0528079311284544,1.016261533172991,1.012719988798943,1.0332679675159715,1.026609557185152
2007-05-31,1.2373685731995847,1.0513707887896417,1.0176124461834835,1.014056108439043,1.0368552902897135,1.0301547890917202
2007-06-01,1.243502390878706,1.0522885646527584,1.0191087383688895,1.015537071066613,1.0387008239267814,1.0319693888089845
2007-06-04,1.2436638530437854,1.054288473684624,1.0212492960190103,1.0176600052597042,1.0399802753453453,1.033221518042379
2007-06-05,1.2387406962988277,1.0491357982773541,1.0156586399601102,1.012078932221445,1.0356111028307808,1.028861790232559
2007-06-06,1.2254242983199746,1.0421724736175666,1.00671449918452,1.0031563380356843,1.0267931353204824,1.0200825028859593
2007-06-07,1.2033110473093749,1.0234202135845905,0.9891395333770505,0.9856336867775107,1.0106413020309482,1.0040177376695214
2007-06-08,1.2189684286076423,1.0310684035308288,0.9952517418904138,0.9917143681462733,1.0202780287175937,1.0135726383246861
2007-06-11,1.2210662155379475,1.0309519616462168,0.9992960204937079,0.9957343689884055,1.0212914927545478,1.0145607549248277
2007-06-12,1.2077501664778736,1.0182349100135417,0.9875844420921341,0.9840547453134869,1.0108519102032565,1.0041714781137672
2007-06-13,1.225827822888131,1.0322262865999055,1.001520051271633,0.9979306224117934,1.024838557833564,1.018046940937757
2007-06-14,1.2336563390778752,1.0351410869589357,1.0058405733366933,1.0022256918633443,1.0293295385645074,1.0224893270254978
2007-06-15,1.240675887078021,1.041514717215024,1.01313582911523,1.0094846891461429,1.0378272849234025,1.030911615255431
2007-06-18,1.2392166215136702,1.0399334074015616,1.0102613618908214,1.0066105693741874,1.0368143053362222,1.0298864166560746
2007-06-19,1.2422967020371458,1.0453690344639022,1.0123817966409085,1.0087133090170548,1.03835517075676,1.0313979892214422
2007-06-20,1.22503316036848,1.0332795229930727,0.9995177675914969,0.9958859894385087,1.0275732818916496,1.0206695417637517
2007-06-21,1.2318403912914766,1.0347479072713068,1.0035414610088746,0.9998851179781869,1.0339220968367628,1.0269567871165677
2007-06-22,1.2202500945133752,1.0315918826227473,0.9948526130643299,0.9912180688644867,1.0247975192470418,1.0178749319626808
2007-06-25,1.2144144279310887,1.0308979252278534,0.9929811182709516,0.9893435714741811,1.0212417866262986,1.014324536115544
2007-06-26,1.2019322947533266,1.0246382628376298,0.9878288959835493,0.9842004344416344,1.0173727053257402,1.010463050187237
2007-06-27,1.219033938108439,1.033774864621623,0.9971879587884317,0.9935152385241088,1.028405794468841,1.0214023934365957
2007-06-28,1.2188724759433596,1.0335949117693504,0.9969615653834205,0.9932797999732061,1.0279404330044053,1.0209213970813622
2007-06-29,1.2192771344975484,1.0380676454292148,0.9988179510574081,0.9951194327733968,1.0275389990627348,1.0205039079380636
2007-07-02,1.2303011360969922,1.0458818448086156,1.0079465090013873,1.004204201000901,1.0383713125339757,1.0312430634026362
2007-07-03,1.234758835190484,1.0456046114590207,1.0104111889989287,1.0066497181793457,1.0424566409436498,1.0352812782286953
2007-07-05,1.2334617296287709,1.0402584210311938,1.007675395498165,1.003914124515242,1.0413376136085226,1.0341509056494682
2007-07-06,1.2399460362216088,1.0418517442500999,1.0106133597388178,1.006831108698003,1.0467323456339344,1.039489260386854
2007-07-09,1.240918472859267,1.043839732353218,1.0130634938177032,1.0092620351495216,1.051179732514711,1.0438866456642404
2007-07-10,1.2232494875691593,1.0419988636995188,1.0053503484599005,1.0015678714950669,1.044369120858072,1.0371041839952773
2007-07-11,1.2319218638264227,1.0421264938378798,1.0080435519118596,1.0042409541930144,1.0465754566696501,1.039276029839526
2007-07-12,1.2513744346861568,1.0505661946069538,1.020548557347125,1.0166886757636913,1.0623278450400266,1.0548991220715276
2007-07-13,1.2551029807607945,1.053594268359808,1.0260239282205352,1.0221331719484195,1.0672765739976864,1.0597937252409342
2007-07-16,1.2549408207581567,1.057563796427843,1.0238272200270777,1.0199346497555648,1.0658522911567967,1.0583599347274062
2007-07-17,1.2542923552069951,1.056341239259609,1.02247233193667,1.0185747823727984,1.0667287937511927,1.0592107667685153
2007-07-18,1.2520229002373189,1.0567867256023558,1.0244570607872543,1.0205417955473017,1.0687137821232324,1.0611622202946023
2007-07-19,1.256885868492863,1.0591505314311067,1.0290263824590875,1.0250834589234024,1.0736055686890864,1.0659998070919918
2007-07-20,1.2441610623041603,1.0565460582999282,1.0225199204180873,1.018591796994345,1.068053415248933,1.060467454496072
2007-07-23,1.247970034157406,1.0577986561243198,1.0247173605506752,1.0207706430285644,1.0696543537871719,1.0620374609162768
2007-07-24,1.2263289574847722,1.0483702483859318,1.010368264391237,1.0064668025478676,1.0534864899399254,1.0459654614166671
2007-07-25,1.228841957762337,1.0504870936201487,1.013010805178792,1.0090891031542941,1.058140937575266,1.0505673300967215
2007-07-26,1.199743876170123,1.039067375480785,0.9953907498910017,0.9915273994244072,1.0397763299415903,1.0323151526718395
2007-07-27,1.1761579262221729,1.0280047268657555,0.9778567455224201,0.9740517610043173,1.0214396281013511,1.0140913522768271
2007-07-30,1.1945561517608292,1.0364755847316944,0.9876191775789037,0.98376642164878,1.0322936100703655,1.0248483739709058
2007-07-31,1.1811019308641881,1.0324725783816469,0.9871528481851988,0.9832921317964547,1.0312163543758075,1.0237600315266178
2007-08-01,1.1868567355193929,1.0345968655831705,0.99293973380326,0.9890465482627978,1.038064672991842,1.0305398514824566
2007-08-02,1.1963399990195402,1.0406018996322683,0.9967472503129564,0.992829261513871,1.0423173135060602,1.0347426065023329
2007-08-03,1.1655397171629502,1.0272910476702057,0.9935090692005042,0.9895939666498713,1.0377236836645918,1.0301633851854186
2007-08-06,1.1850734988685456,1.034630231563256,1.0021036058665116,0.9981447076307493,1.0482397556052638,1.0405836765275465
2007-08-07,1.1977176175895559,1.0409218710736168,1.0048539315272356,1.0008742133857276,1.051483470125069,1.0437844746837763
2007-08-08,1.2144144279310898,1.0445683505493197,1.0074701466079101,1.0034700866408952,1.0553223655695785,1.0475759666895532
2007-08-09,1.1784267705839855,1.0265773625021262,0.997576237024392,0.993605577630459,1.0440325639061634,1.0363499475736588
2007-08-10,1.1729151623178902,1.0227450583764799,0.9943229630113398,0.9903554027610104,1.0400684887965244,1.03239602717045
2007-08-13,1.1771299267113569,1.0261380203639738,0.9956332496269912,0.9916505982876298,1.0414745662444829,1.0337726914656624
2007-08-14,1.1591361852674995,1.0178201083041651,0.9908575545506745,0.9868841911984682,1.0356718846943873,1.0279939874441522
2007-08-15,1.1431693130120728,1.0079498090517187,0.9867647517732482,0.9827980259410464,1.0311303717956393,1.0234672919294527
2007-08-16,1.1517606528828648,1.0166551752428497,0.9893046372072554,0.9853179014290759,1.0338541921340845,1.0261519692543846
2007-08-17,1.1729151623178902,1.026225758616909,0.9912568761635886,0.9872524541584573,1.036194885635203,1.028456281802711
2007-08-20,1.172348605450148,1.026164955847201,0.9945921123377645,0.9905643648759923,1.0399105327565583,1.032125169052669
2007-08-21,1.174698573428127,1.029384333772974,0.996777272144749,0.9927308020459679,1.0420447954869143,1.0342244044677766
2007-08-22,1.1886390998732919,1.0360532946459684,0.9992489978719469,0.9951825957766117,1.044986150392703,1.037124582519192
2007-08-23,1.1875859757679414,1.0369298332871093,1.0015865814619889,0.9975007457167853,1.0475176054757769,1.0396178447873399
2007-08-24,1.2022568764476878,1.0466558080769457,1.0072471058919013,1.0031282018893302,1.0535081239526163,1.0455439288061312
2007-08-27,1.19107132545347,1.0430051556350268,1.0033359836773081,0.9992231352225969,1.0486432262501257,1.040696640007375
2007-08-28,1.1648912516117886,1.029958335916224,0.998373939394288,0.9942715423869258,1.0427731662275619,1.034852002553858
2007-08-29,1.187747525162716,1.0409658526802543,1.0031801058580891,0.9990480235949433,1.0484393629803164,1.04045599368648
2007-08-30,1.1845869316309374,1.0420886976279236,1.0046178417058524,1.0004698869510185,1.0496532523146076,1.0416414542098553
2007-08-31,1.1962586137142897,1.0485778288404883,1.0068678917463705,1.0027006741179758,1.0519580934459938,1.0439094755470995
2007-09-04,1.2083353905003047,1.0551284894540829,1.0141240681537858,1.009916774275938,1.0600699586406068,1.0519399008920782
2007-09-05,1.1978795159031095,1.0530338845728788,1.0154834535240476,1.0112604621651557,1.060941832759388,1.052785697414456
2007-09-06,1.2006354508806993,1.0534020678167677,1.016834151544825,1.0125954720904031,1.0622868668116954,1.0541009762277735
2007-09-07,1.1839386405391654,1.0505752909792332,1.0199776326359298,1.0157157474472085,1.0645873616116206,1.0563642868210514
2007-09-10,1.1816691855694892,1.0526246214964543,1.0235440918143088,1.0192571671591273,1.0681164914200332,1.0598466360280432
2007-09-11,1.1954483370792695,1.0596653439560217,1.0276505587212292,1.0233362569847402,1.072678587374169,1.0643538061612776
2007-09-12,1.1985282431433557,1.0597186617765761,1.0288580586927227,1.0245284978435003,1.0743886845317556,1.0660309968562827
2007-09-13,1.206957771930289,1.0604001523278639,1.025857627894389,1.0215305332791607,1.071756853570242,1.0634000525699396
2007-09-14,1.2068762993953437,1.0609715647740146,1.0267671395679907,1.022426039755266,1.0727101723466241,1.0643263345985097
2007-09-17,1.2003925161806746,1.0595817111188137,1.0285116958924505,1.0241530341877811,1.0741155457112288,1.0657010954097543
2007-09-18,1.2357311845984484,1.075107067577872,1.0367477141791817,1.0323438821030788,1.0838587223031613,1.07534813905662
2007-09-19,1.2430262039747806,1.0749342007483782,1.0355458491296694,1.0311368667713208,1.0832098066331433,1.0746845245201835
2007-09-20,1.2342722679528768,1.0622599829374246,1.0281699751129583,1.0237822142360316,1.0757373118392284,1.0672511838492924
2007-09-21,1.2376033955379944,1.067588129527838,1.0319125867499765,1.0274986348079849,1.0795301642699662,1.0709943894898464
2007-09-24,1.2353228623970782,1.0676226784181222,1.033005613536613,1.0285767562028563,1.080605845936261,1.0720418202593673
2007-09-25,1.2328791224971865,1.0648531629584168,1.0315479577319102,1.027115134389749,1.0791008504487922,1.0705290344852323
2007-09-26,1.2393943084019843,1.068617548834727,1.0340696054498866,1.0296157055873516,1.0820582086514716,1.0734431296103113
2007-09-27,1.2467241324265428,1.0753759107489522,1.0377524452109723,1.0332724060512952,1.0855884285288735,1.076925407251913
2007-09-28,1.2425712138866911,1.074198453692183,1.0366922291027867,1.0322065008314578,1.08396323006081,1.0752933724649905
2007-10-01,1.2565781221296008,1.083918718799624,1.0431811131913433,1.0386569774797116,1.0909756703217615,1.0822297919602353
2007-10-02,1.2548683328817773,1.084399749045977,1.0418174017744655,1.0372888636192288,1.089626592007112,1.0808716204360824
2007-10-03,1.2523429459875504,1.0818255759923765,1.039870916093699,1.0353405415610548,1.087711775861548,1.0789523166915183
2007-10-04,1.254297850677769,1.0844937950344664,1.0438205606874984,1.0392626425495144,1.0916876307206465,1.0828762084600467
2007-10-05,1.2692009568050795,1.087558486945136,1.043889942016345,1.0393213840287132,1.0925276688842382,1.0836895062727125
2007-10-08,1.262441789443919,1.0837385124860222,1.0405989945607388,1.0360345351209181,1.088913552853166,1.0800847334713355
2007-10-09,1.2743312840751932,1.0893219205730185,1.0445278031351128,1.0399357674583503,1.09346190890005,1.0845762354117476
2007-10-10,1.2722136960041681,1.088483069779526,1.045031498062989,1.0404269001164803,1.0938932123196468,1.0849840500499919
2007-10-11,1.2661062216928771,1.0849030219650333,1.0462819590640948,1.0416614911947604,1.0952220489107154,1.0862820561558075
2007-10-12,1.2731101555776534,1.0863853079184753,1.046151078519889,1.0415208298635754,1.0952572689034166,1.0862969805450358
2007-10-15,1.2623599679901947,1.0809799588750066,1.0438830185600323,1.039252472096714,1.0924132787573346,1.0834563012618172
2007-10-16,1.2523429459875508,1.0759815660861183,1.0421862272689777,1.0375528882771086,1.0903397242823754,1.0813798308481517
2007-10-17,1.256171021143958,1.0826672826793897,1.0465332574420254,1.0418702302343255,1.094715681372073,1.0856998312893087
2007-10-18,1.2516099548621256,1.0827024931699172,1.0491820554400864,1.0444968376459423,1.0968595701680657,1.0878060275571508
2007-10-19,1.2188728248621412,1.072173483635887,1.0474458524257675,1.0427580167327943,1.0937786758501942,1.0847305838583747
2007-10-22,1.2259579695927785,1.0759605009371782,1.0476221928958163,1.0429231952784834,1.0943782175475485,1.0853051761075505
2007-10-23,1.235893257371392,1.0806210890334644,1.0505970830054423,1.0458743397703079,1.0977044545120094,1.0885837863717556
2007-10-24,1.2336129859195604,1.0826302491832183,1.0522849062711437,1.0475441571002833,1.0989568528912952,1.0898057060149458
2007-10-25,1.2365437292055343,1.0826987898302036,1.0580734480234637,1.053296144459312,1.1057123213420839,1.0964847251045042
2007-10-26,1.251040344955065,1.0893120814657036,1.0632980304972108,1.0584866099350914,1.1114613827450963,1.102165507981232
2007-10-29,1.255194135791865,1.093167264015602,1.067370813357245,1.062530395740851,1.1157825292611332,1.106430134999427
2007-10-30,1.2464798892810964,1.0883727840347923,1.065574456117072,1.0607316349639868,1.1139337441692627,1.104576501470574
2007-10-31,1.2594280907181883,1.091225092202839,1.0675677389029907,1.0627052892184787,1.1166209123839768,1.1072207034926493
2007-11-01,1.2299481175221287,1.0815704115376124,1.063070680020006,1.058218188249937,1.1105682877597727,1.1011987499577323
2007-11-02,1.2313326272380338,1.0836836165224215,1.0692094981900109,1.0643183996677439,1.1168033976242804,1.107360859954838
2007-11-05,1.2219673855149542,1.078547408087957,1.070663728957231,1.0657553782582838,1.1185747738963636,1.1090968312414398
2007-11-06,1.2384171613608075,1.0851732344610436,1.0735171830254793,1.0685851230093897,1.1217216900522344,1.1121965977010209
2007-11-07,1.2045395031012807,1.0681286312516178,1.066694967694171,1.0617836906852807,1.1133661212196029,1.1038916479438485
2007-11-08,1.1984315926415157,1.0641255385274129,1.0719114031140795,1.066965496758953,1.1194155955939635,1.109869200490758
2007-11-09,1.1819817295659676,1.0589808216720067,1.072163670512625,1.0672059859445606,1.1190044937120425,1.1094411700956692
2007-11-12,1.1702543949373314,1.054207093676551,1.0657051344955188,1.060766764013845,1.112392808034767,1.1028656764376956
2007-11-13,1.2059241872765754,1.0719224643450251,1.070841547425317,1.0658687743960789,1.1184749739418955,1.10887532742275
2007-11-14,1.202584685640757,1.070611148059785,1.0734708209862056,1.0684752112893168,1.1210748288138557,1.1114323971887947
2007-11-15,1.185238624680808,1.0653743145127943,1.0741486437297634,1.069139246196315,1.1217886930481544,1.1121196377034481
2007-11-16,1.1872751763653615,1.0670725466561686,1.0757714691854403,1.0707438540334382,1.1236403964680908,1.113934863535
2007-11-19,1.1707427067688354,1.0609290431554863,1.076604911068074,1.0715627432701913,1.1241156033363007,1.1143854403025528
2007-11-20,1.1779095857235027,1.0643692058205505,1.08284026315308,1.0777581735523603,1.1307871025795642,1.1209785452266001
2007-11-21,1.1538038340242245,1.053774313584079,1.0788120107917607,1.0737381477771382,1.1255371801618916,1.115753610483271
2007-11-23,1.173756231035177,1.0659711021362153,1.0861279074018508,1.0810088847935724,1.1333386572340363,1.1234665816146865
2007-11-26,1.147859566471909,1.060276028520282,1.0913259062708602,1.086171582152683,1.137644168073938,1.1277138178571473
2007-11-27,1.1610520110544478,1.0635491069360568,1.089539397891497,1.0843827263765644,1.136850804697094,1.126906623560744
2007-11-28,1.198187523955458,1.0810834337395516,1.0954372427762775,1.09024181406685,1.1443516533294527,1.1343209686502476
2007-11-29,1.198594712170796,1.085029148809217,1.0978278396813823,1.0926102059816145,1.1467795559730094,1.1367066531983763
2007-11-30,1.2106476752501298,1.0894704910520945,1.0966869250809275,1.0914638583027203,1.1460041576925033,1.1359171436915523
2007-12-03,1.2026664198647865,1.08861989956124,1.1012353894825309,1.0959797598429888,1.1503334042827675,1.1401872839876863
2007-12-04,1.191916581196107,1.0827354088582748,1.104013478767523,1.0987336629437077,1.1531671275966453,1.1429749613755678
2007-12-05,1.2118687165179751,1.0884442472039964,1.1034403409922169,1.0981523441205443,1.153608609455491,1.1433914815203319
2007-12-06,1.2292153880857875,1.093978548836915,1.1010788493650931,1.0957912708966506,1.1513764976839702,1.1411581202406729
2007-12-07,1.2289709704809508,1.0889433311521997,1.0979042751061412,1.0926210745141345,1.1488613042144913,1.138644276640421
2007-12-10,1.238498895584837,1.0913976962083658,1.0990588003327024,1.0937591657569132,1.150213202032653,1.1399631552208382
2007-12-11,1.2045395031012802,1.0820104239272987,1.0974906641359836,1.0921877283849066,1.1470549685035403,1.136812127542513
2007-12-12,1.2164294338810282,1.0839506767552138,1.095979017106534,1.0906725378224913,1.14573101730716,1.1354790848349803
2007-12-13,1.2139050065134442,1.07788963257287,1.0914971011463588,1.0862015191205998,1.1420781032400718,1.1318380099077452
2007-12-14,1.198512890717071,1.0676999614014586,1.0820493814559542,1.0767889270975015,1.1315237357476473,1.12135762103537
2007-12-17,1.1814112473619587,1.062377187093047,1.0807989583586466,1.0755338859608234,1.1294467522918124,1.1192786825361707
2007-12-18,1.1880075568829227,1.0686785215124555,1.0867146733901436,1.0814100273073775,1.1354837747665554,1.125240630109949
2007-12-19,1.1880075568829227,1.074346505348745,1.0929342170902636,1.0875883942270765,1.1415881775120458,1.1312691288928713
2007-12-20,1.1955005876664564,1.077490433173427,1.0921008850667797,1.0867483296548908,1.1409875776234397,1.130653132856831
2007-12-21,1.212733686171636,1.0805083839297234,1.0938969497666644,1.0885247653053525,1.1437698499849989,1.1333893294194577
2007-12-24,1.2217392798630449,1.083295397412642,1.0931620208536268,1.0877826267889261,1.1432974231869302,1.1329003237461537
2007-12-26,1.2243588748276584,1.0808898660654385,1.0901589960669844,1.0847835906833323,1.1401108695840938,1.1297219405887173
2007-12-27,1.208967282409454,1.0774502838767999,1.089958290918705,1.0845730882252813,1.1389651228794246,1.128565847520455
2007-12-28,1.2059388418653012,1.0825518009706128,1.099335529149819,1.0938931162907093,1.1481443951045753,1.137640354981248
2007-12-31,1.1970147207088377,1.080367010448064,1.1027562450583912,1.0972859840753721,1.151716985722755,1.1411592424031698
2008-01-02,1.1865351196346563,1.0809158125728136,1.119473901331164,1.1139096330971279,1.1691768811231276,1.1584377467968938
2008-01-03,1.1859621077694986,1.080007452486193,1.1212663210108142,1.1156820473181648,1.1710488815763986,1.1602711819176261
2008-01-04,1.1568984819067316,1.0642188896323306,1.1211133550202272,1.1155187484129236,1.1708891241228485,1.1600915274775205
2008-01-07,1.155915752165087,1.0655277811523893,1.123214149867443,1.1175979444088853,1.1730831911434614,1.1622439545021217
2008-01-08,1.1372502548415557,1.0547094029495865,1.1286145478577267,1.1229601710151655,1.1787233587897061,1.1678104977689825
2008-01-09,1.1492036016094251,1.0621635938778597,1.1285540659041686,1.1228888240403885,1.1786601915271722,1.1677264073901024
2008-01-10,1.1567347517695876,1.0606005083463539,1.1244435833425632,1.1187878484894138,1.174367209640257,1.1634518199419326
2008-01-11,1.1474015233445005,1.0587795716073738,1.1318223095967237,1.1261182610142382,1.1820735403892295,1.1710649532431952
2008-01-14,1.1566525813970836,1.0654748116829376,1.1365314239658864,1.130792396200186,1.1869917324475194,1.1759156836769669
2008-01-15,1.131191629159354,1.0561801514693785,1.1411986593716479,1.1354247712225398,1.1918661861785862,1.1807229056306663
2008-01-16,1.1214491190062537,1.047673353263697,1.1330817074395791,1.1273376746785835,1.1833888536272175,1.1723032391545691
2008-01-17,1.0923854059137916,1.036812790653417,1.1426499152962712,1.1368460707078507,1.1933818757124335,1.1821808755894418
2008-01-18,1.0811692372966981,1.0275790327146195,1.1406627835826129,1.134857745125161,1.1913065182998193,1.1801032614420712
2008-01-22,1.0701986202704734,1.0257133325750003,1.1525307945139818,1.1466539532100561,1.203701451303057,1.19235966866377
2008-01-23,1.0959060836257148,1.0395615012669723,1.148882414396323,1.143012808271277,1.199891088522787,1.1885633170090726
2008-01-24,1.1051574033673823,1.036492088846154,1.1399601796811956,1.134124877199857,1.1905727198279232,1.179311198616861
2008-01-25,1.0891922757058516,1.0344941184013785,1.1532974238002889,1.1473824381187494,1.2045021177919106,1.1930868646105335
2008-01-28,1.1072035503183644,1.0432057257166036,1.1535716769676045,1.147643870461684,1.2047885473928321,1.1933485998160926
2008-01-29,1.1126889896760188,1.0434694175821397,1.1467549418853824,1.1408508175438405,1.1976691593897728,1.1862749636695409
2008-01-30,1.1045019594406364,1.036137011761953,1.1451464537716207,1.139239280155147,1.1959892567909403,1.1845892245408902
2008-01-31,1.1246418130657194,1.050417282266868,1.1609687428320725,1.1549684637320954,1.2038307718083625,1.1923340339669388
2008-02-01,1.1427353452804307,1.0630823045123534,1.1816231283938536,1.1755044091027453,1.226973347429242,1.2152332120882472
2008-02-04,1.1283263081444816,1.0506634061742912,1.173510889830076,1.1674225666355533,1.2265633507778881,1.2148047633856764
2008-02-05,1.0981165713217045,1.0369955705932372,1.1409438790192972,1.1350132289797232,1.1917163107265925,1.1802700494310705
2008-02-06,1.0892743588486606,1.0307192450406475,1.134232404679883,1.1283254189155718,1.1845444848594966,1.173145500161024
2008-02-07,1.0964785721127033,1.0259260632838954,1.1401680370969638,1.1342188583414294,1.192599637640805,1.1811013831572832
2008-02-08,1.08943800175611,1.0266689528371584,1.1332877435524884,1.1273632523142096,1.1913459851506762,1.1798380865403515
2008-02-11,1.09500491364871,1.0315259084799226,1.1412141706559784,1.135236951565563,1.207845457894505,1.1961561497832292
2008-02-12,1.105157403367382,1.0348084281768866,1.1549324631487718,1.1488719667205625,1.2182512806846328,1.206439045951853
2008-02-13,1.116454695600642,1.0367741306240363,1.1632496182165104,1.1571339689687306,1.2298879009852608,1.2179404041051651
2008-02-14,1.106630363993817,1.0252055023688358,1.1478954999218032,1.1418492165476704,1.2177890285769277,1.205936852025879
2008-02-15,1.1063849868623377,1.028217230375944,1.152367196492398,1.1462859587143317,1.221663802910127,1.2097516329960252
2008-02-19,1.1094963828462476,1.0257892739049899,1.1602305808180942,1.154096368201925,1.2373032903714898,1.2252160565077874
2008-02-20,1.1127708983594384,1.0304480464661472,1.1612889420422177,1.1551376450258237,1.2383339325718092,1.2262140451549932
2008-02-21,1.103519578617771,1.0296735284581353,1.1474459907408316,1.1413566675209939,1.2200443112400527,1.2080811777616065
2008-02-22,1.1103151207616642,1.0311194859844346,1.1594031108518315,1.153238863102286,1.2324070214835798,1.2203001892921908
2008-02-25,1.1243146144805154,1.0347067545771318,1.1689280060774658,1.1627015529065021,1.2477543953700307,1.2354740389908307
2008-02-26,1.1327469346176824,1.039499439078741,1.1780246113510162,1.171738049999569,1.2598311307847592,1.2474089400102184
2008-02-27,1.131600998117062,1.0392335443632468,1.171457093686459,1.165193991281233,1.2470691103845277,1.234750013307258
2008-02-28,1.1205483851777231,1.040527988506071,1.1630386243449617,1.1568090252175485,1.2482545734767563,1.2359010022587291
2008-02-29,1.0955787105811212,1.032984496537281,1.133873915225896,1.127789314638596,1.2160289497148435,1.2039721295290469
2008-03-03,1.092958592238339,1.03043662393468,1.1400152688663945,1.133886435095717,1.2282770800793184,1.2160764222839553
2008-03-04,1.0887833428966178,1.0240694795188996,1.137159436238497,1.1310347066496538,1.22358496120726,1.2114085984239609
2008-03-05,1.0956600958863718,1.0230468851839976,1.1429414811354834,1.1367743033703597,1.235255184113531,1.2229401615765094
2008-03-06,1.0729822070613158,1.0125302245748469,1.1205450985430039,1.1144876845427671,1.21333342192546,1.2012148262443774
2008-03-07,1.0619301175001457,1.0068003965150434,1.1105380243227632,1.1045237209271208,1.1965778641868194,1.1846048017421238
2008-03-10,1.0479301876328202,1.0047746727491467,1.095081406693582,1.0891399788045064,1.1836776670468414,1.171812101914894
2008-03-11,1.0855902999183726,1.0230048657929802,1.131765227916575,1.125613574684399,1.2202552506890512,1.2080007703792417
2008-03-12,1.0754383335778694,1.0251588667406266,1.1231074226425521,1.1169917190921776,1.210015116182158,1.1978414103758883
2008-03-13,1.0778125514110037,1.0233083335750908,1.1262601005424677,1.1201160891243487,1.2168506949245792,1.2045860309724854
2008-03-14,1.0611112923550348,1.018854307582713,1.1072692942637148,1.10121792961904,1.1983311409447042,1.1862312872033556
2008-03-17,1.0503861396899845,1.0158069493869148,1.0956093565509346,1.0896108778578368,1.1829784040511642,1.1710120023437904
2008-03-18,1.0940228817446243,1.0395567061863429,1.1413809591844046,1.1351205905456359,1.2230383978488026,1.2106444714033786
2008-03-19,1.066924104757283,1.0309965898111983,1.1118807110844708,1.1057711507811752,1.1858805769551208,1.1738415768299302
2008-03-20,1.086685992114787,1.0434753933153278,1.1290349911332516,1.1228200041678467,1.1917189121362937,1.1795989149180663
2008-03-24,1.10840697118786,1.0479152394043925,1.147742577606181,1.141413258910286,1.2097102114178868,1.1973851852207427
2008-03-25,1.109476930624307,1.0502810891633867,1.1502805343221292,1.1439258425930134,1.214505108210216,1.2021090884144698
2008-03-26,1.0959011987628062,1.0408147330535527,1.1410682234308533,1.1347531388113383,1.217441392423701,1.2049932086883715
2008-03-27,1.092446292240764,1.0359187694434124,1.1371054881569662,1.1308010880183543,1.2155918807999124,1.2031404478760415
2008-03-28,1.0819968726409843,1.0340021665671772,1.1292847347941486,1.123012525621168,1.210583737116021,1.1981615346187149
2008-03-31,1.0857812457202956,1.0376438349880526,1.1348011206570425,1.1284870489711865,1.2167136406327315,1.2042063573131931
2008-04-01,1.12395723442091,1.0527788813333705,1.1664059464745518,1.159904488285087,1.2406644878612645,1.227888384288907
2008-04-02,1.1246974656110038,1.0540915248542073,1.1724066846504286,1.1658601833802986,1.249588025738022,1.236697251156967
2008-04-03,1.1274944857748455,1.05660481591844,1.1708437402341398,1.1642943863069248,1.2476741081086609,1.234780334565562
2008-04-04,1.1262605345121695,1.0597641313421098,1.1726370219912858,1.166066039506724,1.2543142685681545,1.2413290103691665
2008-04-07,1.1268365121869501,1.0578630805016065,1.1752119721460303,1.168614937864763,1.2571934801778926,1.2441554993585642
2008-04-08,1.125684818526473,1.0557399414303348,1.1745433869857325,1.167938489704853,1.2617056599623668,1.24859788719001
2008-04-09,1.1175393096258166,1.055541406286812,1.1668128667202198,1.1602399015261218,1.2571165683082537,1.2440335578858281
2008-04-10,1.119102901905151,1.0550106138144715,1.1680939947301852,1.1615022605248866,1.2584398555146064,1.2453201363308366
2008-04-11,1.0973818356023832,1.0455661103843843,1.148498036381289,1.1420055270173353,1.2403819479107652,1.2274278818027786
2008-04-14,1.0936793712064916,1.0410014872201612,1.146812461046209,1.1403181389275638,1.2483054353498573,1.2352458678758165
2008-04-15,1.0962303164012956,1.037292319790032,1.1527561712772512,1.1462167902736131,1.2543960603946236,1.2412499116620048
2008-04-16,1.1259314168736794,1.0500907409650164,1.1793896647784425,1.172687533371718,1.2831704430017141,1.2696993508150756
2008-04-17,1.127576656147349,1.0502887651383512,1.1796210546268573,1.1729059428009079,1.2805196045990908,1.2670530042835317
2008-04-18,1.139342110152614,1.0565026809615663,1.1949502100806573,1.1881360185183973,1.294395127905842,1.2807590156386084
2008-04-21,1.1399179133680053,1.0585081584131903,1.193138222683917,1.1863225650249902,1.2976868454150494,1.2839924063762709
2008-04-22,1.1348995017963233,1.0571668398112306,1.1839636654883388,1.1771887082837467,1.291009580307517,1.2773620789172597
2008-04-23,1.1330892239400872,1.054752563229922,1.1845657280362634,1.17777561173829,1.2907588465724311,1.277090473465887
2008-04-24,1.1380260757471288,1.0539319616418246,1.1899663179983024,1.1831334774542126,1.2825921634414492,1.2689868976690337
2008-04-25,1.1485568806521593,1.0573186886343784,1.1977453770112885,1.1908560247321844,1.29121080791819,1.2774905890975516
2008-04-28,1.1488040896072296,1.0587448926150742,1.1998690493537651,1.192955616944003,1.293345939536657,1.2795794650041545
2008-04-29,1.1442787002705712,1.0578519422832335,1.1930816974253544,1.1861955748586555,1.2824978717282771,1.268823494868698
2008-04-30,1.137532268444852,1.0571306893287382,1.1870823504618222,1.180219116158176,1.2736741969315217,1.2600706919505444
2008-05-01,1.161063001995992,1.0702783894902934,1.2054768193359648,1.19849531558236,1.3004738940632168,1.2865604576404823
2008-05-02,1.1642713101708275,1.066654185429051,1.2131836771229654,1.2061455431078354,1.3075632479140182,1.2935501388802502
2008-05-05,1.1586771826134492,1.0635791292007775,1.2078813465079947,1.2008620297602748,1.305213054826348,1.2912013505564937
2008-05-06,1.1687141802162027,1.066042222817105,1.2177978581069155,1.2107088724194512,1.3175746249200582,1.303406209932985
2008-05-07,1.1478991687533484,1.0564787376382963,1.1967365564534655,1.189758338683146,1.299643284973182,1.2856440131525744
2008-05-08,1.144936848317856,1.058636670532504,1.197814623351391,1.1908182756806724,1.3086643105412288,1.294544023864447
2008-05-09,1.142797888971604,1.0590123345509592,1.1952845772082177,1.18829118883597,1.3050975099982898,1.2909919302359363
2008-05-12,1.1556326918054527,1.0655072520926325,1.2067530740114993,1.1996806537979419,1.319927188164483,1.3056372802023466
2008-05-13,1.1557969453207657,1.0609377276542042,1.206656681294201,1.1995728952878135,1.3251306355295707,1.3107602511425671
2008-05-14,1.1581835497705617,1.062437747664421,1.2091413620028533,1.2020310342860578,1.3271525089087577,1.3127360194964415
2008-05-15,1.1726635918780801,1.0742672022331914,1.2188988670584546,1.2117191090339003,1.3476795186637418,1.3330154977089117
2008-05-16,1.1737334640848327,1.0730847211705965,1.2255651709542421,1.218334028656648,1.3566093907537915,1.3418234898269619
2008-05-19,1.176941859489363,1.0754054060598734,1.2319101935804693,1.2246294341265356,1.3584881484060283,1.3436570222672444
2008-05-20,1.1673977968919385,1.0724182843446886,1.2220584021400343,1.2148237857304545,1.3455379735044681,1.330823717334265
2008-05-21,1.1476522214873628,1.0616278589434542,1.2032735661861131,1.196138259915205,1.3231054359724215,1.3086123900515354
2008-05-22,1.1478167366917604,1.0567128443752767,1.2066606428091093,1.1994933215417378,1.322771648496777,1.308258162485103
2008-05-23,1.1324312503521923,1.0500646760593348,1.19197644663491,1.184884561901794,1.31205538014835,1.2976355726386515
2008-05-27,1.1408232703703605,1.0518957609578479,1.1984190773592232,1.191277012788273,1.3268595597305741,1.3122528807765153
2008-05-28,1.1460884547486385,1.0510695745420071,1.2034015754135414,1.1962179199336715,1.335481963984928,1.3207560391185027
2008-05-29,1.1518478825776677,1.0512137380388837,1.2099097927126845,1.2026753251232731,1.3357764503718388,1.3210229468544614
2008-05-30,1.154728119870351,1.0555569713653896,1.2112611710804344,1.20400664831499,1.3417486878778602,1.3269047818753201
2008-06-02,1.1427978889716042,1.0506425560942227,1.2009491158281191,1.1937444815885105,1.3332457165957485,1.3184715954004091
2008-06-03,1.1361337147480837,1.0499917391708022,1.1956991813644195,1.1885142213614481,1.3218739650658573,1.3072017809993406
2008-06-04,1.1355573881545236,1.04593120826623,1.1937711575367427,1.186585981478319,1.330685219965832,1.315890998160402
2008-06-05,1.1582654584539813,1.0559748188077336,1.216067594279278,1.208736196585307,1.3528423261746345,1.337777127230267
2008-06-06,1.121323857164517,1.0412355904519244,1.178881247351003,1.1717623836452933,1.3162050393716258,1.301523859513582
2008-06-09,1.1240393175637184,1.0427484989630806,1.1852216703955007,1.1780528023400405,1.3212356696756842,1.3064743138131492
2008-06-10,1.1184444921687815,1.0369229386743932,1.1783290199275058,1.171190193954061,1.3077435163823767,1.2931090827642187
2008-06-11,1.1019896570006296,1.0268036176075734,1.1642389533743849,1.1571739820774587,1.2833736261750104,1.2689885331896908
2008-06-12,1.1061856670097139,1.0250405428006668,1.1677403027971143,1.1606425406731793,1.2831028916805751,1.2686974656258998
2008-06-13,1.1201722507337344,1.0319420331153235,1.1800697675263918,1.1728853991249903,1.3082126414164572,1.2935014830790572
2008-06-16,1.1208306604701037,1.0323989100409752,1.180673297091411,1.1734735832059275,1.3138914684831895,1.2990925228851076
2008-06-17,1.1154001758201748,1.030233707631988,1.1774394124159884,1.1702477796120825,1.310876767917647,1.296087906060672
2008-06-18,1.1045399043578754,1.0276852505246263,1.1666448146252912,1.1595075814525901,1.2961876644900867,1.2815409158171553
2008-06-19,1.1059383708249488,1.0260403766501294,1.1681684829833918,1.1610103812127657,1.3067295688819522,1.2919399023124307
2008-06-20,1.0879876336206291,1.018438200329049,1.1522329750998535,1.1451611306388387,1.28288378292473,1.2683406437003224
2008-06-23,1.0869124404024937,1.0186960865861145,1.154923862612432,1.1478240867571612,1.2821426942400436,1.2675846090259815
2008-06-24,1.0847627518037812,1.020203758336452,1.151321658554497,1.1442326465604582,1.2769203697538052,1.2623983297470565
2008-06-25,1.0898891537376287,1.0232767834919374,1.1580031580546395,1.15086155993652,1.2890968768094995,1.2744128840158784
2008-06-26,1.0602870589688458,1.0093555868168793,1.1317030975116409,1.1247125100672999,1.2504439895556745,1.2361775198024663
2008-06-27,1.0544996304077852,1.0107842929755426,1.1217738858628332,1.114833543742057,1.2447717487669563,1.2305473293010853
2008-06-30,1.0582205002692802,1.0130118741484564,1.129689507455521,1.122689025848822,1.2603025372215757,1.245877694914818
2008-07-01,1.0615280758368009,1.0139516346052166,1.130272137642411,1.1232568738844735,1.2620615446280599,1.247593590556193
2008-07-02,1.0433369335936056,1.0056470248289515,1.11414451386362,1.1072183372996023,1.2424648815235395,1.2281989568830207
2008-07-03,1.044411690663267,1.0053965409577714,1.1116785641982454,1.1047567297270044,1.236252652766781,1.2220355484189827
2008-07-07,1.0337448946640395,1.001070107691685,1.1030171885835098,1.0961383819353618,1.2269384424056622,1.2128061147365188
2008-07-08,1.0521013371788854,1.014333846314086,1.1228999368152455,1.1158860359043674,1.232581197496476,1.2183614339414182
2008-07-09,1.03184337454704,1.004401910976852,1.1025640421160472,1.0956662667688337,1.2190847650480772,1.204998509644531
2008-07-10,1.0360606686016558,1.0068219059503198,1.1130793720030323,1.1061048103612034,1.2372590966998047,1.2229403160083547
2008-07-11,1.0239880788409914,0.9940537589198037,1.0973390165982335,1.0904522386837017,1.2245721282944875,1.2103778801814253
2008-07-14,1.0147271638328956,0.9921543194592477,1.0899287088260425,1.0830776650982679,1.2263541476400108,1.212116918257719
2008-07-15,1.0004227151010148,0.9836348188326878,1.0744680905384456,1.0677036095622086,1.205673261203094,1.1916541757462022
2008-07-16,1.0249804038490646,0.991009807567055,1.0963818014018971,1.0894685236058013,1.2000934670259242,1.1861174145103235
2008-07-17,1.035233818324623,0.9949164060287512,1.1058766064656438,1.0988925294352578,1.19691781264229,1.182956954715447
2008-07-18,1.0416828841207606,0.9971447912955045,1.111266280902761,1.104237183274777,1.2009759612117528,1.186945907082203
2008-07-21,1.0422618276051645,0.9990207212189062,1.1132768436782046,1.1062240263365237,1.211653039888241,1.1974761979943749
2008-07-22,1.0540864233435054,1.0038407686193764,1.1268848136428722,1.1197346505964805,1.2054083645412603,1.1912826461271153
2008-07-23,1.0597912453835883,1.0063004549356758,1.1228959276001573,1.1157599771803803,1.191361610742088,1.1773788151335818
2008-07-24,1.0377969756766992,0.9976982746111926,1.1022250709568457,1.095209590107282,1.1824604678756994,1.1685606200732606
2008-07-25,1.0375487199652913,0.9935662464130244,1.1039161412725995,1.0968789876913603,1.182891627591309,1.1689651807490435
2008-07-28,1.02233463997601,0.988837174724309,1.0879542719826598,1.0810081193101337,1.176637985682156,1.162763747833961
2008-07-29,1.044163783870638,0.999898367199155,1.113096282650575,1.1059786084497127,1.1864313783580873,1.1724200680780086
2008-07-30,1.062768482096892,1.0109847907633813,1.132855891859066,1.125600670183508,1.2178475265342157,1.203443037525521
2008-07-31,1.0487112423200813,1.0069712422849824,1.114788523414742,1.1076379953912134,1.191264464037097,1.1771527133227848
2008-08-01,1.0431716333219545,1.004670330206176,1.106800882018615,1.0996906513811728,1.1821943241952753,1.1681685025256847
2008-08-04,1.0334972495604948,0.9981580766922025,1.0992221427847484,1.09214973662721,1.1654681613699431,1.15161957142509
2008-08-05,1.0613624266463706,1.0113328251200313,1.124845397110927,1.1175970152757297,1.1834448653229326,1.1693611304707725
2008-08-06,1.0660752725971596,1.0123761204365676,1.1354378570104346,1.1281099985460221,1.2001149963550821,1.185811035480492
2008-08-07,1.0501996426024962,1.0099241257602811,1.1145889110249279,1.1073845930956674,1.1846309524603404,1.1704899843654293
2008-08-08,1.0697139720861506,1.0222844134027638,1.1324880881005372,1.1251568854755538,1.1927133044500775,1.1784541516034095
2008-08-11,1.0807936262308782,1.0247263218565286,1.139948870055419,1.1325581055828449,1.1982277031967343,1.18388081901248
2008-08-12,1.069548148436331,1.0221523581738392,1.1294345675885507,1.1221008115294215,1.1960267100770083,1.1816844142897358
2008-08-13,1.0630989081808038,1.0170317915967009,1.1277598058994844,1.1204257810285119,1.2059988490091051,1.1915150250523898
2008-08-14,1.0711197658475875,1.0242548476302253,1.1308905852205213,1.1235250259641716,1.1994498968066973,1.18502289804965
2008-08-15,1.0763286870727182,1.030796224054286,1.1342853291164277,1.126886451889925,1.1979324168756873,1.1835018718924046
2008-08-18,1.0616105951280839,1.0239787569015415,1.1203364974210057,1.113017537753474,1.1886573553454394,1.174316910377594
2008-08-19,1.0500343423308456,1.0157005416167422,1.1145919907550466,1.1072995459420856,1.195960359144499,1.1815100459659653
2008-08-20,1.0549133608502332,1.0196678253960392,1.1211742544256764,1.1138276658975572,1.2059901713509604,1.1913967280352973
2008-08-21,1.0567317510680858,1.019979558522345,1.1208093528740075,1.113454081193346,1.2141956973689785,1.199480867835733
2008-08-22,1.0720286992674295,1.0285755903024851,1.134830435871981,1.1273719387057866,1.2170445099454823,1.202273011438502
2008-08-25,1.0502825108125586,1.0201673537914946,1.1154609058436442,1.1081186907758556,1.2003069492736482,1.185716758404356
2008-08-26,1.053341568979587,1.022297190675745,1.1202402794379858,1.1128555372084739,1.208901794039249,1.1941851342732075
2008-08-27,1.0635950706848403,1.0289633385950856,1.1299921622671942,1.1225319701086176,1.2191798832113223,1.2043159204686742
2008-08-28,1.0764940745740634,1.0364945647198291,1.1404861097529475,1.1329453686453246,1.2189457671421917,1.2040624814964163
2008-08-29,1.0649178217768251,1.0279597196316796,1.1288839154358936,1.121408733164044,1.206399105713978,1.1916470658524547
2008-09-02,1.0583031067902577,1.027954685714918,1.1209194147193582,1.1134858968292385,1.1885123196389427,1.1739573795405103
2008-09-03,1.0573934755328573,1.0291671971526726,1.1167206445067925,1.109303938364615,1.1807537114640114,1.1662723048623658
2008-09-04,1.025559521792858,1.013877942884098,1.0876021311923671,1.0803680706788248,1.1572954426404995,1.1430806870328936
2008-09-05,1.0287843163800112,1.0155787690119522,1.0898993579718534,1.0826392499963138,1.1526121901301343,1.1384339892763937
2008-09-08,1.0500343423308454,1.0298665785094472,1.109738859426807,1.1023356316645248,1.1672690695612968,1.1528893408193992
2008-09-09,1.018862025825923,1.0156044341384836,1.0740287444765715,1.066853133317759,1.1312561257381266,1.1172994656675719
2008-09-10,1.0229960155220026,1.0155595392904222,1.0802662589790624,1.0730383026069417,1.1459042009598375,1.1317459777900765
2008-09-11,1.0377969756766992,1.0241644721775618,1.0945789112311601,1.0872443767722582,1.1581534313612625,1.1438227951247821
2008-09-12,1.0425925153781608,1.0217223837696092,1.1026886607737223,1.095288891119463,1.1744419846348064,1.1598884352564574
2008-09-15,0.9929808009186349,1.005809699370425,1.0495962077340304,1.0425423546009938,1.1255912544031437,1.1116225830539848
2008-09-16,1.009600674669353,1.015828657838678,1.0679529183511174,1.0607651480463856,1.1363962680139932,1.1222728349019382
2008-09-17,0.9642058181159693,0.9904550612058792,1.0212164638019847,1.0143331610424866,1.0991710079680004,1.085490226971415
2008-09-18,0.992815587876679,1.0022956551745152,1.0544504079069887,1.0473326819078466,1.1254125622455171,1.111384696766016
2008-09-19,1.032243758846183,1.0134552281204685,1.095741556961596,1.0883342840687849,1.1577442532949764,1.1432923269494137
2008-09-22,1.0088744874601223,0.9996456054542229,1.0635213133635912,1.056321345111455,1.1354311672371407,1.121237119721076
2008-09-23,0.9859212144885747,0.9844675539115364,1.0463744692987118,1.0392802475536376,1.1119915106398195,1.098070257775025
2008-09-24,0.9890811974124897,0.9880856261634475,1.047672825862532,1.0405594522999544,1.1159225916075401,1.1019318286378743
2008-09-25,1.0045501625699838,0.9965589832692477,1.0686040424318957,1.0613379965363654,1.1383207829477218,1.1240285019171417
2008-09-26,1.0050492908836437,0.999745097449029,1.0680331339230305,1.0607604198391691,1.1294543510608364,1.1152528518111822
2008-09-29,0.926292129107626,0.9643777136880561,0.9942604537241506,0.9874802694422418,1.058965175363739,1.04563073170216
2008-09-30,0.9646305394999625,0.9789254903032883,0.968217408910888,0.9616052566509684,1.031227294998104,1.0182233712365296
2008-10-01,0.9652128849424638,0.9842060127910743,0.9784036121545419,0.9717122317917237,1.0420763984335297,1.028916714679052
2008-10-02,0.9302005428129462,0.9659504058133143,0.975695468555089,0.9690129717853395,1.0391920136116626,1.0260498563756844
2008-10-03,0.9176430431788747,0.9615279722448538,0.9817152968288224,0.9749818735286162,1.0456036017218766,1.0323613455501688
2008-10-06,0.8709039770285845,0.9391326300930628,0.9970387005458186,0.9901903283039128,1.0619242256022268,1.048455962489157
2008-10-07,0.8318995679164309,0.9127602268707004,1.0023740641893986,0.9954791440236996,1.067606805327982,1.0540470565954911
2008-10-08,0.8109417614431851,0.893719568299459,0.9962724236562364,0.9894096336954419,1.0611080807603857,1.0476115772033516
2008-10-09,0.7543063991878578,0.853261583096783,0.9901491502425419,0.9833187603504127,1.0545863154824395,1.0411535872841056
2008-10-10,0.7360104940812047,0.8384420101956651,0.9684684702880058,0.9617780755338647,1.031494695008082,1.0183373385140544
2008-10-13,0.8428771633182398,0.9071862222501285,0.9574098679937024,0.9507864121750063,1.0197164183261516,1.0066907592039012
2008-10-14,0.8304025318942307,0.8967939172652974,0.9534655043032996,0.9468599186942722,1.0155153623840587,1.0025249015882636
2008-10-15,0.7486518214519813,0.8472520323132456,0.9629422596124287,0.9562615084817836,1.025608848261146,1.0124706233790806
2008-10-16,0.779838181937767,0.8666804934499481,0.9512325826099751,0.9446236764425491,1.0131371260741582,1.000140244865258
2008-10-17,0.7751812502213465,0.8611911794118179,0.9447669481085028,0.9381936323233514,1.0062507194509807,0.9933238838261431
2008-10-20,0.8217535331951743,0.8949873928637393,0.9519884084099437,0.9453554462284794,1.0139421396878547,1.000898060779069
2008-10-21,0.7972198326131952,0.8808471064909952,0.951529686095382,0.9448905223536099,1.0134535645318545,1.0003973450462376
2008-10-22,0.7538072708741979,0.859216177794075,0.9525515334990738,0.9458958322631994,1.0145419119673704,1.0014532260061773
2008-10-23,0.762540271769349,0.8677383191260775,0.9536510334777707,0.9469782313135988,1.0157129654708985,1.0025907052984762
2008-10-24,0.7238679461053086,0.8376419116880264,0.9515799261753074,0.9449122178632876,1.01350707414782,1.00039488654678
2008-10-27,0.698170252475885,0.8200424503987248,0.9516854959551911,0.9450076490523442,1.0136195142233042,1.0004874443179013
2008-10-28,0.7797548775792306,0.8727601321667001,0.9466990559949725,0.9400468487334469,1.0083085655205424,0.9952269715249915
2008-10-29,0.7740995147761008,0.8672055261153121,0.9452727488085496,0.9386212284888596,1.0067894367709924,0.9937092488760835
2008-10-30,0.8008792055398545,0.8820625151525588,0.9355211868062682,0.9289290455231426,0.9964032602644879,0.9834398957386946
2008-10-31,0.8052866603291398,0.8803982993370146,0.9253543446807656,0.9188247055012763,0.9855747779347307,0.9727343772384921
2008-11-03,0.8076154314912819,0.8828780312536083,0.926426332279155,0.9198799798127817,0.9867165286006294,0.9738433159225732
2008-11-04,0.8350598997591253,0.9075074244266287,0.9498620309185767,0.9431406958426743,1.0116773812891868,0.9984601261776199
2008-11-05,0.799964340500766,0.8889275862160761,0.950257291595223,0.9435237755020243,1.0120983648354913,0.9988572121119359
2008-11-06,0.7556370881820699,0.8568065368700865,0.9444501494943788,0.9377484561006738,1.0059133041402293,0.9927347849460579
2008-11-07,0.7805868744082568,0.8715412687000408,0.9410780608771676,0.9343910021048585,1.0023217659265835,0.9891720804455342
2008-11-10,0.7703573608690741,0.8663892440463168,0.9464639605651987,0.9397292846071537,1.0080581704936806,0.9948149046892534
2008-11-11,0.7465720038388055,0.8513637298591672,0.9449830928305711,0.9382496225108765,1.006480930491409,0.9932400913923547
2008-11-12,0.7137220422285941,0.8310736374346083,0.9443903787108113,0.9376518060664358,1.005849643579191,0.9925988271048323
2008-11-13,0.758215249041652,0.8541965833273951,0.9368261000885402,0.9301322504369632,0.9977930950081101,0.9846302779782621
2008-11-14,0.7203755744293487,0.8353924864839287,0.9518790541053846,0.9450682479797974,1.0138256687974851,1.0004329245572248
2008-11-17,0.7108110128536455,0.8302123991576643,0.953499443517798,0.946667627941601,1.0155515103029444,1.0021175098728339
2008-11-18,0.7242006401612853,0.8438686937885428,0.9614856768386183,0.9545871458265791,1.0240574736422292,1.0104923420473892
2008-11-19,0.6777945733709035,0.8200700260704187,0.976245766252555,0.9692316937825467,1.0397781237154247,1.0259858519678628
2008-11-20,0.6274798311861172,0.800490790090198,1.0105738511468938,1.0033031616352097,1.076340219999021,1.0620434041897904
2008-11-21,0.6613280494236482,0.8217696451712728,1.0153462720934348,1.0080312211666367,1.0814232217071083,1.0670392359731857
2008-11-24,0.7071519016160707,0.8507919821302692,1.0098569134690643,1.0025714391822875,1.0755766252780565,1.0612508581935982
2008-11-25,0.7123914840789244,0.8645846272708908,1.029810841569471,1.02237124409518,1.0968291199246003,1.082200355004509
2008-11-26,0.7399189077865249,0.8850938928333774,1.0311358208121706,1.023676470084218,1.0982403264860634,1.083572781910935
2008-11-28,0.7492332073678397,0.896152161656206,1.037949006324848,1.0304301197980854,1.1054969021289882,1.0907123529473584
2008-12-01,0.6828680268800058,0.8622523593428485,1.049992682522518,1.042376184518398,1.118324359591385,1.1033479380770561
2008-12-02,0.7091478042628463,0.8834863957568143,1.0572690885245926,1.049589369488848,1.1260743012984524,1.1109736311776515
2008-12-03,0.726196978956535,0.8972284501098335,1.0571424103731022,1.049453173833584,1.1259393791556624,1.110820058548234
2008-12-04,0.7093971067305919,0.8918458503626918,1.06765240155508,1.0598761781639015,1.1371333420789653,1.121843044060564
2008-12-05,0.7312699090874685,0.9025636052578536,1.0528465058945287,1.0451677258895218,1.1213639047691888,1.106265272293698
2008-12-08,0.7568013429185985,0.920686541946251,1.0552603039746353,1.047553500524853,1.1239347885830007,1.1087811181380929
2008-12-09,0.744326885953979,0.9188635787401189,1.0687479526466004,1.0609320940366165,1.1383001897086846,1.1229321520530842
2008-12-10,0.749399641625523,0.9217380163813789,1.0767408432872352,1.0688559012482957,1.1468132436144485,1.1313094351832018
2008-12-11,0.7313529517569205,0.9091435129649468,1.0821808622550004,1.0742453988759755,1.1526072894488208,1.1370042090382462
2008-12-12,0.7400852548145131,0.9156565789140069,1.0835188464500596,1.0755628744997803,1.15403234730207,1.1383890080153776
2008-12-15,0.7297728730652682,0.9121732446794216,1.0951952344532074,1.0871427135806948,1.1664686141002252,1.150635503433889
2008-12-16,0.7641201760016118,0.9469537424743949,1.1188847428139823,1.1106469964314885,1.1916997940004053,1.1755025556974517
2008-12-17,0.7567183002491467,0.9517280473639987,1.1389182004118168,1.1305217145073354,1.213036993784194,1.1965277080317633
2008-12-18,0.7425801985452541,0.9490468767649877,1.149015245104279,1.1405329768870651,1.223791136386727,1.2071132546793237
2008-12-19,0.7393859343512817,0.9470018673786404,1.1450904509879845,1.1366258517501844,1.2196109235722068,1.2029678529654533
2008-12-22,0.7299121352730205,0.9368090436699944,1.142091389634148,1.1336376847523508,1.216416688580162,1.1997951085913385
2008-12-23,0.7223661560647415,0.9305036965170731,1.1388936452314602,1.1304523666357893,1.213010840595887,1.1964137630946765
2008-12-24,0.7265585460414914,0.9329450904568363,1.1396152869716982,1.1311574094203423,1.2137794455113684,1.1971498016668656
2008-12-26,0.7307504126400723,0.9374094514613912,1.149173130176238,1.1406329727071174,1.2239592963414838,1.207167946891008
2008-12-29,0.7286544139185107,0.9353467056857284,1.1512586600983505,1.1426916388814692,1.2261805488829318,1.209336452005534
2008-12-30,0.7459256318003191,0.952212098675472,1.1560266687278156,1.1474127547179738,1.231258851128108,1.2143226272156102
2008-12-31,0.7565728883479109,0.9523995030996145,1.141774827361504,1.133255837106163,1.2160795249915788,1.1993300058688885
2009-01-02,0.7793778708382944,0.9600480556688222,1.1217576742979996,1.1133769622393295,1.194759690812538,1.1782821154038285
2009-01-05,0.778455416815758,0.9494646285590967,1.1021537160500556,1.0939085864154197,1.1738799414409342,1.1576690072312772
2009-01-06,0.7836534343290383,0.9494491139719722,1.098102925202816,1.0898772595218893,1.16956553224982,1.153392934824207
2009-01-07,0.7601781788637926,0.9338732623765128,1.0941843194840588,1.0859772063607045,1.1653919105628647,1.1492558576963576
2009-01-08,0.7632802412703588,0.9358611319093071,1.099149773726269,1.0908945665520042,1.1706805078339992,1.1544499654864246
2009-01-09,0.746931826329866,0.9243997887699453,1.1001012153514045,1.0918280032259617,1.1716938676067188,1.155427994430381
2009-01-12,0.7289896812504842,0.9149141229006746,1.0995874247125668,1.0913072225711355,1.171146640376752,1.1548670929238107
2009-01-13,0.7303311431120043,0.9163100155665221,1.1007288206144397,1.0924291583505128,1.172362316316451,1.156044577567314
2009-01-14,0.7073590721412267,0.905060414324204,1.1086844058905023,1.1003138137968569,1.1808356370901285,1.1643785146120897
2009-01-15,0.7076106861958846,0.9058467822362885,1.110990881205894,1.102591909004417,1.1832922137624553,1.1667793638692188
2009-01-16,0.7131437529669012,0.9045098844776401,1.1057675024549054,1.0973971039369455,1.1777289067091443,1.1612723037430586
2009-01-20,0.6754996909451925,0.8757990914601281,1.110001567517037,1.1015881619432952,1.182238517278716,1.1656974302092618
2009-01-21,0.7046761484181866,0.8874294549448044,1.0885328653454678,1.0802714405032734,1.159372669728618,1.1431304513284177
2009-01-22,0.6937764927486838,0.8723618378516973,1.0770120614007135,1.0688274433967344,1.1471021121257379,1.1310109662812535
2009-01-23,0.6967952944115609,0.871906670660479,1.0829217789331718,1.0746815621958354,1.1533964236812955,1.1371960378394848
2009-01-26,0.7015739551670782,0.8724502917449016,1.0784128374736248,1.070196286408002,1.1485940482418127,1.1324402576391994
2009-01-27,0.7087003159285097,0.8859730083101106,1.0918323164932842,1.083502744567877,1.1628868433541144,1.1465109221588003
2009-01-28,0.7326785814288339,0.8951039452636721,1.0737183300935464,1.0655163520702076,1.1435940305780603,1.1274690267931613
2009-01-29,0.7088681458613096,0.8694159447673618,1.062285682988092,1.0541605528131797,1.1314173669065328,1.1154435126194184
2009-01-30,0.694447638020494,0.8577014720801068,1.0647640645922518,1.0566094691250474,1.1340570372265548,1.1180253223928622
2009-02-02,0.6923518573731694,0.8625316569721134,1.0637142966760513,1.055557242585125,1.1329463165932114,1.1169097316191592
2009-02-03,0.7020772705060885,0.8615840473576853,1.071333883662658,1.0631078255818105,1.146198640323912,1.129953659658198
2009-02-04,0.6986396354636172,0.8578469390572624,1.0670852715375188,1.0588813042841756,1.138668038770244,1.1225091136208443
2009-02-05,0.70903580133472,0.8658076552536822,1.0796672272943986,1.0713558719221394,1.15073088364824,1.1343798800113287
2009-02-06,0.7292413825348366,0.8795312589911171,1.1013112436271129,1.0928224020704718,1.1633579610936424,1.1468064137529996
2009-02-09,0.7302470536862146,0.8813941644982627,1.1031638727208617,1.0946498640318747,1.160593879517665,1.144060585803905
2009-02-10,0.6967952944115609,0.8648301217590924,1.0650990999434287,1.0568683565120172,1.132253000139494,1.116102880635261
2009-02-11,0.7009032460437419,0.872376155887208,1.0754651480639665,1.0671436855388858,1.1388265123048285,1.1225619541173197
2009-02-12,0.7014063869233627,0.8694667962597143,1.074144767494877,1.065822921006745,1.1413276286114342,1.1250066287452265
2009-02-13,0.6938606694041682,0.8545982518171698,1.0610578411691265,1.0528269133305377,1.128583868671717,1.1124246153896813
2009-02-17,0.6641812891257903,0.8433137123022546,1.0260407176447595,1.018071302063604,1.106824119330264,1.0909563318606248
2009-02-18,0.6625881259799177,0.8392251047328082,1.0237280551315868,1.0157664997360945,1.1046260075554268,1.0887696792687502
2009-02-19,0.655461852448181,0.8281023679215723,1.011352184565901,1.0034768961968643,1.1023741258750324,1.086530109765068
2009-02-20,0.6490901157764858,0.8264906261669154,1.0024725388479918,0.9946565026420671,1.0916140445704454,1.0759048624306535
2009-02-23,0.6258663435213556,0.8118023732468855,0.976392648404285,0.9687703156000557,1.0677460412903355,1.0523609553778546
2009-02-24,0.6495931258115643,0.8299271055073568,1.0060510452494285,0.9981872526371174,1.085984986663475,1.0703173831380803
2009-02-25,0.6444789360349891,0.8221726540885554,0.9964072948100194,0.9886090500055155,1.0736788672773858,1.0581693152091307
2009-02-26,0.6339989860420284,0.8106896965678715,0.9840580425066293,0.976346736871424,1.051922351723453,1.0367079830571104
2009-02-27,0.6198300486410232,0.7979517259911256,0.9626235507531552,0.9550707117857079,1.0346008478179058,1.0196182269270235
2009-03-02,0.5919114433670809,0.7816709063251925,0.9289172959053554,0.9216197532722373,1.0050031844010165,0.9904309410760301
2009-03-03,0.5874676574099104,0.7760610834483581,0.9191824746164362,0.9119523383047887,0.9945563666185474,0.9801175465715921
2009-03-04,0.6013852860601896,0.7856703637752023,0.9334164868690448,0.9260651777202719,1.012080012991572,0.9973684171075606
2009-03-05,0.5768200955583868,0.7751543952490165,0.9074500391621069,0.9002942798370736,0.9941070055854079,0.9796386217409139
2009-03-06,0.5778261156285439,0.7738978325358112,0.9079459478676656,0.900777319062268,0.99693070480341,0.9824031298839597
2009-03-09,0.571035153043628,0.766629478208863,0.8986276712901958,0.8915237474137739,0.9834652488669293,0.9691160468336653
2009-03-10,0.6050740117791499,0.7881607947144961,0.9366359858827511,0.929222352902061,1.0059980921709157,0.9913018673481305
2009-03-11,0.609014569627005,0.7946520989793675,0.9420730440773476,0.9346070804345099,1.0057363849920835,0.9910257299994186
2009-03-12,0.6329927478976345,0.8149397176337358,0.9738271271661019,0.9660999025986142,1.0314005620691586,1.016295804780123
2009-03-13,0.6379392385859518,0.8171190240401358,0.9801409792932014,0.9723539840703693,1.042442527088859,1.0271571424977788
2009-03-16,0.6360107644932584,0.8104830813086646,0.9811024460199366,0.9732981319280837,1.0470150069246005,1.0316435743720889
2009-03-17,0.6554618524481809,0.8235913520576287,1.0042031697014897,0.9962051896662115,1.0633834380871983,1.047752399214522
2009-03-18,0.6701337998842647,0.8471343636750231,1.031229931977145,1.023006522562458,1.0795952937965383,1.0637063592572829
2009-03-19,0.6618339816535027,0.8412611978289216,1.021652204941092,1.0134950918413976,1.076052261578464,1.060195944218798
2009-03-20,0.6477406287830438,0.8286449230210388,1.003045779389027,0.9950273280454975,1.064668795019195,1.0489608998773485
2009-03-23,0.6942673778561848,0.8614871299953349,1.05835565439404,1.0498846082581301,1.1036316710102172,1.087328898830446
2009-03-24,0.6805880171172585,0.8545806001252261,1.0428802260041325,1.0345227555567078,1.0929190318205406,1.076754673664027
2009-03-25,0.6877654508649969,0.8553867458102469,1.0485296605860293,1.0401165717000709,1.095628328461036,1.0794040184413316
2009-03-26,0.7017826522118932,0.8698148955906025,1.0659822361847144,1.0574185961613727,1.1111914220787538,1.094716487089875
2009-03-27,0.6891166388374874,0.8629770339461156,1.0501857067905034,1.0417386083166884,1.099258514218408,1.0829405546430793
2009-03-30,0.665304458676067,0.8464053526555555,1.020331336983121,1.012114303840909,1.0803378943171051,1.0642811995572103
2009-03-31,0.6714685014444374,0.853529884953516,1.0310675341013622,1.0227538670419694,1.0844334471528922,1.0682962050211906
2009-04-01,0.6844720501228813,0.8665633172599289,1.0467079985854377,1.0382578935754723,1.096078221845453,1.0797478086123444
2009-04-02,0.7044847228529423,0.8775291105793839,1.0662880829619363,1.0576693879678187,1.110940164731299,1.0943681674003258
2009-04-03,0.7114929309927638,0.8755841716849232,1.070255226493847,1.0615939070844114,1.1063411096305784,1.0898176438721965
2009-04-06,0.7059200002512224,0.869971997318704,1.0623089567413875,1.0537014646787504,1.103349575493816,1.086850770691745
2009-04-07,0.6894543049860676,0.8586794131507015,1.045242614327668,1.0367630930062508,1.0901668212197528,1.0738453643731
2009-04-08,0.6968847484635805,0.8672743711289834,1.0543903215752062,1.0458261879743205,1.0993581219661868,1.0828791121956882
2009-04-09,0.7245814413939452,0.8836043664498595,1.0844237570502855,1.0756049834324917,1.1070373401095044,1.0904231373222528
2009-04-13,0.7247499255494563,0.8869737403944012,1.0898603129896791,1.0809865768126101,1.1075307787371116,1.090889077825491
2009-04-14,0.7122530069384252,0.8796522225017184,1.0749262874970238,1.066163541578843,1.0996838450949855,1.0831401018404068
2009-04-15,0.7198526324090077,0.8846736677999268,1.0858069054012391,1.0769447501383504,1.10729148650671,1.0906132055949975
2009-04-16,0.7304077743988879,0.889656934429233,1.0967689974689778,1.0878065525216216,1.1156201971077788,1.0987962288957376
2009-04-17,0.7353054164581159,0.8893257410152626,1.0993865768870945,1.0903918970905866,1.1177842180530322,1.1009073383835115
2009-04-20,0.7044847228529422,0.8723465743890675,1.0664549834363226,1.0577192150526131,1.0997829054617534,1.0831578685520715
2009-04-21,0.7182480421731158,0.8791249648513295,1.0820950838206245,1.0732205269407458,1.104149077188544,1.0874380092458589
2009-04-22,0.71385737910008,0.873767365312759,1.0740080329700255,1.065189206032147,1.09693114683024,1.080309422941033
2009-04-23,0.7208658925438334,0.8788800346015699,1.085207122063647,1.0762856333422366,1.101475493848402,1.0847649298802915
2009-04-24,0.7317588315268364,0.8833192311091587,1.094164783378598,1.0851588609337073,1.1044391906844035,1.0876636309740397
2009-04-27,0.7248346691979571,0.8798147474394241,1.0900828596955294,1.0810997826017805,1.106060424266722,1.089240176975531
2009-04-28,0.7225546594352097,0.8724048604001969,1.083812626176922,1.0748705299203782,1.104772277587106,1.0879515810045413
2009-04-29,0.7379227434506648,0.8804471206739994,1.100498235794175,1.0914076184423793,1.1157328730659883,1.0987250590524025
2009-04-30,0.7381764074031504,0.8792337420012546,1.095698119864767,1.0866363461832433,1.1257427726280127,1.1085619532517812
2009-05-01,0.7421444862197155,0.8796492635309451,1.107131535988639,1.0979642841591024,1.1316827674477248,1.1143907677166183
2009-05-04,0.767392598002127,0.8987643645040682,1.1442281256913394,1.1347424213764477,1.1649087752212617,1.1470879576081623
2009-05-05,0.7647750965501887,0.8964820262473261,1.1393276841978166,1.1298713672867429,1.1558568674428311,1.1381535630102027
2009-05-06,0.7780320911068813,0.9049585067297865,1.1609084550970294,1.1512615695093293,1.1654352098830127,1.147564065325996
2009-05-07,0.767223895772379,0.8885784520256407,1.1496723210493023,1.140107465893428,1.1383220533077698,1.1208460258343746
2009-05-08,0.7851249120506613,0.9018813269253639,1.180728720594061,1.1708938420150516,1.1422590085634123,1.12470182372093
2009-05-11,0.7704322039472145,0.896884459673023,1.157715293098898,1.1480606864476057,1.13773907117365,1.1202307272699124
2009-05-12,0.7681525431032462,0.8965960500091952,1.1589937647980557,1.1493170656217684,1.1296454030735295,1.1122411243645147
2009-05-13,0.7488156388188201,0.8869506015175183,1.1280585894326924,1.1186290493116755,1.1040451344124331,1.0870152538929687
2009-05-14,0.7552333019248287,0.8928915719082321,1.1369912976276904,1.1274758745612048,1.1173533117747365,1.100097890501991
2009-05-15,0.7490692155416109,0.8884096510284358,1.1245873786340614,1.1151646721288329,1.1070478633002045,1.089931515249214
2009-05-18,0.7703479400620351,0.8980422431178515,1.1537971383821126,1.144118309602905,1.1335747363423725,1.1160276938613671
2009-05-19,0.7694191182717782,0.8954947082460637,1.154027897234032,1.1443357513501062,1.142595985633771,1.1248885808229807
2009-05-20,0.7642682920233861,0.8956656818983207,1.1476508676198622,1.1380009611153092,1.1452109259990346,1.1274422301441032
2009-05-21,0.7532907838512721,0.8789368725520028,1.1320925458589484,1.1225622951436702,1.1238975799712454,1.1064391955024693
2009-05-22,0.7516866297638544,0.8739107135160793,1.133651707352841,1.124097151154349,1.126762346076409,1.1092390302702588
2009-05-26,0.7709390957037117,0.8820706660359375,1.1591786104329977,1.149397478664954,1.1566684774093203,1.138659091344504
2009-05-27,0.7571753838499113,0.866378927402633,1.1370827002572585,1.1274767997807233,1.1471632672862992,1.1292810779976017
2009-05-28,0.7677303513804021,0.8786420438182823,1.1564333597618892,1.1466525834913803,1.165896482468327,1.1477011373266781
2009-05-29,0.7813251865450647,0.8970510442015025,1.1744878712345261,1.1645428128493054,1.178033505616844,1.1596273875372574
2009-06-01,0.8002395501878674,0.8994722822294521,1.2030686196006515,1.1928696876720248,1.2178680461542175,1.1988174549557316
2009-06-02,0.8009151441741127,0.9018634049767643,1.2010050185759424,1.1908117370988174,1.208749468207732,1.189819600182492
2009-06-03,0.7907826300555504,0.898405292492945,1.18245412896946,1.1724066337962789,1.1967472799583891,1.1779836777978827
2009-06-04,0.7982132916073004,0.8960454243829015,1.1976568850367404,1.1874683993668096,1.210413058865338,1.1914132490122484
2009-06-05,0.7983822555261328,0.8934273896238415,1.1960612727810247,1.1858745665283887,1.2016967105276861,1.1828119350914637
2009-06-08,0.7950890728582546,0.8903014265247455,1.194052795450726,1.1838714205936716,1.2013893393149295,1.182487614432784
2009-06-09,0.7991417644787782,0.8929845435603709,1.1946713440906078,1.1844729144912987,1.2166028799481783,1.197439741846736
2009-06-10,0.7971154186685163,0.8860049593961189,1.1931279252748062,1.1829309060184447,1.2148287854838948,1.1956715691221786
2009-06-11,0.8006620908294908,0.8923082421162497,1.203526178171021,1.1932284230485395,1.2187895239806439,1.1995477548008695
2009-06-12,0.8028573133288902,0.8969785252521718,1.2058031316348108,1.1954740042148,1.2117812367954226,1.1926281451067753
2009-06-15,0.7844494925238055,0.8878691051587063,1.177525749625662,1.1674272403601447,1.18978883157292,1.1709617784646285
2009-06-16,0.773810086648746,0.8868251015686442,1.1643386639632578,1.1543417668251212,1.1741979583663933,1.1555963285566442
2009-06-17,0.7730501415476266,0.884305673360714,1.1627509336029764,1.152756203469406,1.1849684714868256,1.1661747359868455
2009-06-18,0.7787075978634316,0.8828348186614328,1.1744736726458673,1.1643665960723488,1.181358212517814,1.1626003226218151
2009-06-19,0.7815779782006022,0.889628441781223,1.1759988303145619,1.1658670333207384,1.1885467472238977,1.1696531726243728
2009-06-22,0.7581407548822903,0.8770765316513884,1.1445838784119544,1.134711450754824,1.1572980422867332,1.1388802319265703
2009-06-23,0.7587351380226744,0.8816194166166125,1.1433603068824578,1.1334871595027274,1.1528203588326449,1.1344529134504555
2009-06-24,0.7652737014856794,0.8826390112323986,1.1519507447429094,1.1419920591618211,1.1679047492598087,1.1492758019638138
2009-06-25,0.7819177378618578,0.9006294752756945,1.1758939527617005,1.165716682668964,1.1892002008780576,1.1702100216517275
2009-06-26,0.7798795288131029,0.899831442904564,1.173584094417636,1.16341524486324,1.188785490353472,1.169780387820879
2009-06-29,0.787182049943188,0.9054195041702433,1.1842233342702326,1.173950622141347,1.1937577747146382,1.1746515448350545
2009-06-30,0.7808137588444375,0.9004128857040675,1.1744368179370221,1.164237421040668,1.1899659617785814,1.1708988539353513
2009-07-01,0.7840402980254868,0.9019309212981649,1.180931208968049,1.170663768333648,1.199501430428886,1.180259794722148
2009-07-02,0.7626411965262351,0.8880044742283691,1.1473639546265595,1.1373770476394867,1.1760042370304216,1.1571182157469249
2009-07-06,0.7625564964925818,0.8872671569201428,1.1505805951893686,1.1405543461241427,1.1753270287223045,1.1564305831768094
2009-07-07,0.7477809201790727,0.8793277587071683,1.129199741703805,1.1193486742366912,1.1504232797181444,1.1319063786754353
2009-07-08,0.7472712370723418,0.8854646119833083,1.1267014594752935,1.1168610787791113,1.147182227591488,1.1286967045869236
2009-07-09,0.7487148012916282,0.8822698961543879,1.1297426193071085,1.1198645397835443,1.1519932696690027,1.1334093463931045
2009-07-10,0.7469316518704757,0.884266011655775,1.125413716193376,1.115562391935002,1.1538352452019973,1.1352006983757834
2009-07-13,0.7651039524995937,0.8951893347246533,1.1528067028079594,1.1427042285520215,1.176547494140451,1.1575248223431334
2009-07-14,0.7694348196168426,0.8922799097366038,1.15948901460647,1.1493165498829683,1.1869107984580027,1.1676990631094901
2009-07-15,0.7919378129038198,0.8987587183178128,1.190568579017658,1.1801117089381261,1.225262179678065,1.2054074740742502
2009-07-16,0.7906639104409242,0.9017730490948295,1.1993898419875377,1.1888436699570948,1.2412589569773103,1.2211225409030015
2009-07-17,0.7993253829863373,0.9021340796908333,1.1978182094535477,1.1872740483057658,1.246325929168068,1.2260847309465508
2009-07-20,0.8078171937753595,0.909783036907078,1.209591402004961,1.198931679384436,1.2588366628348735,1.238369472533452
2009-07-21,0.811553764981919,0.9195687259958123,1.2143126518243947,1.203599351647295,1.261669746503387,1.241133633630509
2009-07-22,0.8113835798473593,0.9161504020176114,1.2131820989717386,1.2024668136179562,1.2728529857587763,1.2521117818636782
2009-07-23,0.8293013442270437,0.921569487192546,1.239107991574836,1.2281515039255673,1.296616964533748,1.275465033069813
2009-07-24,0.8326980685426527,0.9256164491409775,1.246284337719505,1.2352521095299052,1.2985256599418722,1.2773190651280915
2009-07-27,0.8351607372863166,0.9230076820308493,1.2495649358843117,1.238491349728596,1.3013343188908268,1.2800582781305998
2009-07-28,0.8312541554045871,0.9236845262655713,1.24446403121361,1.2334233816448046,1.3006062033488768,1.2793185035376158
2009-07-29,0.829216033585527,0.9243513532862716,1.238962201572099,1.2279581501594061,1.2990081559048865,1.2777230782485358
2009-07-30,0.8378777678200244,0.935386343011146,1.2516664859923723,1.2405372611928744,1.3043422327172058,1.282946122685966
2009-07-31,0.8390667085601823,0.9434647573597366,1.2523865081889924,1.2412385361732927,1.3046797379825745,1.2832544557965424
2009-08-03,0.8529083165314413,0.9470837453415577,1.2704175939648819,1.259096597615029,1.320445355068151,1.2987372509808954
2009-08-04,0.8551162745662818,0.945542216276039,1.2730645681155879,1.261707435243205,1.320828065698037,1.2990897423874688
2009-08-05,0.8526533441335336,0.9382547480397306,1.2696024725235067,1.2582637108933226,1.309646502278268,1.2880684818123407
2009-08-06,0.8482375152935472,0.9366188537874939,1.2638297910020102,1.2525301275022462,1.2990060176734086,1.2775797808634706
2009-08-07,0.8593619182717086,0.9408684469345836,1.2767540370200046,1.2653262355852768,1.306961565011786,1.2853804318022704
2009-08-10,0.8575785071614717,0.9443963867530253,1.2756847052743563,1.2642539010463112,1.3017403953460216,1.2802218964768446
2009-08-11,0.8468789127969983,0.9416972851460225,1.2617415943107126,1.2504232912018391,1.2923171781046372,1.2709310414811723
2009-08-12,0.8559655428748787,0.9437358407400662,1.275319215005241,1.2638665452884728,1.3053523041400088,1.2837268089544587
2009-08-13,0.8625040191081889,0.9534134785524628,1.2832925839024578,1.2717556627998008,1.3178791022588807,1.2960222072959
2009-08-14,0.855880232233362,0.9504968853405431,1.274761844028231,1.2632890506494086,1.3036771783034344,1.282032207559831
2009-08-17,0.8348208031656711,0.9420845762174429,1.246833284036038,1.2355995572760317,1.275343660673208,1.2541460120627475
2009-08-18,0.8414440666623292,0.9443815610376063,1.2574222657155272,1.2460807409984913,1.2887194764092709,1.267276165167488
2009-08-19,0.848831985663626,0.9524849044791954,1.2664953097092484,1.2550594666150463,1.298999374590295,1.2773614864060905
2009-08-20,0.8575785071614715,0.9615032906512321,1.2798132740015185,1.268244562382521,1.3078219306498504,1.2860133954378787
2009-08-21,0.8743920308346511,0.9648999353114377,1.3032407977583693,1.2914474714871367,1.328600434989509,1.3064213461093543
2009-08-24,0.8743071563416083,0.9718412734574323,1.3047289963570112,1.2929093440055148,1.3258331114956698,1.303676207191294
2009-08-25,0.8760056057291076,0.9751726103921353,1.3050896264979457,1.29325384471237,1.3285440495896232,1.3063177803475776
2009-08-26,0.8760904802221503,0.9770172854014284,1.304879276685636,1.293032542296712,1.3317183287596739,1.3094148368388547
2009-08-27,0.8780434658590833,0.9767841782443908,1.3083411492598824,1.2964500909879266,1.3341840250255257,1.3118150760091625
2009-08-28,0.8778737168729976,0.9784605960462621,1.3058689512748407,1.2939874922003987,1.3401360870767685,1.3176430765075624
2009-08-31,0.8700614254064868,0.9736007963276263,1.2956755968780305,1.283874112954354,1.329439410589543,1.307101859329398
2009-09-01,0.8508700202529913,0.9597732973137153,1.27104283016462,1.2594531841470624,1.3064240480894962,1.2844495485085379
2009-09-02,0.8476434810719421,0.9631848846342229,1.2687206813517384,1.2571397059237468,1.3051417690604188,1.2831652036942518
2009-09-03,0.8546914659525935,0.9656181099593919,1.27658931099092,1.2649239294438215,1.3127927860777424,1.2906636171706596
2009-09-04,0.8666651372393519,0.9671546597365605,1.2921229257016995,1.280302865451067,1.3361667657608634,1.3136193969066776
2009-09-08,0.8741373201258278,0.9694361398291402,1.3015816054889855,1.289662192554647,1.3482735403210513,1.3254974598212401
2009-09-09,0.8808457198046132,0.973448550695705,1.3105333730514102,1.2985190682504242,1.3580606679579406,1.335094665093388
2009-09-10,0.889847388159756,0.986592161793277,1.322107967552099,1.3099745239881935,1.3667618191812032,1.3436239244557435
2009-09-11,0.8896772902548912,0.9886539464192018,1.3245309016468056,1.3123621694736987,1.363460653924894,1.3403539570908052
2009-09-14,0.8940078956830556,0.9876154126223494,1.3316825432124992,1.3194349846207183,1.3663378727202427,1.343157676249699
2009-09-15,0.897744466889615,0.9880701418517033,1.3366847182049724,1.3243779823216397,1.3709881436288396,1.3477042314998262
2009-09-16,0.9113312769223558,0.9977478256657744,1.3578028778732831,1.3452883290151965,1.3817279958005844,1.3582366685966412
2009-09-17,0.9099722382773331,1.0018740946112699,1.3535557458906242,1.3410670038511656,1.3728348162635748,1.3494698302723822
2009-09-18,0.9105524902071592,0.9986903204378864,1.3547392296769525,1.3422262185600817,1.3783771340140876,1.3548928651664662
2009-09-21,0.9082491028862046,0.9980926369730067,1.3497208899434359,1.3372409306398851,1.3769962882279652,1.3535106158850592
2009-09-22,0.9135391477275014,1.0024121286031082,1.360081873884794,1.3474927116425195,1.3831574686703498,1.359541672009798
2009-09-23,0.905945279416776,0.9986218537326002,1.3471186029372149,1.3346361570253251,1.3814386969637162,1.357827236990173
2009-09-24,0.8959624514544949,0.9931787962385105,1.3336242097581172,1.3212536624081839,1.3662309553077108,1.3428546915047241
2009-09-25,0.8911847938404678,0.9950516903174026,1.3272639275461946,1.314939299320831,1.3597166383203485,1.3364272195585325
2009-09-28,0.9071403262355703,1.0092342177060578,1.346841865876445,1.3343221710866238,1.3797904898059412,1.3561322651673595
2009-09-29,0.9044094261803888,1.0070440247192618,1.3458584888179441,1.3333346740109226,1.3730025584325272,1.3494358665499129
2009-09-30,0.9009111665000298,1.004339392606361,1.3413396334164236,1.328844652144827,1.3737134809063178,1.3501097193197062
2009-10-01,0.8785570743020804,0.9948895237878591,1.3096075092851345,1.2973952186299387,1.3346515174792946,1.31169477644707
2009-10-02,0.8744613784420191,0.9893518863937126,1.304782935083941,1.2926027783431022,1.3289191630288213,1.306036966225635
2009-10-05,0.8875159128770751,0.9982536693972002,1.3238346291284995,1.311463581141216,1.3423712235426604,1.319233101909869
2009-10-06,0.9002287685975898,1.0028817059218766,1.3414559391739267,1.32890700547429,1.3655249876126232,1.3419630531266242
2009-10-07,0.9027033005797469,1.0092411776848624,1.3448592597399682,1.3322652385028737,1.3657750289546935,1.342184058837485
2009-10-08,0.9096142476098636,1.009644161653397,1.356251046019265,1.3435369831041442,1.370710056345493,1.347009033650244
2009-10-09,0.915159788227237,1.004079685116439,1.3622133562839194,1.349429979014237,1.3874256895648351,1.3634105237726932
2009-10-12,0.9187433585491128,1.0070665996453894,1.3699596458387586,1.3570900779426691,1.396100126246454,1.3719095445811713
2009-10-13,0.9168663499763529,1.0079292352100329,1.3659574061685005,1.3531119780076228,1.394301135428204,1.3701164896522928
2009-10-14,0.932651086629032,1.0123695033305835,1.3865714800127023,1.3735185368821181,1.4128518319803371,1.3883198468563256
2009-10-15,0.936063686749095,1.0127184907847313,1.3908090755492264,1.3777025380650614,1.4070753978643524,1.3826182456304508
2009-10-16,0.9290676907665458,1.0114719052221914,1.3843742942005226,1.3713147571931206,1.3951236472412143,1.3708489857923154
2009-10-19,0.9367465208000089,1.0196668203217347,1.3977857789865957,1.3845859535033798,1.411959215668457,1.3873660678466677
2009-10-20,0.9317980674435585,1.0186395424020818,1.3887062146287281,1.3755784497035568,1.4060563068487513,1.3815405283000142
2009-10-21,0.9234361416700971,1.0107113016197213,1.3799326447782514,1.3668742237939213,1.3953908529847796,1.3710357830129396
2009-10-22,0.9328217079120658,1.0148983064530475,1.3904235934878695,1.3772521978699417,1.4067100474914147,1.3821319559733944
2009-10-23,0.9221563948176499,1.0048812358976393,1.372977449802032,1.359957794531319,1.3893144538663462,1.365015157100485
2009-10-26,0.9121734796256739,0.9931471549291724,1.3554251587250465,1.3425585952945258,1.3836678095562818,1.3594422342828685
2009-10-27,0.9079931709616542,0.9958418985439622,1.3526920184386195,1.3398380739532396,1.3708149741395175,1.346789623241655
2009-10-28,0.8908432023556213,0.9864433560691674,1.3295105622032792,1.3168638020353935,1.3440961342576063,1.3205147443879377
2009-10-29,0.9099554029462361,0.9948417216378065,1.3570229342575015,1.34410109880495,1.3681865313075678,1.3441577317877493
2009-10-30,0.8835908383000476,0.9833222846844315,1.3211214751841043,1.3085284860114852,1.3348094191700717,1.3113426526094283
2009-11-02,0.8900760171898333,0.9859139723777982,1.3299659810363391,1.31727558426695,1.340133047523773,1.3165484392872502
2009-11-03,0.8928909194411097,0.9838430556057721,1.3352649421473284,1.3225108298043944,1.3393092125726382,1.315714869087804
2009-11-04,0.895194830140233,0.9817696617946343,1.3378763366169515,1.3250841018636244,1.3448811268016627,1.3211642899655134
2009-11-05,0.9116618774656573,0.9926054130338849,1.3611316396629582,1.3481036390869678,1.3729703988893793,1.348733368868634
2009-11-06,0.914050837117213,0.9945494559466829,1.363209460706693,1.350148144060478,1.3761943450777263,1.3518755030659595
2009-11-09,0.9348695994569437,1.0086095430961648,1.3922845616491593,1.378930953201694,1.4079621032896619,1.3830564166256067
2009-11-10,0.9350398718211982,1.007985640546483,1.392818938243974,1.3794464848010246,1.4126633483347735,1.387648941923372
2009-11-11,0.939818140043089,1.0127619951156468,1.3990212170615708,1.38557543487757,1.4225400318491268,1.3973249995449752
2009-11-12,0.9302621269774763,1.005848406809016,1.3819622836534424,1.3686668398111068,1.4110670954133206,1.3860298962376345
2009-11-13,0.9352962398942227,1.010965010217864,1.3902125169571498,1.3768240064720836,1.420771195739005,1.395536108462941
2009-11-16,0.9488623764892953,1.024499048471201,1.4103854419586308,1.3967887629274143,1.443199064064423,1.4175395141136715
2009-11-17,0.9499712403696245,1.0274167731774542,1.4117145460792866,1.3980911488071626,1.4454735437539938,1.4197474045730818
2009-11-18,0.9493742403383962,1.0246205480230333,1.4107154822579258,1.3970878310332424,1.4383119142157332,1.4126872159641748
2009-11-19,0.9370022782651697,1.017342439493687,1.3928464052985998,1.3793776521010146,1.412278701804161,1.3870922580834153
2009-11-20,0.9336749015569287,1.0150897058891908,1.3914517401724036,1.3779827681627677,1.4085880561674073,1.3834419499505337
2009-11-23,0.9455348253216646,1.0223134311520907,1.4099305774558717,1.3962688470088789,1.4278537801033788,1.4023379131324811
2009-11-24,0.9469852806868404,1.0258377326738854,1.4102568119639154,1.396578030322407,1.4296136816328366,1.4040405045579019
2009-11-25,0.9503123957059969,1.0298881046870934,1.417433357479854,1.4036710063145537,1.4370698160297555,1.4113372674193552
2009-11-27,0.9348695994569435,1.0213909825850997,1.393940151789503,1.3803921751756154,1.4176108168407286,1.3922010637181843
2009-11-30,0.9380265293415403,1.0244352894887143,1.399852054504687,1.386232831747802,1.4196807636302708,1.394208228637248
2009-12-01,0.949629997803557,1.027473968046628,1.4192463842280043,1.4054244950942794,1.4453756117056056,1.4194159047677175
2009-12-02,0.9492035318256675,1.0275424766381918,1.4201610169443568,1.4063162333487849,1.449473928882314,1.4234143966536457
2009-12-03,0.9417804592573654,1.0184522532155227,1.4102172749193786,1.3964555414221795,1.4511135700390374,1.4249983128047485
2009-12-04,0.9471558147401792,1.017622062549844,1.41343993367456,1.3996328310893305,1.4586747566390883,1.4323970401846204
2009-12-07,0.9457052721453086,1.0172101923239698,1.409663473891821,1.395879378277351,1.4557127097092815,1.4294620251564827
2009-12-08,0.9352106675636213,1.0110468742171872,1.3942198617827257,1.3805730473426256,1.443470271613823,1.4174142465683273
2009-12-09,0.938709014473675,1.0114580682115766,1.4001629669350535,1.3864441912620922,1.452759674277658,1.426509692222623
2009-12-10,0.9439986231664979,1.0102316479692572,1.408944114650538,1.3951254257746766,1.4578157509077638,1.43144804504367
2009-12-11,0.9480088339256527,1.012762442433311,1.4153558708685101,1.4014603579013043,1.454706566741557,1.428368788491985
2009-12-14,0.9544934022075751,1.0174031172338804,1.4265324360172915,1.4125131465099263,1.4694287024980386,1.4427978024114003
2009-12-15,0.9500567254705309,1.012756131950683,1.4203555727968353,1.4063829989791639,1.4613780152263933,1.4348665918856913
2009-12-16,0.9515073552950962,1.0131983019473794,1.420691096916195,1.4067012316406204,1.4644572513713734,1.4378634829286157
2009-12-17,0.9400738102785549,1.0125685521089163,1.403199055639891,1.3893676200515217,1.444371654364152,1.418116509953533
2009-12-18,0.9453922920003575,1.0142671342541485,1.4132253380292068,1.3992811556610933,1.463236988532361,1.4366124580354884
2009-12-21,0.9550002067343776,1.0132372491606285,1.4236643230905868,1.409603120442346,1.4795186486592367,1.4525711085856665
2009-12-22,0.9584312123200438,1.0131534409874396,1.4268307714084092,1.412724243799581,1.4848705745687885,1.4577987053403743
2009-12-23,0.9603184267670957,1.014440142888637,1.4288802141881298,1.4147393537998583,1.4886762575392403,1.461508084854415
2009-12-24,0.964864576771117,1.0131135858065627,1.4374162693446921,1.4231767775579696,1.5027892731335533,1.4753363658277736
2009-12-28,0.966923546487235,1.0132817420729014,1.4389356256973682,1.4246669132312222,1.5023921479994906,1.474919329355784
2009-12-29,0.9655511616989075,1.0150924099054621,1.4364533391753525,1.4221950965740906,1.498082662552656,1.4706615597922317
2009-12-30,0.9652079128498597,1.0175456618654775,1.4347679540708715,1.4205123124672119,1.505677838949231,1.4780904886618325
2009-12-31,0.955943421424277,1.0097474669920778,1.4216332005995582,1.4074940652925125,1.4919054056512644,1.4645434219249047
2010-01-04,0.9721562814190466,1.0196635133086012,1.4449599961842503,1.4305746313786745,1.515572828947467,1.4877493754007507
2010-01-05,0.9747294701860253,1.0239166294679674,1.446361435543928,1.4319478767664175,1.5114581510762608,1.4836829089061394
2010-01-06,0.975415880654426,1.0188665454979668,1.4514802504013709,1.437001388486823,1.5088804165870724,1.481125263725606
2010-01-07,0.979533296708493,1.0221327280346097,1.4561403591455708,1.441600673650431,1.5059950453447175,1.4782657399003305
2010-01-08,0.9827929831735672,1.0239903867098117,1.4605236417822791,1.4459258079360973,1.5210382866094494,1.4930044966588636
2010-01-11,0.9841655424212843,1.0226009387613113,1.4664314199173982,1.4517600993057005,1.520642158269418,1.492588177795151
2010-01-12,0.974986536096608,1.0238801290959696,1.4542656840263894,1.4397017599024209,1.494998182940089,1.4673902749874113
2010-01-13,0.9832220660423006,1.024307705760379,1.4668240681400404,1.4521199340140314,1.5114170857023232,1.4834786486684088
2010-01-14,0.98588100159927,1.0317069380100268,1.469457226590021,1.4547122281569875,1.5140381574916142,1.4860238995941153
2010-01-15,0.9748154786651002,1.0273122121684477,1.4540850068074225,1.4394799412968953,1.4894562797730486,1.461869934863889
2010-01-19,0.9869960587879301,1.033841174120132,1.4726745834417936,1.4578683015318734,1.5118130204294526,1.4837852751419929
2010-01-20,0.9769597590227349,1.0317227649712413,1.4558199115238661,1.441168753030853,1.494182514646957,1.4664546140493264
2010-01-21,0.9581738847203762,1.021708602049487,1.4284628384440954,1.4140729334321038,1.4768292294258067,1.4493966619581693
2010-01-22,0.9368145599619545,1.007333669150608,1.4008060732228493,1.38668098248273,1.4322654430834836,1.4056347720843887
2010-01-25,0.9416178631062535,1.0085930436699373,1.4077834752877907,1.3935741673803868,1.4421902136438385,1.4153489387060314
2010-01-26,0.9376722023212526,1.0061898297000471,1.401370714837222,1.387212336475486,1.437507795378484,1.410727683427019
2010-01-27,0.9421326055352831,1.0088416070373407,1.4072383914586206,1.3930068759990324,1.4480963111033451,1.4210927653573717
2010-01-28,0.9313244102007808,1.0016771932543218,1.3933897449411121,1.3792845638621645,1.419470108433038,1.392974716458554
2010-01-29,0.9212021019565104,0.9986475453114118,1.37992141486689,1.3659389873276582,1.3940733228903899,1.3680267823027819
2010-02-01,0.9355274858151438,1.0043392411981034,1.39946436670966,1.3852701372859844,1.4150029760340481,1.3885398156777962
2010-02-02,0.9468508597271497,1.0127792018348114,1.4180248667808601,1.4036284251165883,1.4308353216105736,1.4040502065536336
2010-02-03,0.9421326055352831,1.0050535630297943,1.4079690980302089,1.3936608860787705,1.4284298374062832,1.4016639360655296
2010-02-04,0.9130529294086722,0.9928029643751632,1.3644376336731048,1.350558369362084,1.382153568172549,1.3562298111075206
2010-02-05,0.9149403183151137,0.9948999927603789,1.3667541339410438,1.3528378507760992,1.3967128755515252,1.370490800648664
2010-02-08,0.9083350241355849,0.9911098778296498,1.3548204516052014,1.3410123396775548,1.3872129540528142,1.3611441615270206
2010-02-09,0.9197436214594127,0.9946184415417082,1.37209333178806,1.3580956700874587,1.402533019116668,1.3761509819331847
2010-02-10,0.9179426771805206,0.9896537844339294,1.3696164848174794,1.355630608283491,1.4017632631534367,1.3753703728431896
2010-02-11,0.9275502429957615,0.993720884970939,1.3830379724940336,1.3689014272373121,1.4206972745716897,1.3939222139036438
2010-02-12,0.9267777368185907,0.9948619372150652,1.3809071558812676,1.366778796773633,1.42472268870031,1.3978460169561653
2010-02-16,0.9413610588847552,1.0050046591469561,1.4048918517421134,1.390504270346654,1.4496846086951312,1.4223108459455032
2010-02-17,0.9458215493284804,1.0032793319323754,1.409273237997229,1.3948269138825176,1.4542630508801262,1.4267765561187915
2010-02-18,0.9513971841905605,1.0052106839096402,1.4181033239756178,1.4035525240366538,1.463314010241191,1.4356300042512924
2010-02-19,0.953369796508824,1.0086305426451523,1.4231408478394134,1.408524350227858,1.4649140874118394,1.4371733392564372
2010-02-22,0.9535416390075849,1.007070583518616,1.4209564032126056,1.406348353867559,1.4625845444566097,1.4348614821351342
2010-02-23,0.9419612864146909,1.006018240062699,1.404354951739383,1.3899037488141772,1.4399226059847627,1.4126030789517772
2010-02-24,0.9506253758509481,1.0125487068386467,1.415169958537119,1.4005935361503763,1.4560086822507012,1.4283576470797785
2010-02-25,0.949338476163527,1.0140038505464342,1.4142153395196184,1.3996348293252237,1.4547185194003074,1.4270657010805998
2010-02-26,0.9499387036934628,1.0164788682984687,1.4151818138399228,1.400577409455273,1.4550003392753181,1.4273158746107255
2010-03-01,0.9598034226489814,1.0226344364515798,1.4284804303379046,1.413724726151549,1.4757370853549474,1.447631396753284
2010-03-02,0.9624630560435093,1.0237971266056571,1.4337885216318098,1.4189638739729553,1.4770441845915991,1.4488869155149064
2010-03-03,0.9633209600918918,1.0233121811051071,1.4344499482287865,1.419604342641295,1.4752993894987545,1.4471487273841095
2010-03-04,0.9662370487891391,1.0273303584689895,1.4370757124276239,1.4221887871054044,1.4796295966430966,1.4513695762003078
2010-03-05,0.9800476029890482,1.0307493759470763,1.4558227843611549,1.4407273255573532,1.4990055225901522,1.4703483519946983
2010-03-08,0.9802197944065885,1.0287112488889671,1.4535695526487489,1.4384831507772649,1.498419252827366,1.469746219491935
2010-03-09,0.9818495067945833,1.0298291702090767,1.4559177182185918,1.440792615207247,1.5005478350496884,1.4718069615022396
2010-03-10,0.9862243376780125,1.0315272459188274,1.4606860885816593,1.4454970717298736,1.5146181915809416,1.485580457864262
2010-03-11,0.99034157927269,1.0356311636069035,1.4662031322994529,1.4509423154006658,1.515782086332365,1.4866946559369896
2010-03-12,0.99042767498146,1.038265055270785,1.4636586564118415,1.448409917808332,1.513354991843395,1.4842867981627457
2010-03-15,0.9906848281217377,1.0378757039681776,1.4652751360647034,1.449995135224296,1.5105638502764567,1.4815219806169588
2010-03-16,0.9985764113808241,1.046144681674284,1.4788242137364904,1.463388367501169,1.5323147558947046,1.5028270266197028
2010-03-17,1.0044955567810365,1.0516571852421068,1.4854784092507909,1.4699584871416962,1.5421537854220657,1.5124488574851067
2010-03-18,1.0039804654332278,1.0499537689163947,1.48411838736173,1.468598068040544,1.540699574670413,1.5109948272358473
2010-03-19,0.9988992484812881,1.047179815842063,1.476134069437974,1.4606827192653364,1.5287372967513633,1.4992355686186285
2010-03-22,1.0042392759377068,1.0509975384573143,1.4793527027008364,1.4638531024638781,1.5418762027076194,1.512093067931762
2010-03-23,1.0113023515555593,1.0534542946775294,1.4897580291442525,1.4741347478728046,1.5592845938670745,1.5291370311155967
2010-03-24,1.0063924537242117,1.042692624429349,1.479288612567422,1.4637605671128506,1.5437684305258947,1.5138929769541773
2010-03-25,1.0047561118794117,1.039012887403379,1.4749309538541007,1.4594341353524087,1.5424712020614137,1.5125929929254267
2010-03-26,1.004153180228937,1.0398099608052465,1.4751301296391157,1.4596167013677805,1.5415574125379365,1.5116690609386043
2010-03-29,1.0105267923390704,1.0421802485291831,1.4873311695800666,1.4716747902387608,1.5497691257640263,1.5196935713901352
2010-03-30,1.0112166919952632,1.0439243387610737,1.4868958867549558,1.4712294568488753,1.551972101275054,1.5218257649538551
2010-03-31,1.007770682902091,1.044655086783158,1.4847495382698706,1.469091111707452,1.5467211763408184,1.516648902185141
2010-04-01,1.0146613926430137,1.0479193790339902,1.4969975963990763,1.4811952680039817,1.5527471551808303,1.5225296774309234
2010-04-05,1.022930157102426,1.0460690018667271,1.507576342821846,1.4916475093857988,1.571989056670952,1.5413687289865008
2010-04-06,1.0253422326231043,1.0482185172746659,1.5109658457698136,1.4949863304890405,1.572241943276377,1.5415882957265945
2010-04-07,1.0194851947655912,1.0499860211104077,1.5029279193752865,1.4870186211577687,1.5707681273532583,1.5401148476408797
2010-04-08,1.0230166889596701,1.0523578954749369,1.504767333286402,1.488823756330564,1.5668991202803062,1.5362930471720175
2010-04-09,1.0297348583642734,1.057499934869994,1.514567963475901,1.4985056413003608,1.5784728609080454,1.5476122142491573
2010-04-12,1.0313716363575471,1.060743063500493,1.5170433631724474,1.5009398607857014,1.5857621633491141,1.554730367872128
2010-04-13,1.0321468466552568,1.0625968681613742,1.5156223615190114,1.4995190292178737,1.5911975342455755,1.5600306402997213
2010-04-14,1.0438609223702828,1.0668491365399184,1.5285539376217367,1.5122981676220963,1.6226646177271273,1.5908520745535948
2010-04-15,1.0447221411470677,1.067855762743934,1.529990076889444,1.513703978916263,1.6297663947683985,1.5977851913365793
2010-04-16,1.028098603749168,1.0607730606823982,1.5066242559856229,1.4905720523606913,1.6043685367433798,1.57285675023377
2010-04-19,1.031974829697106,1.0621340295592103,1.5115952310793461,1.4954751909018136,1.604895062062688,1.5733439550881143
2010-04-20,1.0411907341826838,1.0693416633546415,1.525708139494485,1.5094225832058004,1.6187041850872508,1.586852372814697
2010-04-21,1.0392958435224893,1.0716925652581453,1.5232288073720903,1.5069547278318003,1.614616405663246,1.5828158767508895
2010-04-22,1.0423965974836333,1.0723347859289762,1.5252937900498718,1.5089826403144264,1.6248266274656165,1.592795666939656
2010-04-23,1.049201124286091,1.0750171920950735,1.5367626830809507,1.5203137668264057,1.632379332819656,1.6001700093573115
2010-04-26,1.045239151548162,1.0730587168440773,1.5293127852322375,1.512928562519613,1.6280876084359746,1.5959335722887722
2010-04-27,1.0205187794193056,1.0638745745888392,1.4983966535529023,1.4823289064468725,1.5901248242595976,1.5586918279319413
2010-04-28,1.0282706207073182,1.065094567620453,1.5103314858505497,1.4941208977950977,1.5981172433488944,1.566497403101265
2010-04-29,1.041018717224533,1.0748022115511515,1.5256606472584109,1.5092705183664945,1.6214722594523145,1.5893610504049136
2010-04-30,1.0233610717947497,1.068820224261538,1.5064789993763281,1.49028011634137,1.5865473045596699,1.5550990972996654
2010-05-03,1.0366258297942796,1.0765736964716621,1.5246707159952002,1.5082612200041245,1.6114597322200368,1.5794886240227035
2010-05-04,1.0122496660411138,1.0691338397012349,1.4935516630952599,1.4774623959950648,1.5666007288646437,1.5354913345927115
2010-05-05,1.0062206112254501,1.06783306814892,1.485858499181017,1.4698374878737885,1.5580219199863912,1.527054756537496
2010-05-06,0.9728004727151623,1.0597459865852388,1.4437335131111233,1.4281525030221245,1.509697144334398,1.479663228254219
2010-05-07,0.9583295897255983,1.0449879550530297,1.423995045582032,1.4086130464936564,1.4844755360575057,1.4549165810865998
2010-05-10,1.000535415866698,1.0639425536778053,1.4795206553732647,1.4635243125363517,1.5538999083872318,1.522930521353885
2010-05-11,0.9976931234912536,1.061037985197069,1.4773161293080102,1.4613290873588365,1.5504696137972642,1.5195406050217954
2010-05-12,1.0116467343906388,1.0667138031086723,1.4972157509500874,1.4809986319413935,1.5806972680535043,1.549136740342856
2010-05-13,0.999071265439438,1.0615674078118438,1.4812899574258325,1.465230766028633,1.5518805433140785,1.5208673639660124
2010-05-14,0.9809830542361097,1.0574113506248226,1.4575201018881911,1.4417042690369928,1.5209176532541844,1.490495791348636
2010-05-17,0.9814998029481196,1.056185951563676,1.457793958273495,1.4419608122880958,1.5294939431472228,1.4988729284577158
2010-05-18,0.9681490364695143,1.054045733691796,1.4405152330771978,1.4248555805288785,1.5023642409622464,1.4722592555818583
2010-05-19,0.9626362942173866,1.0518506584455245,1.429966448636723,1.4144074031186997,1.4976790753528717,1.467640941276098
2010-05-20,0.9262878548525794,1.0368893970802162,1.379475124526583,1.364451889720416,1.4480779151218686,1.419008468314138
2010-05-21,0.9398108127487248,1.0463939267586821,1.3950664900407115,1.3798597329592732,1.4655745996617182,1.4361274640651933
2010-05-24,0.9277521797392287,1.0368918351781797,1.3789388344552103,1.3638943099426823,1.4497239832704552,1.4205691620755723
2010-05-25,0.9286991453060046,1.0395569148461619,1.3767343044106453,1.3617002885936729,1.454831664235377,1.425547867852165
2010-05-26,0.9231009179529704,1.034615512737215,1.371740717395888,1.3567477378765276,1.4453084343671703,1.4161902434407727
2010-05-27,0.9540234086119785,1.046021299430596,1.4120905388594598,1.3966426493616644,1.4983813533032926,1.4681668767300828
2010-05-28,0.9420502607033889,1.0400610800313301,1.3985342541126267,1.383220909462595,1.4820124498967076,1.4521013023416975
2010-06-01,0.92620141022503,1.0324867252434655,1.3729902866412709,1.3579431315351331,1.4508808633076438,1.4215718546391507
2010-06-02,0.9503189379331065,1.0446945596356352,1.407067724179764,1.3916332597543082,1.489639263207376,1.459520420017164
2010-06-03,0.9535923194602647,1.0438044247511242,1.413824236029722,1.398301750559193,1.4968610911068516,1.466569218407666
2010-06-04,0.9200861724709017,1.0330225839524818,1.3684125973418786,1.353375229349109,1.4445002260774298,1.415241909693307
2010-06-07,0.908630296652491,1.028474597527464,1.3563214119158873,1.341403571574261,1.4268260641106525,1.397899990024446
2010-06-08,0.9183633859985525,1.0330388591221695,1.3711339149103294,1.3560396686387455,1.4432441342778703,1.4139591731138716
2010-06-09,0.9134534881672048,1.029261616787166,1.3637641474343372,1.3487376175997854,1.436380793748478,1.4072091781976928
2010-06-10,0.9401551083541102,1.0399574933607731,1.4012382476425917,1.3857850295797995,1.4812669607416244,1.4511570187496392
2010-06-11,0.9447205361206827,1.0482637061179738,1.4059916254235345,1.3904721565110614,1.486357820945862,1.4561175765485423
2010-06-14,0.9432564729231178,1.045136684663226,1.4059621927460546,1.3904292197720616,1.4852550363058012,1.4550104289679457
2010-06-15,0.9647037252139005,1.0576692868405204,1.4365596112674621,1.4206744703761682,1.5200254860585667,1.4890454134565974
2010-06-16,0.9643589062303461,1.059853524046735,1.4368386889703153,1.4209363297428526,1.5185965205334393,1.4876181721822301
2010-06-17,0.9659093268257656,1.0643260055163242,1.4419892617845758,1.4260157151867532,1.5229605150064076,1.4918656659651606
2010-06-18,0.9669569554603434,1.0643226655836169,1.4439716950257668,1.4279619859107946,1.526009981880787,1.4948253380956205
2010-06-21,0.9641872381909748,1.0612736658871298,1.4386169314597046,1.4226524426447424,1.5227542324755827,1.4916086478712431
2010-06-22,0.9482633701750858,1.0558124058635943,1.4151259555561184,1.3994082304142026,1.494800840017475,1.4642000302849763
2010-06-23,0.9453204147318395,1.0567167965373054,1.4101214004842995,1.3944453917704467,1.48962362750501,1.4591019283864297
2010-06-24,0.9296563167470723,1.0436980081313112,1.3908934939134743,1.3754175579586152,1.4674339135332257,1.4373403975356975
2010-06-25,0.9335505992418346,1.0480138316931589,1.398441543638479,1.3828678697043455,1.4757201291027056,1.4454300600347232
2010-06-28,0.9306080799470623,1.0499678989318237,1.3947238853623856,1.379177895904015,1.4685012019767003,1.4383328137226599
2010-06-29,0.9018755780057655,1.035096362892892,1.356979744554022,1.3418411163393673,1.4258653630271592,1.3965471484204819
2010-06-30,0.8933076156931806,1.0319816752752382,1.345504125334525,1.3304802877978021,1.4153590505349491,1.3862313310696412
2010-07-01,0.8893268013411743,1.0298735756452833,1.3373813810909438,1.322435089059382,1.408704580981544,1.3796883967778102
2010-07-02,0.8844804067276428,1.0232215752800005,1.3330078699397838,1.3180973458024556,1.4031828842984664,1.3742551228674142
2010-07-06,0.8902789134599434,1.0306169550769688,1.3410069458043545,1.3259937589366908,1.410133737511682,1.38103724173634
2010-07-07,0.9183191605432877,1.045265734038304,1.3810697496924014,1.365594459448147,1.4483972590812637,1.4184851127650087
2010-07-08,0.9274059650805577,1.0488073047266102,1.39431336229512,1.3786759614538733,1.463879007818325,1.433620728728556
2010-07-09,0.9343293859570313,1.0511087334788847,1.4031881731991214,1.3874374410437222,1.4718736811544129,1.441423603651203
2010-07-12,0.9349352834171294,1.0513482529278453,1.4032208872399072,1.387455988499667,1.470950963022378,1.440493442754115
2010-07-13,0.9490422441199774,1.0572619050399021,1.4207405192200606,1.4047648194880602,1.4878162283101428,1.4569826601100664
2010-07-14,0.9489557122627333,1.061462032084302,1.4207494350634662,1.4047596636060666,1.4887004568905937,1.4578217128063888
2010-07-15,0.9492155695235499,1.0658686503827512,1.4231092294060261,1.407078905194546,1.4917448033867435,1.4607760077170628
2010-07-16,0.9230786743807958,1.050341643566693,1.3873605016278452,1.371719218826907,1.4567580070808919,1.4264892673813587
2010-07-19,0.9285312281435099,1.0514800971160045,1.3949655139949388,1.3792247737901715,1.4644510927509822,1.4339960926888518
2010-07-20,0.9388300892900605,1.059107625672042,1.4094957689715888,1.3935772096457912,1.478632187637712,1.4478556073315294
2010-07-21,0.9266271783653612,1.0580262483649838,1.3918796443668413,1.3761463510917054,1.4629096015175296,1.4324338911438546
2010-07-22,0.9473111708266221,1.0673018140018455,1.4195030812660558,1.4034435844850086,1.4895501719139033,1.458492614852515
2010-07-23,0.955532831250841,1.0683301811348116,1.4286176086521043,1.412440947128432,1.5019938284292076,1.470649730120126
2010-07-26,0.9654854777387205,1.0742787609010633,1.4422542722716807,1.4259090169378994,1.517714500995138,1.4860149681768704
2010-07-27,0.9653990331111713,1.0700794333276795,1.4436287991730177,1.4272537709548851,1.5184786781409938,1.486735800792315
2010-07-28,0.959167518173871,1.067323433598706,1.434859096957758,1.4185694343289874,1.509260879376979,1.4776834776109422
2010-07-29,0.9544944489639121,1.0640739999667401,1.4281927335057154,1.4119647096112802,1.5003696894424114,1.4689512568721093
2010-07-30,0.9543213852494239,1.0705831020948327,1.4286585159304366,1.4124111519529203,1.5031240047901604,1.4716207903346472
2010-08-02,0.9758706090534306,1.0790764214400914,1.4521963949132866,1.4356670684439394,1.5237751878661958,1.4918116785860456
2010-08-03,0.9711970164653029,1.0784670697761596,1.4488095748268368,1.4323045527135732,1.519922892065974,1.4880127833963754
2010-08-04,0.97768821420403,1.079491039888815,1.4558024693387386,1.4392034692442792,1.527327467852996,1.4952343632080012
2010-08-05,0.9766495702280168,1.080818294218147,1.4551227982366297,1.4385172405077908,1.527254996336174,1.495135876136683
2010-08-06,0.9726687558760104,1.0828903354470647,1.4535655680101438,1.4369634893045777,1.5265998748755858,1.4944670062378655
2010-08-09,0.9778609289997389,1.084757669979678,1.4584689402190905,1.4417965172105986,1.531697439879317,1.4994296569183896
2010-08-10,0.9725821367890715,1.08215778643213,1.4552352391665693,1.4385854741731772,1.5285783023271735,1.4963486685386305
2010-08-11,0.9459265738810219,1.0701664361483463,1.4249354282941422,1.4086183223056463,1.4958301802946712,1.4642640614868652
2010-08-12,0.9401278926893316,1.0651735409706418,1.4196638795641003,1.4033931808312294,1.490479017861816,1.458998950480094
2010-08-13,0.9373587860278266,1.068604678820305,1.4196430994227216,1.4033586813138925,1.4910585703666006,1.4595393796589409
2010-08-16,0.9369259522822166,1.079006464448107,1.422147674500154,1.4058205449324188,1.493923598134653,1.4623169102865443
2010-08-17,0.9484366955786582,1.0844902770999796,1.4354287018603302,1.4189349854789153,1.5089680579731082,1.477015872420353
2010-08-18,0.9501672454938447,1.0868426563781401,1.4355470209153884,1.41903783151726,1.5110117607585976,1.4789890591216368
2010-08-19,0.9336373927881627,1.082277104781747,1.4181378230111932,1.4018149020415562,1.49261310082215,1.4609534111336173
2010-08-20,0.930608079947062,1.0796810035223916,1.413653092845604,1.3973678936562415,1.4879376570054448,1.4563503137671274
2010-08-23,0.9270597504218863,1.0772928106896968,1.4115834227112238,1.395308188530692,1.4832089426725483,1.4516952467883588
2010-08-24,0.9132993532964885,1.07460524324833,1.3993002460249537,1.3831528774906194,1.4691441297521008,1.437902784312834
2010-08-25,0.9168476828216642,1.0757141430010344,1.4016576980188014,1.3854693458134344,1.4702574993513344,1.4389659743154002
2010-08-26,0.9107027869713029,1.07543444174408,1.3952271559946317,1.3790993566484118,1.4660990652654062,1.4348696159340166
2010-08-27,0.9248096604444562,1.0732488086121572,1.4099125593454884,1.39360114705214,1.4793298250161295,1.4477918802545064
2010-08-30,0.9113953907480348,1.0721398940124023,1.3961108379399136,1.379945374400315,1.466705532995567,1.435410288168577
2010-08-31,0.9113953907480348,1.0768929546884414,1.3968231124539665,1.380635670003315,1.4662093617777432,1.434898274932343
2010-09-01,0.9386567638864877,1.087313318966001,1.43530878416238,1.4186612309142266,1.5079750138132488,1.475744834960371
2010-09-02,0.9473979643729501,1.088793334721511,1.445669778145464,1.428887840566943,1.5191274269794917,1.4866315041775366
2010-09-03,0.9596868837767246,1.0918687222516144,1.461831938485248,1.4448480136293602,1.5348876090326788,1.5020268921040942
2010-09-07,0.9488690931757939,1.0934230647836205,1.448356028119924,1.4315144321543358,1.522264953955856,1.489647040711803
2010-09-08,0.9555328312508405,1.0945546233197536,1.456165068895702,1.4392183546101485,1.530464666151679,1.4976434712766107
2010-09-09,0.9599467410375413,1.088945718051332,1.4634810750878116,1.4464348318361062,1.5361879784522903,1.5032163585232823
2010-09-10,0.9647928739619882,1.0902516945663006,1.4696337990414667,1.45250144417622,1.543855410188728,1.5106913972090514
2010-09-13,0.9755245688541487,1.0996596649608665,1.4823979631375046,1.4651022375450333,1.5544723039099066,1.5210522105954962
2010-09-14,0.9749187586237454,1.1034851142139956,1.4823422090213383,1.4650325630015353,1.5538989415382798,1.5204631702604245
2010-09-15,0.9786404135524936,1.0994648099426183,1.4859701194686132,1.4686035030674491,1.5559508581023649,1.5224428937120855
2010-09-16,0.978380556291677,1.0949462750634813,1.4845084542686022,1.4671443284949224,1.553695044062142,1.520207659286121
2010-09-17,0.9787459614832046,1.0969649823218246,1.4844504602587762,1.4670724216136197,1.5551590624358003,1.5216120970859752
2010-09-20,0.9937110879235195,1.1095749418843472,1.5054848693858927,1.4878457890766978,1.5767184211909193,1.5426779761610088
2010-09-21,0.9917100387247504,1.1143974226769195,1.5031179461201267,1.4854918235558359,1.5756056859100087,1.5415608707416997
2010-09-22,0.9868377368918626,1.1151109042914351,1.4985240739536816,1.4809370917344407,1.5727068254274408,1.5386963065386219
2010-09-23,0.978833191178007,1.1109629858291772,1.4853502529188904,1.4679032818487292,1.557877919888984,1.5241600100474952
2010-09-24,0.9990187531631665,1.1187363962063512,1.5135090286455115,1.4957164275960966,1.5882183923628603,1.553815189750934
2010-09-27,0.9942333321063019,1.1233038332876897,1.506940762760115,1.4892105659258443,1.5815966708717595,1.547308405405497
2010-09-28,0.9977135352398367,1.1287352442370149,1.5139785164998223,1.4961506352144422,1.5896137978741607,1.5551230816466384
2010-09-29,0.9959732155988323,1.1256801454486944,1.5124337328772137,1.4946091771231311,1.5895596803060956,1.5550414965481851
2010-09-30,0.9930154311074696,1.1233759833877035,1.5086827608486229,1.490887583518177,1.5849087749032116,1.5504630307560678
2010-10-01,0.9971912910570544,1.1240388095815161,1.5159023420300222,1.498007109584159,1.5873910044487312,1.5528627109448068
2010-10-04,0.9897089022962866,1.1201384855688805,1.504762866328173,1.486984346170939,1.5716853733600218,1.5374703843419208
2010-10-05,1.0096338219533763,1.1309777963542833,1.5331858869347015,1.5150564851088208,1.6085370134552939,1.573490796777479
2010-10-06,1.0095464177991842,1.1366037206142916,1.534708501930244,1.51654601242411,1.6032269463292634,1.568267538099228
2010-10-07,1.0083281678815728,1.1319904976824398,1.53162169919365,1.5134806876292837,1.6051225686924016,1.5700929062063251
2010-10-08,1.013984141292566,1.133810688618936,1.5400897574159411,1.5218333116310747,1.6179930722491072,1.5826533778408063
2010-10-11,1.0149409638148545,1.1345396969609949,1.5409291360405035,1.522647596179731,1.6207480590341683,1.5853189916543633
2010-10-12,1.0180732076958223,1.1321562727304455,1.544119023263881,1.5257844635114663,1.6277442730918048,1.592132945644339
2010-10-13,1.025990698174265,1.1367368862685046,1.557232255522145,1.538726687998171,1.6329567326059944,1.5972019501610202
2010-10-14,1.0219885997767268,1.1272815923723574,1.5517672858058853,1.5333114119233822,1.6284315967978236,1.5927465592875816
2010-10-15,1.0240768786702983,1.1231554414362688,1.552466719278267,1.5339872699724362,1.6410135652097078,1.6050232472862749
2010-10-18,1.029123290974012,1.1301055353107792,1.5620560982346803,1.5434471530167897,1.6396536342844814,1.6036636047397697
2010-10-19,1.0156374056981576,1.1239479021684449,1.5398394682474166,1.5214800598247873,1.6189981543992606,1.583432343336085
2010-10-20,1.0255558581456747,1.1315063308555842,1.5554947313873295,1.5369333802096583,1.6343274748452226,1.5983954722234814
2010-10-21,1.027818334739767,1.1276302571496675,1.556590720608497,1.5380009945875937,1.6357735890458729,1.5997803266644446
2010-10-22,1.0297322414734285,1.131935605997611,1.5579674861370674,1.5393460079288233,1.6456164003046314,1.6093769159742217
2010-10-25,1.0327776918080676,1.135239687251752,1.560990503767264,1.5423175535950635,1.6533932890479028,1.6169527613269936
2010-10-26,1.0329517150491987,1.1283421489552161,1.558957999471188,1.5402940431434795,1.6525227882779727,1.616071680415261
2010-10-27,1.0299934944093618,1.1224354428091423,1.5532211594424417,1.5346106220298452,1.6608519935436188,1.6241872459604614
2010-10-28,1.0301673431911031,1.1237710076265812,1.5557780887253374,1.537121626530297,1.6635487083190312,1.626794465078577
2010-10-29,1.0309501424722607,1.1284853376629111,1.5572808268262406,1.5385910416786708,1.6659226089395407,1.6290859114808012
2010-11-01,1.0312983634139123,1.1267702884453181,1.5543593831510538,1.5356893861865801,1.666234243119312,1.6293606442335502
2010-11-02,1.0394769323688988,1.1380554726876366,1.5674790868059458,1.5486361016937065,1.679284616947722,1.642091969480777
2010-11-03,1.0436535773857367,1.131512766354249,1.571408483744334,1.5525028216566477,1.6878309660505804,1.6504186363321975
2010-11-04,1.063752171365178,1.1481100741529564,1.6014760325805202,1.5821928907338783,1.721471102374486,1.6832821042485195
2010-11-05,1.0677546186814955,1.1428246508995898,1.6064136595104623,1.5870552798630924,1.7318299327966373,1.6933799453247258
2010-11-08,1.0657530461045577,1.1435919941992154,1.60328202194829,1.5839456270490424,1.730742621731151,1.6922856050778026
2010-11-09,1.058096546872964,1.1285768803484413,1.5922012045985647,1.5729828053952708,1.717617921360732,1.679421602248513
2010-11-10,1.0623598109767407,1.131915242733008,1.5967383359820726,1.5774494830809456,1.7223232282633205,1.6839912558952295
2010-11-11,1.0583574508901181,1.1291212244882343,1.5934240096344385,1.574159538033711,1.7116536778403346,1.673528342540416
2010-11-12,1.0458284753662472,1.118663257600207,1.5733567542358682,1.554319436479297,1.6938356921555386,1.656076731585388
2010-11-15,1.0443493214314814,1.1083733465800052,1.5734996336026048,1.5544451268199029,1.6889859975539643,1.6513047315186558
2010-11-16,1.028078977067837,1.1090242494664457,1.5497906263082404,1.531007999846554,1.6648441483366476,1.6276715072972792
2010-11-17,1.0286011340209245,1.1069169539589543,1.5494598172586098,1.5306659763140973,1.6676277572015956,1.6303629346748447
2010-11-18,1.04374045816176,1.1184979055347768,1.5727774313235252,1.5536853117180975,1.6944002510881564,1.6565066596107065
2010-11-19,1.0466121469443528,1.1230939174609866,1.575445363812437,1.5563053791640888,1.701044703759023,1.6629718859672327
2010-11-22,1.0457416818199188,1.1244404172311835,1.573789754194906,1.5546544211470372,1.7102204459744395,1.6719114621958353
2010-11-23,1.030602444908778,1.1168987912573722,1.5526932386095142,1.5337991581746135,1.6899464874254158,1.6520612121412173
2010-11-24,1.0458284753662472,1.1188252162327617,1.572826714051063,1.553672185173353,1.7208983414406382,1.6822882010271736
2010-11-26,1.0336477207840278,1.1172235442880245,1.5580015374701084,1.5390122489534035,1.707873160591801,1.6695245032595736
2010-11-29,1.03678022635408,1.1230762547768371,1.5598313287005625,1.5408044137137256,1.7076074184046797,1.6692339830399647
2010-11-30,1.030950142472261,1.1216273782226234,1.5531690153087232,1.5342081086760204,1.6938018880054795,1.6557081952860961
2010-12-01,1.0528761113281195,1.1259668066405606,1.583550599180927,1.5642032404418427,1.7316221444443312,1.6926466959376611
2010-12-02,1.0663625199821425,1.133446270085948,1.6005565519709088,1.5809856952869428,1.7541994092695572,1.71468420826756
2010-12-03,1.0692335109271767,1.1317219351568544,1.6053984681950997,1.5857526352334603,1.7615670636201648,1.7218541841833168
2010-12-06,1.068102752393452,1.137396132800206,1.60372400857067,1.5840829115833004,1.7607353100377998,1.7210094830531395
2010-12-07,1.0687118773522577,1.1280461444011882,1.602481162867864,1.5828395446174524,1.7613600992393552,1.7215884664019099
2010-12-08,1.0726267460549932,1.126165209231765,1.6054320588348614,1.5857384999895328,1.7680512580175907,1.7280967091619361
2010-12-09,1.076803391071831,1.1310182703972582,1.6116433031741149,1.5918577197517305,1.771825532157851,1.731753795436215
2010-12-10,1.083067704374377,1.1322145766469,1.6209249506797978,1.6010094963709904,1.777665162528391,1.7374293552112827
2010-12-13,1.0837639717982905,1.1343530832842814,1.624129780845224,1.6041589958123244,1.7730040277224735,1.7328418042934872
2010-12-14,1.084720794320579,1.128353769026714,1.6264709655952931,1.6064554151579313,1.7752158846454162,1.7349716022470225
2010-12-15,1.079761611711668,1.1193806545808158,1.61842922515984,1.5984967390210536,1.7652443155293438,1.7251943136474885
2010-12-16,1.0860260994736035,1.1263791518526018,1.6276956149014634,1.6076330152021279,1.7768631305559834,1.736517535794409
2010-12-17,1.0871892202240998,1.135319807808964,1.6308918717739,1.6107738553039108,1.7798405309936582,1.7393952938474184
2010-12-20,1.0898134383625377,1.136476781063835,1.633110433609995,1.612949007785401,1.7771313343543271,1.7367156732671207
2010-12-21,1.0967231641769273,1.1439726786466682,1.64144558800606,1.6211651374451104,1.7892617250001566,1.748537987920494
2010-12-22,1.100134455851568,1.142838748633358,1.6474775149288488,1.6271063555888483,1.7894070842475975,1.748647831066058
2010-12-23,1.0985601343197728,1.140925007185991,1.64574188926677,1.6253760253652434,1.786935566699031,1.7462004472991344
2010-12-27,1.0989970678610386,1.1452732245586463,1.646611211747432,1.6262184160253104,1.7896226455784494,1.7487940609162076
2010-12-28,1.1005712149334441,1.1372854576295377,1.6498676349960013,1.6294183035476253,1.7876454190087805,1.746829768713354
2010-12-29,1.1013588990775105,1.1454709277019683,1.6519598681761904,1.6314683782125805,1.7920739146370255,1.751124899268909
2010-12-30,1.0996095075482466,1.1440347134779176,1.6486234778743354,1.6281571803280603,1.7898411430131422,1.748910934074125
2010-12-31,1.0998719816999074,1.1492619808112692,1.6502702618290195,1.62976731146842,1.788152956009585,1.747229171061508
2011-01-03,1.1112421107283272,1.1529228537197411,1.6640204196060953,1.64333029309895,1.804300888395187,1.7629750692131618
2011-01-04,1.1106301944192878,1.1530847293317257,1.6616741068638137,1.6409968329419142,1.801921759637372,1.7606180039793016
2011-01-05,1.1164024450134529,1.1465207099488264,1.666615829628048,1.645860693273837,1.8081565830613473,1.7666773726235128
2011-01-06,1.1142162944023128,1.1471793843187523,1.663929798690725,1.643191769849814,1.8117289864649584,1.7701352214160797
2011-01-07,1.1120294459536144,1.148276178886318,1.6623674263421566,1.6416325424285438,1.810032343037063,1.7684449572630558
2011-01-10,1.1106301944192876,1.1498961925725366,1.6600352479200657,1.6393131492194224,1.8131412328571765,1.7714497893936216
2011-01-11,1.1145659110190809,1.149764772988119,1.6669059861949242,1.6460817489572397,1.821090408956023,1.7791834116751513
2011-01-12,1.1246245415861456,1.1524043364142513,1.6822274607659888,1.6611952942704078,1.837487472746549,1.7951700810597968
2011-01-13,1.1227876586729948,1.1554011095398768,1.6791748851632955,1.6581643919228557,1.8368675429620107,1.7945313754503391
2011-01-14,1.1309219149430216,1.1574734213305518,1.688745729827602,1.6675988968149331,1.858306899092022,1.815443158789183
2011-01-18,1.1328461147806699,1.1564871074169976,1.6927705265828954,1.6715566692278179,1.8654507624372334,1.8223886757341479
2011-01-19,1.1217380237554366,1.15302308331457,1.6783239894114614,1.657274693611576,1.8454618147467043,1.802827947502329
2011-01-20,1.1202511063778333,1.1457444560598122,1.6774044363277807,1.6563501996879184,1.8352707741384893,1.7928393186995384
2011-01-21,1.122787658672995,1.150935025182079,1.6812502358290973,1.6601312166142606,1.8322674592593462,1.7898724734366092
2011-01-24,1.1291724361840632,1.1550635594496967,1.6881717891858892,1.6669492457443873,1.8546234311343754,1.8116778044215718
2011-01-25,1.1297848758712714,1.1598292444276452,1.6881628532414032,1.6669238432318236,1.8521452415087973,1.809223676271586
2011-01-26,1.134158223849889,1.1554961480436934,1.695060078420876,1.6737176469941932,1.8626706575798428,1.819471664434058
2011-01-27,1.1369571630670166,1.1592891655538793,1.6944036481157374,1.673052841913393,1.8752721470991982,1.8317471623558574
2011-01-28,1.117102463314243,1.1495761019225623,1.6715956355150379,1.6505158123293378,1.8401497746475963,1.7974068728477526
2011-01-31,1.1254991937359304,1.1512587432688206,1.684201827052342,1.6629464928864792,1.8499045236845966,1.8069017584171012
2011-02-01,1.1435168361161636,1.1600374238913966,1.7084590398754895,1.686880792106804,1.8840446650998306,1.8402143859873052
2011-02-02,1.1413303365862444,1.1588088763500277,1.7030244209519165,1.6814980898674179,1.881965509979034,1.8381497439636985
2011-02-03,1.1438665399626267,1.1565113787622359,1.7072858313260533,1.685688870220155,1.8831637974769346,1.8392862558802718
2011-02-04,1.1471028488694937,1.1537824418301292,1.709519532649308,1.6878775281834324,1.89611813973244,1.8519046536000559
2011-02-07,1.154274961605849,1.1605011342237683,1.719081693881266,1.6973017542850808,1.9022333257282262,1.8578430273820394
2011-02-08,1.1595227872748615,1.1594027810706804,1.7251001143153106,1.7032269842533925,1.9091719477471514,1.864585387388624
2011-02-09,1.1568989180552027,1.1618658734279115,1.7198201243323796,1.697997053103282,1.905060586616232,1.860535773928204
2011-02-10,1.1573362877449422,1.156764061089348,1.7219239276039353,1.7000572524371484,1.910401978522478,1.865717963574593
2011-02-11,1.1642461880187214,1.1675718242213604,1.7290778710902885,1.7071033696254845,1.9219799268429842,1.8769905338132498
2011-02-14,1.16704460385768,1.1695685732827241,1.7329575901801355,1.7109167656991164,1.927883352000904,1.8827210953956268
2011-02-15,1.1633713614095473,1.1694504868769928,1.7292613170403084,1.7072505240568907,1.9225321632971226,1.8774606824265372
2011-02-16,1.1707183696839816,1.1723727248972358,1.7375159144950532,1.7153829925214659,1.9342824295533534,1.8889006866794782
2011-02-17,1.17421680382373,1.1752074326301056,1.7442180370108702,1.721982615178399,1.9418277509702713,1.8962340552409722
2011-02-18,1.1766658647350046,1.1752120416564924,1.7478551494892987,1.7255561994244166,1.9420676075335404,1.8964333503017816
2011-02-22,1.1530504311502112,1.1680990757409155,1.719711727362221,1.697754942538142,1.8946895564298945,1.850134500767701
2011-02-23,1.145965722568048,1.1654904291183,1.7140313857148135,1.6921302962562632,1.8779978175958532,1.8338015046479963
2011-02-24,1.1451787362615398,1.1679760844694262,1.7106875671016268,1.6888124067855101,1.884327346586604,1.839948186804822
2011-02-25,1.1574236918991339,1.1782194819294953,1.7271711225745832,1.7050682229873604,1.9112328280309312,1.8661856251445543
2011-02-28,1.1645958046354892,1.1832129348294698,1.7389541179480477,1.716683355582386,1.913509434408877,1.8683741596610184
2011-03-01,1.1451787362615398,1.1727482677416645,1.7152320082040804,1.6932482138620293,1.883717747542198,1.8392513134769979
2011-03-02,1.1476275354837302,1.1670416195707385,1.718132006745791,1.6960941746604632,1.8997653673198094,1.8548859538382563
2011-03-03,1.1673945693932273,1.1745343998149396,1.7451646168312103,1.7227629133692846,1.9348792116261284,1.8891354852762205
2011-03-04,1.1586485712735506,1.173167103499592,1.7339639212596492,1.711688970740826,1.921804890889354,1.8763357034306571
2011-03-07,1.1495515608619888,1.1646435226607816,1.724209170541876,1.702042603893132,1.893989153067471,1.8491440168816387
2011-03-08,1.1596104531181377,1.16791817355033,1.7388362569742777,1.716464571742135,1.9044361079193954,1.8593093668637342
2011-03-09,1.1579487274321503,1.1714467222211948,1.7396939639430153,1.717294163664598,1.8843299466301549,1.8396457491977787
2011-03-10,1.1365197061475814,1.166304372743046,1.708105849952444,1.6860959995783693,1.850533742580569,1.8066176984901965
2011-03-11,1.1443915754956422,1.1685165844152516,1.7190603419984112,1.6968924602139528,1.8635220680308715,1.8192642824021357
2011-03-14,1.137481675221863,1.1640791463169813,1.7096407323225637,1.687577535362987,1.8563925851145848,1.8122707418401012
2011-03-15,1.1244492971292868,1.1630476702883348,1.6888665995118204,1.667054915970404,1.8313519916816703,1.7877923724468858
2011-03-16,1.103632802761621,1.1553886868953902,1.6601339539739668,1.638677054095721,1.79311746395553,1.7504350313737684
2011-03-17,1.1182395023859923,1.1610209684507418,1.680073906616059,1.658342793272103,1.8147945149674765,1.7715634633842952
2011-03-18,1.1223064124467688,1.164800329027033,1.6888745245216745,1.667012998760001,1.8191206052226574,1.7757537928925702
2011-03-21,1.139700013590385,1.1728894948545066,1.7138208194777456,1.691619553510046,1.8525764018968456,1.8083787143107477
2011-03-22,1.1357466765922415,1.1720134900971226,1.7096777295700867,1.6875133505471887,1.8455620161294253,1.8014984925176856
2011-03-23,1.138996942250277,1.173423091023433,1.712617443896253,1.690398141840221,1.8570309012700963,1.8126601667520699
2011-03-24,1.1498897503887378,1.1766268036596357,1.725899025618386,1.703490467256926,1.8820681837817088,1.8370653878546126
2011-03-25,1.153403711414161,1.1776123999062416,1.7305515688647441,1.7080656151761158,1.8862773507530484,1.8411399966565525
2011-03-28,1.1505924728100665,1.176555033759688,1.7271236695867065,1.7046653020965128,1.8802897093452218,1.8352618324726668
2011-03-29,1.1583229428228528,1.177677586199676,1.7385783336060796,1.715953950734756,1.8950552406540964,1.8496397012080632
2011-03-30,1.1663171954327216,1.1863087582861216,1.750018473277149,1.7272280394589592,1.9023455971409513,1.8567211439445819
2011-03-31,1.1647357210659526,1.1843672092541515,1.7486586800035733,1.7258687895692844,1.9007693595197674,1.8551485403313266
2011-04-01,1.1696552141637284,1.1896715820055308,1.7567957319928087,1.7338825482564535,1.8978807459643554,1.8522951403230485
2011-04-04,1.1706211958039712,1.1907774166257847,1.7582926792988012,1.7353427120921363,1.8931404711751805,1.8476346922957667
2011-04-05,1.1704456024283336,1.1887606558361326,1.7571362381540396,1.7341841174356296,1.903766268577245,1.8579708540819992
2011-04-06,1.174135418518479,1.1838706042416574,1.7629213725540644,1.7398763805929403,1.9116786658433957,1.8656585544224544
2011-04-07,1.1711487609981366,1.1811221731951245,1.7597194609802376,1.736699051683864,1.9089191014795523,1.862931108786084
2011-04-08,1.1671077581567164,1.1761674179119423,1.7540815263319485,1.7311176543614946,1.9020359632481503,1.8561796047375438
2011-04-11,1.1635936226719032,1.1744610641409197,1.747718164579165,1.724820444963844,1.8912483898025492,1.8456181161092724
2011-04-12,1.1548972582485693,1.1742600140561665,1.7350728407987432,1.7123237633776054,1.8675129112349504,1.8224217384576717
2011-04-13,1.1548093307162084,1.1771508028524966,1.7357955170106705,1.713019926990407,1.8734270810053166,1.8281594381564141
2011-04-14,1.155687908202259,1.17732772527071,1.7399753208382556,1.717127808865652,1.8755197948517917,1.8301678765287395
2011-04-15,1.1599041555005374,1.1862915424803402,1.7488812724312395,1.725899651473664,1.8832824002459114,1.837708926370536
2011-04-18,1.1469033545574796,1.1793891278295092,1.7310232055446204,1.7082592630564075,1.8631686135557457,1.8180483864050552
2011-04-19,1.1534919006356064,1.185486123315385,1.739354086471815,1.7164635165309123,1.873880617911853,1.8284673010027237
2011-04-20,1.1692158381910083,1.1921319371738541,1.7612777231364132,1.7380813430664446,1.92143153537558,1.8748312947041894
2011-04-21,1.1751892404613877,1.1953745381436442,1.7674513894234525,1.7441563538886433,1.930467015924176,1.8836129452761055
2011-04-25,1.1739594762240622,1.1964314171357682,1.765414977549276,1.7421294550679247,1.9314195301263237,1.8845076310845683
2011-04-26,1.184061634408833,1.2072427164992519,1.7819988213905111,1.7584770713615787,1.9528644088470992,1.9053965442193233
2011-04-27,1.19179175550284,1.2070319111740495,1.7937721007556815,1.7700773427809762,1.964388297456879,1.9166050228343952
2011-04-28,1.1956572521983173,1.2130708838952518,1.8019355676929176,1.7781152899477006,1.9644899801152576,1.9166689296524169
2011-04-29,1.1984684035727171,1.2162855159158001,1.8085121411398457,1.7845871767148722,1.9714879693414993,1.923461141174436
2011-05-02,1.1966237572167289,1.215943213694103,1.80467975902994,1.7807877821476912,1.9601121697123185,1.912327241528093
2011-05-03,1.1923196696157845,1.2160717833466745,1.7999093238906922,1.7760628379473782,1.9486867808197557,1.9011453719122602
2011-05-04,1.184412733930413,1.213402613930107,1.787144229830806,1.7634493260540605,1.9392329013224743,1.891887289315077
2011-05-05,1.1736959553160635,1.2114331860151293,1.768885897160231,1.7454157124487704,1.9274537033565353,1.8803610421633368
2011-05-06,1.1788787076327536,1.21251182004162,1.778489766461245,1.7548747006712901,1.9368241896086222,1.8894677818617835
2011-05-09,1.1834466650604754,1.2148201496396505,1.7880798909409843,1.7643199383879693,1.943032938669012,1.8954898112779899
2011-05-10,1.193548561556162,1.2175629348169141,1.8026893989051038,1.778717624859435,1.9567244120588694,1.9088111169646464
2011-05-11,1.1809874855046036,1.2126639581275798,1.7843148018503339,1.7605698589353722,1.937473649408498,1.8899969265756693
2011-05-12,1.1866091776455396,1.2130579070014633,1.7946033208320944,1.7707038513685558,1.9487733299968162,1.9009847011735406
2011-05-13,1.1774730883307063,1.211831094563471,1.7812034516649926,1.7574649543532626,1.9313654599098888,1.8839690139593774
2011-05-16,1.1700062264556133,1.2099224601498701,1.7752891195562357,1.7516120226760157,1.9135779990835042,1.8665836842825025
2011-05-17,1.1698312436878395,1.2147745817171753,1.7757867439098605,1.7520855842881589,1.9058380249498537,1.858999550886092
2011-05-18,1.180284326934801,1.2148478067474808,1.7887301482921305,1.7648386822444537,1.9308188331089986,1.8833317344473486
2011-05-19,1.183095391079506,1.2163800419395545,1.7922064741866601,1.7682509893400047,1.930564616626054,1.883049087033424
2011-05-20,1.1736959553160637,1.2108374010296716,1.7826032884525662,1.7587586720814115,1.9189690003968192,1.8717043907048863
2011-05-23,1.1600795744167849,1.2047460359008997,1.7617828477732131,1.7381994438310475,1.8904561013368246,1.8438598089507348
2011-05-24,1.1591137672359317,1.2059558885739456,1.7622093411844202,1.7386029363470044,1.8855204078326588,1.8390118991854763
2011-05-25,1.1629791767017144,1.2061108308080721,1.767455702200704,1.7437616744431461,1.8962631025486567,1.849455548644325
2011-05-26,1.1683374351643467,1.213579356893965,1.7729035017479948,1.7491190458772539,1.9035974780425282,1.8565746860775745
2011-05-27,1.1728176395190972,1.2161700031126423,1.7795479931524212,1.755656936421869,1.9115660870557654,1.8643121158862943
2011-05-31,1.18502787773816,1.224876562129419,1.7966636257024915,1.7725251563994022,1.9362038875397853,1.8883060891721528
2011-06-01,1.1584106086661288,1.2149907510270614,1.7613274720976135,1.7376464674921772,1.8913375126870664,1.8445156449212599
2011-06-02,1.157181367806972,1.2049594917384558,1.7585687713494338,1.73490760234971,1.8927738614576322,1.8458824368620599
2011-06-03,1.1456734158607642,1.2005369757244875,1.744464481080043,1.7209759658110348,1.869253540878407,1.8229112312333677
2011-06-06,1.133550407336504,1.1892756607109,1.7275479317851254,1.7042702407295067,1.8537427311913826,1.80775166735395
2011-06-07,1.1328481210636492,1.19102316852289,1.7263966727320266,1.7031175553338027,1.8558031034933802,1.80972758942509
2011-06-08,1.1281043958009003,1.191751051399618,1.7219331320404827,1.6986973071020297,1.84104682429035,1.7953046091483893
2011-06-09,1.1367131816106528,1.1952870025397884,1.7341482168288933,1.7107305465182263,1.8511690214517915,1.8051420643257867
2011-06-10,1.1209012292931952,1.1889811703417368,1.7116179401895766,1.6884877218881562,1.822787979840836,1.7774339432082282
2011-06-13,1.121779806779246,1.1871415134748544,1.7129924289695797,1.68982682960442,1.8175821985040341,1.7723250466675617
2011-06-14,1.1360104591893239,1.189003909487663,1.732445443959139,1.7089997749723236,1.8435066877375146,1.7975709165068503
2011-06-15,1.115806055590087,1.1849596584177469,1.7045224862757036,1.681437983229432,1.8114586354074897,1.766288892243459
2011-06-16,1.1182658457538224,1.188678879966177,1.7103883139029008,1.6872075887767035,1.8076219179437862,1.762515382359085
2011-06-17,1.1216029049581862,1.188560479052868,1.716838663709813,1.6935536738652384,1.8057089110958315,1.7606176835896055
2011-06-20,1.127341223201073,1.1927980100395046,1.7257069343824025,1.7022847361316908,1.8145872020522953,1.7692416834388192
2011-06-21,1.1427901255287627,1.2004904301812744,1.743365517366467,1.719686543907485,1.8448527028645982,1.7987177363908953
2011-06-22,1.1359039517319698,1.1964488930356278,1.7338879027614333,1.710320646912489,1.8340886048751393,1.788189884463107
2011-06-23,1.132637897499175,1.198049077777085,1.7242002460299037,1.700747750905537,1.839637542621148,1.793566923003603
2011-06-24,1.1194843573605184,1.1876836622804412,1.7065497964027163,1.68332063992574,1.8099822012213274,1.7646217476821524
2011-06-27,1.129459858028436,1.1875182184064457,1.718771453032721,1.6953590765096545,1.8276952115119682,1.7818580280299277
2011-06-28,1.1442025487470044,1.1929947294998566,1.7383434068209038,1.7146473758818217,1.8515189002972552,1.8050509905276884
2011-06-29,1.1540016709720315,1.195956247774378,1.7530694454656373,1.7291554803528106,1.8597954209656644,1.8130863992525872
2011-06-30,1.1650370996614945,1.2020569560417151,1.7667382261908544,1.7426204707828692,1.8874023489945495,1.839966085756765
2011-07-01,1.182251356552597,1.2119445625497287,1.7886525848073378,1.7642181297675168,1.9152999844104381,1.8671281772803656
2011-07-05,1.1812802283603607,1.2124344264162257,1.7863970936149478,1.761975926152348,1.913152707869875,1.8650005562281577
2011-07-06,1.1826926515786027,1.2157848962042892,1.7903353443678256,1.7658427758166924,1.916205772163948,1.8679423729720643
2011-07-07,1.1949638633543325,1.2219101226130866,1.8061973241435683,1.7814700386301061,1.9434996091024852,1.8945138667483932
2011-07-08,1.1864888006667123,1.2236231780359303,1.7944672531907184,1.769882952316824,1.9283733290088345,1.8797342211110475
2011-07-11,1.1650370996614947,1.2176881827506,1.7665242454689982,1.7423054367148256,1.8970964686411094,1.8492121929229688
2011-07-12,1.1600046441089495,1.2161926718613096,1.761186065667556,1.7370231665382012,1.8746328561768097,1.8272819244723324
2011-07-13,1.163889156877894,1.2199889255413685,1.7657348797024544,1.741492251778524,1.8769067206912597,1.8294646577019746
2011-07-14,1.1558553892162795,1.207971683003775,1.7553945282532262,1.7312766490687337,1.8595388374131645,1.8125023938787999
2011-07-15,1.1625649228810975,1.2129844485011834,1.764318010339185,1.7400602225175632,1.8753079177287582,1.8278389340161965
2011-07-18,1.1530306300094908,1.2023234287993112,1.7518807615908296,1.7277767906311745,1.8629409000312156,1.8157515144437069
2011-07-19,1.1717457610293647,1.2240309607776976,1.7744668091031794,1.7500346732236467,1.899861837532399,1.8517031170921774
2011-07-20,1.1710394621905489,1.217796614438467,1.7773339766716894,1.7528449301066327,1.894717872435083,1.8466555311083288
2011-07-21,1.1872835504160577,1.224180234639748,1.8012231902269469,1.776387317848542,1.9140981570793278,1.865509845809131
2011-07-22,1.188077951246624,1.22836983492921,1.7997082799548756,1.7748756430972843,1.9279663168392254,1.8789913616246894
2011-07-25,1.18145730464081,1.2188914128094344,1.7929485263427067,1.7681915754554711,1.9187713559251187,1.8699955319341481
2011-07-26,1.1770428714759402,1.2194948531074938,1.7848635894355005,1.7602007683666028,1.9169193418179566,1.8681561877635326
2011-07-27,1.1529422663286555,1.20456374554256,1.7536005801182777,1.729352544076773,1.8705977266897582,1.8229793386099613
2011-07-28,1.1495876739556363,1.2042744986439466,1.7487489369124036,1.7245508352587742,1.8659979993673457,1.8184632094402773
2011-07-29,1.141730982574471,1.2088681304807651,1.7379718122564456,1.7139057915820952,1.8552737963697363,1.8079788963294263
2011-08-01,1.1368753416132906,1.210663785271582,1.7307009796997344,1.7067186649070651,1.848799364129381,1.8016363275345246
2011-08-02,1.1078311679724644,1.2066465982288217,1.6944461193678333,1.6709495690491214,1.8073797207492492,1.7612408632889447
2011-08-03,1.1138340538796871,1.211520460894308,1.700037785144917,1.6764470226787465,1.8087238374804495,1.7625182041702825
2011-08-04,1.0616604032838124,1.1947135052521773,1.626294811118733,1.6037114009868076,1.718454840457379,1.674524375194645
2011-08-05,1.0600712527039007,1.1798519311929663,1.6257991775146854,1.603206704772101,1.715074811541336,1.6711999718832211
2011-08-08,0.991036102102705,1.148648641489348,1.5291675105663556,1.5079028559905001,1.6044422922610773,1.5633688454137937
2011-08-09,1.0371182414214375,1.1820879704057867,1.5957567474515972,1.5735504504883664,1.6743368583225606,1.6314440736200708
2011-08-10,0.9913008442264305,1.1648236107374932,1.5347051116305486,1.513333348193116,1.6149936366883082,1.5735921098522474
2011-08-11,1.0357941818840304,1.1726864435266824,1.5980330491585344,1.5757637308997299,1.685216160386912,1.6419841853867438
2011-08-12,1.0427686321319634,1.1867133690685745,1.6070095193435687,1.5845993497639361,1.6965685393953487,1.6530148879537503
2011-08-15,1.064838181065467,1.1969719854618086,1.6436175612996102,1.620680763985583,1.739478456282182,1.6947920222852215
2011-08-16,1.05574561936834,1.198765942395189,1.6317039968246325,1.6089174521467147,1.7238527066278668,1.6795367564626178
2011-08-17,1.056451918207156,1.2076425219993834,1.6357862009628723,1.6129266069500998,1.7282559231985617,1.6837957640990118
2011-08-18,1.010899437595264,1.1863210605347771,1.5765279014389992,1.5544809628222684,1.6558174805203087,1.6131911200763862
2011-08-19,0.9943906944757244,1.1785255216916122,1.5579222837193556,1.5361202572196053,1.6337610411544032,1.591673171846987
2011-08-22,0.9951854442250698,1.1779035845363082,1.55741980464742,1.5356095371110494,1.6307840062520294,1.588743566849977
2011-08-23,1.0279371415840861,1.1946636217040048,1.6013953879330658,1.5789535778245625,1.6851509053665013,1.6416786888986448
2011-08-24,1.0424153518680135,1.1911737499335027,1.6204174109063634,1.5976931375392354,1.7004803684059766,1.656582182346371
2011-08-25,1.0265246311361496,1.1854340952314193,1.597398647062896,1.574981517835722,1.6718145994488984,1.6286264279421234
2011-08-26,1.0414441364460827,1.200450208777471,1.6187698105821946,1.596036894782635,1.6975099651283985,1.653627544827632
2011-08-29,1.0713713362873944,1.2145091822219622,1.6591934098140946,1.6358765420275931,1.7403156589536943,1.6952954413519135
2011-08-30,1.0741963571832678,1.2242402228977345,1.6656746642222644,1.6422503809901028,1.7488302762893069,1.7035584168633424
2011-08-31,1.078963372774529,1.2199323869414138,1.6484489327171483,1.6252507294855423,1.732363364847943,1.687486702114077
2011-09-01,1.0676632891910354,1.2226104140930576,1.6701400842472591,1.6466202499792775,1.7527006208031999,1.7072656784107965
2011-09-02,1.0403845573433168,1.2197549648573789,1.7119477634720521,1.687822383637746,1.7919395808447345,1.7454553050492012
2011-09-06,1.0327926080858771,1.2194882929431092,1.7209020418436463,1.696633600725519,1.7996847251325878,1.7529672471309745
2011-09-07,1.0619253198669276,1.2308164120474325,1.690763245807421,1.66690324820408,1.7728602675414384,1.726807312177434
2011-09-08,1.0508899784071597,1.2275570231803372,1.7098609593038068,1.6857146895750634,1.7905532764518708,1.7440085938751178
2011-09-09,1.0233465916654103,1.2134900750000437,1.7193925387080837,1.6950948070831846,1.7978750918406308,1.7511078287152395
2011-09-12,1.029967412730614,1.218712943928044,1.7110601349621704,1.6868633761402663,1.790330591857757,1.7437274631071586
2011-09-13,1.0394137780698598,1.2184815855550046,1.700988413966349,1.67691740492226,1.7806742835828706,1.7342905697051967
2011-09-14,1.0538033629838677,1.2327288540731391,1.705947561495002,1.6817896478583527,1.7865142789535788,1.739946395102077
2011-09-15,1.0719895331344593,1.2379553281540985,1.683680275956141,1.6598211809593733,1.7659347302444501,1.719871602156804
2011-09-16,1.0783338360671393,1.2459505471646093,1.6939196688104614,1.6698988649406312,1.776464974094845,1.7300953062233648
2011-09-19,1.0675962967854271,1.2480089203520972,1.7089875170450024,1.6847362859238524,1.7897162496873282,1.7429685910822212
2011-09-20,1.066354407620524,1.2492327225789113,1.7181288314276215,1.6937310357965785,1.79868025120872,1.751666188222684
2011-09-21,1.034941686076726,1.243684619944729,1.7444784867855496,1.7196894167309678,1.8216129374365329,1.7739667838213455
2011-09-22,1.0014875279854654,1.238261747073298,1.7730023597676041,1.7477905817852988,1.8481346317684773,1.799761626891496
2011-09-23,1.0075216421234277,1.2335255792909676,1.732711842054778,1.7080560000658989,1.8085767636395138,1.7612067058523764
2011-09-26,1.0314804117869634,1.2432036328138245,1.7118208512816102,1.687445497275254,1.790851788929397,1.7439138613479404
2011-09-27,1.0430168006136769,1.243933614156191,1.7019239018494616,1.6776727889548861,1.781262075411267,1.734543544694169
2011-09-28,1.0217196706276495,1.2285237713002812,1.6923857558914157,1.6682539621421615,1.7696494549423805,1.7232037582867101
2011-09-29,1.029794349016126,1.2377503108111316,1.701449022445258,1.6771713144046914,1.7807039704054806,1.7339362034577723
2011-09-30,1.0040609784415284,1.231628681769816,1.7268218647250684,1.7021651861871567,1.8037048804961322,1.7563006772710201
2011-10-03,0.975487757922941,1.2241568966598795,1.761716384748002,1.7365441883674602,1.835471376694513,1.7871993821688656
2011-10-04,0.9968733388194984,1.234050154071482,1.740583196584801,1.715695896723347,1.8172516503810106,1.7694262352730303
2011-10-05,1.0153303571724515,1.2442056659473266,1.7361547097008265,1.7113137090699015,1.8138627756122696,1.766094017970792
2011-10-06,1.0336991863039595,1.2485249122406084,1.7187481581758248,1.6941393618921334,1.7986515404869687,1.7512511207741195
2011-10-07,1.0267777717104665,1.2398199135306756,1.70691956354585,1.682463393971371,1.7841944626432964,1.7371430389577633
2011-10-10,1.0611187068790893,1.2576951622405645,1.698248271159948,1.6738996926620198,1.7791610728791898,1.7322104809720735
2011-10-11,1.0621837814526276,1.2567695670831134,1.6946635957899403,1.6703497994781586,1.775498313000503,1.7286125396115497
2011-10-12,1.0715013085326501,1.2560716528423321,1.6830331025534795,1.6588696732699377,1.765621878728738,1.7189652523920718
2011-10-13,1.0693711593855735,1.2595762772362538,1.6914532393155688,1.6671523403357584,1.7724461628169657,1.7255774217212416
2011-10-14,1.087651363147162,1.2651748464587829,1.6789431910879449,1.6548055640414092,1.7607114765166934,1.7141214635960222
2011-10-17,1.0668867704479037,1.2594318028905114,1.6951492453862111,1.6707620120234252,1.774855652705024,1.7278595473095613
2011-10-18,1.087740162976471,1.2710727283985754,1.6877156112216298,1.6634187776557248,1.7707451543674886,1.723826139636435
2011-10-19,1.0748729106961559,1.261874841667095,1.6841011769656251,1.6598398693736167,1.7661102834606917,1.7192824109627747
2011-10-20,1.0795765975289906,1.2615941680512295,1.6726522411331073,1.6485394718462525,1.7556439012090066,1.7090620630284186
2011-10-21,1.100074441821543,1.270625832035155,1.6665854785449623,1.6425438306093039,1.7513351288286798,1.7048362129186878
2011-10-24,1.113562595069462,1.280827155182723,1.6708757220844221,1.6467558061018512,1.7572064045363631,1.710520097557315
2011-10-25,1.0919106146849782,1.2789050958559045,1.7058894009702061,1.6812473238829224,1.7904718945950986,1.742869672749275
2011-10-26,1.1030027426760625,1.2777633872376297,1.690961237649612,1.6665182274275208,1.7766898106811635,1.729422151380887
2011-10-27,1.1414258531020522,1.2871451731596868,1.6605251293319614,1.6365057996624104,1.750210503231063,1.7036159301340723
2011-10-28,1.1411598897625994,1.2923795501519906,1.6723863577965565,1.6481790641726461,1.7622634936560708,1.7153164488223216
2011-10-31,1.1136513076690764,1.2941877058169438,1.7077803268341418,1.6830439768346896,1.795321062762924,1.7474611719522841
2011-11-01,1.0825931748346505,1.289860196867509,1.7425896409885047,1.717332015104157,1.827061099756667,1.778322324838647
2011-11-02,1.1002517797910767,1.296048197342966,1.733969583747733,1.7088199040079797,1.820536673914298,1.7719393082008916
2011-11-03,1.120306671693422,1.3031030131811105,1.725075763136659,1.7000381720659838,1.81283244208362,1.7644082349651156
2011-11-04,1.113473969699543,1.2989617973048946,1.7259115859878236,1.7008449475836418,1.8127096681005563,1.7642562453091968
2011-11-07,1.1203952098336465,1.3071073193303233,1.7403351757862913,1.7150419958761245,1.8276352834856109,1.7787501393622391
2011-11-08,1.134770489077707,1.3104789691624608,1.7239603828691226,1.6988882893702137,1.8124887546416508,1.7639762561457568
2011-11-09,1.0928864532807339,1.292329008346963,1.7435226444994962,1.7181489625489428,1.828305216843244,1.779336606982673
2011-11-10,1.103180167875291,1.2919300306363333,1.7261002207735492,1.7009631718697817,1.8111041010043236,1.7625637350580148
2011-11-11,1.1239447605745494,1.3033672532107121,1.724136536078467,1.69901118610662,1.8108575824225999,1.7622913645428033
2011-11-14,1.1132962828112305,1.3043432101524195,1.7397373840246864,1.7143676365739482,1.8251169277551016,1.7761355679691644
2011-11-15,1.1187982085812027,1.3075000578047886,1.7381734014424293,1.7128094255181436,1.8238783652174326,1.7748975540089813
2011-11-16,1.101050629336078,1.2998245569907427,1.7442902571351842,1.7188199270651752,1.8282545315903769,1.7791234280627755
2011-11-17,1.0835694495788801,1.2916130980177327,1.7433670927559703,1.717893157004367,1.8258913713369813,1.7767910474833342
2011-11-18,1.0824158368651173,1.2906583392253324,1.7422866271128592,1.7168114039590805,1.8250387147631126,1.775928609638835
2011-11-21,1.0618286693650871,1.2790008878642285,1.7403565805600592,1.7148925220101094,1.821292576466696,1.7722506340162834
2011-11-22,1.0576581304268853,1.2816973082863747,1.7555185860486884,1.729815479930433,1.8358714774865605,1.7864040658579563
2011-11-23,1.0343202617309535,1.269754348058864,1.764909273159555,1.7390513787324604,1.8433002900626205,1.7935996740014344
2011-11-25,1.0323678867018842,1.2609410060384227,1.7456659906780747,1.7200729243425241,1.8241914801059536,1.7749733992896688
2011-11-28,1.062272494052242,1.2826059953897653,1.7521844179995063,1.72647861430905,1.832892970416981,1.7834072688038256
2011-11-29,1.0652896819657651,1.280585167368773,1.7445228724535213,1.7189123731655176,1.8248365162402391,1.7755356253523382
2011-11-30,1.1091258311027232,1.304203353848589,1.8012655645437141,1.7748044012837443,1.8884335065794982,1.8373805987501997
2011-12-01,1.1089482314441053,1.3014605993810038,1.79771411659461,1.771287508347362,1.8865532711139303,1.8355173868292498
2011-12-02,1.1079721311592654,1.3080702611415385,1.7974152517259137,1.7709754230455506,1.886032322522418,1.8349767333974805
2011-12-05,1.1200405338945794,1.3155605591882389,1.81030734266249,1.7836601324565826,1.9017439051318021,1.8502289189835277
2011-12-06,1.1203952098336463,1.310788253614335,1.810370712611279,1.7837048292317639,1.900236006882725,1.8487278160649558
2011-12-07,1.1245661849203221,1.3155941730752165,1.8145096567907035,1.7877650280010482,1.9011915203337197,1.8496233616245128
2011-12-08,1.09989692939262,1.3048510938415319,1.7843579919936639,1.7580402929476546,1.8686996309245025,1.817979301618412
2011-12-09,1.1185318963229702,1.3073839660419606,1.8047901658515195,1.7781534251757825,1.8898326698950112,1.8385048839374183
2011-12-12,1.1022044165092302,1.3017585153338649,1.783106659188373,1.7567724709747403,1.8624010524107628,1.8117849375636856
2011-12-13,1.0919106146849782,1.2993175710691656,1.7742882680304886,1.7480669301554468,1.848952092293352,1.7986683626646074
2011-12-14,1.080286211096209,1.3008356367761007,1.7611534191207365,1.7351089376882478,1.8263512079262623,1.7766494039431273
2011-12-15,1.0841906994652633,1.301727697537438,1.7671220639959546,1.7409720010236924,1.8290605283936638,1.7792522223261855
2011-12-16,1.0857977321326095,1.3089567854855981,1.773923701312217,1.74765560512978,1.8391923167696544,1.7890751532235316
2011-12-19,1.0741891171185995,1.3071955004380498,1.761866577785227,1.7357597588263087,1.8249937728766443,1.7752308159300834
2011-12-20,1.1066941289007144,1.3178852370096996,1.7985946796031493,1.7719260112352013,1.8686890704587193,1.8177011738573459
2011-12-21,1.108837188042622,1.3120842052965587,1.8024667235595309,1.7757229814474043,1.8668986079133152,1.8159261178793378
2011-12-22,1.1186600367446355,1.3212615869088233,1.815628369361417,1.788671554159045,1.8840063917439733,1.8325330500151047
2011-12-23,1.1286617935506889,1.3224719156600604,1.824071258072849,1.7969712181301172,1.8925420243216649,1.8408015736882881
2011-12-27,1.1295547639363819,1.3256125896750504,1.826592816210272,1.7994374168771883,1.8958823301972545,1.8440165942336
2011-12-28,1.1147312112907315,1.3249781936029075,1.8120244941875068,1.785067923719908,1.8790032946860626,1.8275656579633213
2011-12-29,1.126250852016043,1.3341602291601686,1.825867993048955,1.798687590459994,1.892763762456178,1.8409155263434513
2011-12-30,1.1207142960572343,1.3319471881053937,1.8216753627036617,1.794539524685052,1.8895183188751157,1.8377251363873
2012-01-03,1.1385743143789593,1.3366859748296134,1.8376735228492533,1.8102813701049048,1.9033043555845526,1.8510991922645008
2012-01-04,1.1403602551503453,1.3315868400020519,1.8342144387507717,1.806855876079172,1.9008873286264982,1.8487144104084163
2012-01-05,1.1433965463670304,1.3327659985672393,1.8378417615659288,1.8104110888927323,1.906590287921672,1.8542266904558389
2012-01-06,1.140449142209349,1.3349134817971577,1.8344835526805066,1.8070850299699777,1.9039987762984405,1.8516722481858985
2012-01-09,1.1432178999520748,1.3359137451200391,1.8381966453991685,1.8107246574949196,1.9092792957941869,1.8567734468918227
2012-01-10,1.1531300718615658,1.341961402091311,1.8505965041999284,1.8229210690448474,1.9201720905671713,1.8673322922756368
2012-01-11,1.1537552470842152,1.3493844669825015,1.8533651253691992,1.825630128470023,1.9207750315317251,1.8678842374664784
2012-01-12,1.1565233942190773,1.3505616053662006,1.8551734020439359,1.8273931699798271,1.9235429066835945,1.8705414431000873
2012-01-13,1.1505403966822694,1.351740798307304,1.8502661624561862,1.8225412870412587,1.916513955360762,1.863671841795394
2012-01-17,1.1550052486107347,1.3573928527791834,1.855579908351498,1.8277572318460962,1.9236767235128718,1.8706026641823217
2012-01-18,1.1677754142407346,1.3598249552837316,1.8667981187327793,1.8387889474656585,1.9412677391140585,1.8876735769434219
2012-01-19,1.1739371454221927,1.3566492095702205,1.8686468582378446,1.8405916425770272,1.9451412666533054,1.8914053277349663
2012-01-20,1.1783126741431802,1.353537522483317,1.8673187149629402,1.8392651466062897,1.9445621246346365,1.8908073588356908
2012-01-23,1.1752765573858848,1.3480202131481047,1.8690456873883683,1.8409478642345585,1.9458486637294519,1.8920234848147361
2012-01-24,1.1739371454221925,1.3480725584397628,1.8652897446791445,1.8372301127969914,1.942186261391154,1.8884276079134457
2012-01-25,1.1837599941242058,1.353543930166728,1.8820268583040096,1.8536970128046628,1.9604394890482804,1.9061404876977581
2012-01-26,1.1776879350690046,1.3565554040915213,1.8779049090348976,1.8496187146175338,1.9571448764433055,1.902902078301928
2012-01-27,1.177152083053833,1.3578905811557984,1.8757764679386517,1.8475039585307613,1.9546585328943085,1.900449640738198
2012-01-30,1.1731333237845873,1.361503210361606,1.8717773567192848,1.8435467880725065,1.9501690643039276,1.8960497567204266
2012-01-31,1.1726867077471985,1.3674826275746264,1.8732649133150794,1.8449935590520126,1.9508443888920872,1.8966714062116155
2012-02-01,1.1829565214053799,1.3684025751964783,1.888888014509467,1.8603623732608046,1.9706657355501729,1.9159070456471399
2012-02-02,1.1848314364654646,1.3694743630598671,1.8932104995269565,1.8646010359362017,1.9751814678942428,1.9202619311800608
2012-02-03,1.201441540490365,1.3692214311628628,1.913640828443639,1.8847038847343518,1.9997604326692753,1.9441216745417211
2012-02-06,1.20063771885276,1.3741223221484065,1.9120131853686286,1.8830821251408723,1.9937936761500366,1.9382852287924415
2012-02-07,1.2036737483803606,1.3693904609793746,1.9179817809580426,1.8889416216460904,1.9997400938757144,1.9440302881829334
2012-02-08,1.2072458916122173,1.3722530900906404,1.9209494680323167,1.8918455590418604,2.008197146049049,1.9522157822138233
2012-02-09,1.2087637755314753,1.3691842449472849,1.9222146120845733,1.893072707019776,2.015078377040382,1.9588691093585786
2012-02-10,1.1998340716745446,1.3702284803613198,1.910119248956102,1.881142007239057,1.9954277348090186,1.9397308814854597
2012-02-13,1.2087637755314753,1.377050030907516,1.9223114592857393,1.8931304283491734,2.008237256315283,1.9521469046920377
2012-02-14,1.2072458916122173,1.3789280286549355,1.9214256462402364,1.892239242255356,2.011444132633552,1.955228199856191
2012-02-15,1.2016200996756257,1.3740888884390645,1.913992513672743,1.8849002719156132,2.006043471519055,1.9499425613768793
2012-02-16,1.2149259428614076,1.3788229783603216,1.9335548225593449,1.9041462999760221,2.033563860013806,1.976656908749549
2012-02-17,1.2181406188039638,1.3808703393259103,1.9360089766112518,1.906544165296506,2.0319114570695285,1.9750143693279842
2012-02-21,1.2186766452785252,1.3751228974821414,1.9372930358608418,1.9077897074799317,2.0286140399195136,1.971772968271181
2012-02-22,1.2147471219870627,1.3793801872829088,1.933913407280874,1.9044426065535782,2.0222516510401958,1.9655526485467838
2012-02-23,1.220104944301221,1.3830305637999785,1.9408408393980237,1.911245463030652,2.0278651944881676,1.9709724993002238
2012-02-24,1.2227842916067744,1.3884546941316027,1.9453972270976114,1.915713318244106,2.0312235317306913,1.9742002547565938
2012-02-27,1.2248379403115095,1.3947697413888733,1.9473708044474816,1.9176377092411006,2.034526344025887,1.9773739254634832
2012-02-28,1.2284103452324506,1.3953746749702505,1.9503771983479565,1.9205790988237388,2.049884743160953,1.9922641929433944
2012-02-29,1.2235875898662107,1.3886865524730456,1.937349338049882,1.907731305826807,2.0314529194247983,1.9743141082177251
2012-03-01,1.2299279674626244,1.387774534340315,1.9481797492180442,1.9183770627782564,2.040403360155818,1.9829762755825981
2012-03-02,1.226177352275202,1.3904487660525482,1.9418517131847142,1.9121268135509029,2.0335332592241824,1.9762631333345198
2012-03-05,1.2211765611018701,1.3826310908408888,1.9358005796446738,1.9061493495560036,2.0133873028169904,1.9566485060065273
2012-03-06,1.2033164555504503,1.377207707376113,1.908300366340011,1.8790516764657017,1.9935836709663248,1.9373672720051967
2012-03-07,1.2117107435406833,1.3796004401551034,1.9204993243678679,1.8910448520068899,2.0104841628600507,1.9537552070694348
2012-03-08,1.2237666724296405,1.3823134731810056,1.93796238271928,1.9082211026844387,2.0302509668332798,1.9729279210978794
2012-03-09,1.22849914506176,1.3866197090319137,1.945233552024871,1.9153616338941155,2.040726287537641,1.9830709512787974
2012-03-12,1.2285886427286274,1.3865847102082507,1.946580738606547,1.9166690696244648,2.0365810245176172,1.9790063511224818
2012-03-13,1.2507353027123362,1.3918234575914694,1.9757933995586077,1.9454134924751125,2.071946805163987,2.013335249087886
2012-03-14,1.2493952801407804,1.3769016558546332,1.9674604752696976,1.9371894287702731,2.0675081856010467,2.0089851871171303
2012-03-15,1.256628715352582,1.382528084414901,1.9780563993585918,1.9476029551035612,2.0832910507349296,2.024284017059657
2012-03-16,1.2583689477638915,1.3847705328601174,1.9824907535663236,1.9519496258737974,2.0833854778910075,2.0243384841048253
2012-03-19,1.2633018742346669,1.381416688771248,1.9854712212710912,1.954864735474677,2.094199136798724,2.034808185540945
2012-03-20,1.2596244447611837,1.3812119427370846,1.9772827654206317,1.94678314418276,2.0878240035180893,2.0285764857886766
2012-03-21,1.2575616369384943,1.386102635181153,1.9724211573104107,1.9419772119299685,2.0898046217276915,2.0304635003527314
2012-03-22,1.2485029203629507,1.3818973189498802,1.958780048620418,1.928527470393724,2.081010531418358,2.02188188263367
2012-03-23,1.252538951111767,1.3898017843969164,1.9669986092876428,1.936599837612192,2.084612923972812,2.025344614764143
2012-03-26,1.270118264275618,1.3986572801030794,1.9911602580562942,1.9603685852892272,2.116192654571161,2.0559886232399007
2012-03-27,1.266172167342143,1.4000731886771192,1.9859521169658896,1.955221537603613,2.1155182195065723,2.055295519579897
2012-03-28,1.259893810058734,1.3951178455004787,1.975240066367019,1.9446559038655664,2.1017161149353347,2.0418487130280263
2012-03-29,1.2577409811910085,1.3978752666749361,1.9735908401869913,1.943012889090727,2.100525850145115,2.040654766856265
2012-03-30,1.2629427495811654,1.391888402825612,1.9832190509255991,1.9524725056370618,2.107468758756736,2.0473620727974327
2012-04-02,1.2721816827061707,1.4010821274748204,1.9974282679708324,1.9664418743191512,2.121847122936953,2.06129238838864
2012-04-03,1.2669790420190659,1.3879327334239504,1.9878202258592592,1.956963419572029,2.109990635127167,2.0497365158357876
2012-04-04,1.2544225019116373,1.3873107947056502,1.970659473904875,1.940049757510563,2.084480605221329,2.0249176689465
2012-04-05,1.253794622568449,1.390904037694531,1.966600285439307,1.9360343638866004,2.0899667951180723,2.0302097001536348
2012-04-09,1.2397130457067886,1.394539581369313,1.9463437188883244,1.9160735784982654,2.0683507104372794,2.009174664207799
2012-04-10,1.2189045764710447,1.3868195083098107,1.9185358727556383,1.8886794241589018,2.038896885184326,1.9805270418632899
2012-04-11,1.228770342182901,1.3869085759713145,1.930075882282601,1.9000209496508713,2.055097184511714,1.9962267888301055
2012-04-12,1.2448254908894678,1.3954751439535353,1.9528807795247998,1.92245161116793,2.0806247771734006,2.020985893246534
2012-04-13,1.230026362558362,1.39455038340112,1.9305176665821293,1.9004180519586074,2.0541709325635433,1.995253569942764
2012-04-16,1.2292195751111339,1.3931902201447242,1.9320323872172567,1.901890240032052,2.049614684085539,1.9907913352992899
2012-04-17,1.2474263314696987,1.4052370015639521,1.9575993840607684,1.9270391934479996,2.0807052060153293,2.020952345046842
2012-04-18,1.2432110436980632,1.404026780056494,1.9505059923351253,1.920037440723012,2.071787652227316,2.012253819028719
2012-04-19,1.2352282181782135,1.3991460230386108,1.9420095514284963,1.9116547084512194,2.057706649853511,1.9985406307572957
2012-04-20,1.237291026000903,1.4006435525736765,1.947759311359452,1.9172955269284457,2.0502299476618067,1.9912422330442479
2012-04-23,1.2268872275315048,1.397644743412735,1.932971989983027,1.902720561456995,2.029544909941636,1.9711160248056974
2012-04-24,1.2315513120828991,1.3968976266103938,1.9437576620360155,1.913318405918504,2.024269308390277,1.965956093134139
2012-04-25,1.2484128993179149,1.4055096783765986,1.9626650343888852,1.9319104743012074,2.0609059428853014,2.001500469567635
2012-04-26,1.25711327630721,1.4147656124571035,1.9760953001676211,1.9451109448589874,2.081958068340099,2.021908528136978
2012-04-27,1.2591764330486783,1.4166415125301943,1.978595733961908,1.9475528029012368,2.089042725894085,2.0287514773517517
2012-04-30,1.2545121740378944,1.4136382597785755,1.9741229057582683,1.9431308245716832,2.077785404927897,2.0177818858224517
2012-05-01,1.262315393616146,1.4159810739236791,1.9851927773635427,1.9540074742529512,2.0847629302088744,2.024520621075026
2012-05-02,1.2585483792461005,1.417434651389371,1.9766804954361057,1.9456095607160797,2.08764468391083,2.0272817624684554
2012-05-03,1.2489515426833202,1.410804239093316,1.9631474305483536,1.9322700006244886,2.062995981598896,2.003308863520712
2012-05-04,1.2287703421829008,1.4015557377455372,1.9385088079721269,1.9079999308451197,2.024408973841654,1.9658020573676667
2012-05-07,1.22966723790486,1.4022643046119525,1.9380690902225468,1.9075481614074012,2.0233491551722764,1.9647367328160201
2012-05-08,1.2247346603528637,1.4018801932246767,1.9320283149337663,1.9015836041379333,2.0120111610936844,1.9536911936628263
2012-05-09,1.2174696479915437,1.3972680077426205,1.920890744346576,1.8906027347127392,2.003461565836993,1.9453535854086306
2012-05-10,1.2199809909049073,1.397351793124248,1.9277393860200418,1.8973245187023222,2.0049195087813483,1.9467333863001672
2012-05-11,1.2163034742017291,1.3994463505540626,1.9209525316264424,1.8906259399573173,2.005700503637683,1.9474558458903986
2012-05-14,1.2028502128317309,1.3979817298621646,1.9024883592714805,1.8724346435567316,1.9850357134144434,1.927355652789356
2012-05-15,1.1959435400566594,1.3954266502447852,1.8901077455108597,1.8602311055470626,1.9742585578836285,1.9168563479470495
2012-05-16,1.1913693893206065,1.3938303769911282,1.8839743919290401,1.8541762596527094,1.9630946254654595,1.9059819049027553
2012-05-17,1.1737004912601938,1.391297627798109,1.8643772710337838,1.8348708499608108,1.9328433684203805,1.8765761899954398
2012-05-18,1.1636548579176549,1.3842870524556927,1.8530323606281598,1.8236873508480345,1.9116008041943258,1.8559178364996964
2012-05-21,1.1836560163280019,1.397404065910546,1.8768309530729943,1.8470906929733037,1.9490041336988524,1.8921967937484934
2012-05-22,1.185718824150691,1.392642011082777,1.8782798641547538,1.8484982598035418,1.944980752277006,1.888255902134895
2012-05-23,1.1863467907235743,1.3969474890360696,1.8783531899450763,1.8485520376119535,1.943527146492628,1.8868099379073968
2012-05-24,1.1886785276953398,1.3964670065615186,1.8823847115312344,1.8525011721711622,1.9379108100426685,1.881322849446345
2012-05-25,1.1848217539693426,1.395838549274348,1.8787187127464071,1.848874983889582,1.9394912276215828,1.8828224390172703
2012-05-29,1.1991722599800794,1.4042628051944694,1.8959424854597717,1.865806597432724,1.9630512329006515,1.905658959501455
2012-05-30,1.1817727272172167,1.406283272899878,1.87145604325177,1.8416910485967164,1.9423666142460398,1.8855443525442217
2012-05-31,1.1791711015697324,1.4109368323507798,1.868701505759621,1.8389620313037842,1.941386423727049,1.8845581256575696
2012-06-01,1.149483521700043,1.40302132803714,1.8324466632265732,1.80326623199459,1.9138768595848286,1.8578196034587218
2012-06-04,1.1489454017128065,1.3981928107887416,1.8308480405279772,1.8016751471288766,1.9175118417572548,1.861313834509133
2012-06-05,1.157645517013017,1.3970641785908815,1.841278310647593,1.8119211993882303,1.9243810090317497,1.867947276721374
2012-06-06,1.1836560163280023,1.404730786156354,1.8796214355927652,1.849634590230754,1.9559793724806975,1.8985840281509863
2012-06-07,1.1843736550271424,1.4060951545735128,1.8812132135575435,1.8511825620011257,1.9606766803316993,1.9031084477278648
2012-06-08,1.1937907984186296,1.4126687213056326,1.8935607268769,1.86331443425114,1.9726044274096715,1.9146507140678812
2012-06-11,1.1786336794200545,1.4044794100289397,1.8750347173693211,1.8450659943957355,1.9602011531979873,1.902576796343755
2012-06-12,1.1921765256866148,1.4090255096024487,1.8936494408287972,1.86336466563502,1.9728929727729079,1.914860243283186
2012-06-13,1.1845527375905722,1.4091815308805253,1.8851150443499518,1.8549483091752517,1.9689171721793601,1.9109661936333284
2012-06-14,1.1971097138464748,1.417427895675161,1.9050310811171898,1.8745269939589468,1.988703482376156,1.9301345845227516
2012-06-15,1.209352837660478,1.4292829708177304,1.921384075173419,1.8905993340741658,1.999268283035925,1.9403525047546193
2012-06-18,1.2116967867895159,1.4340207965679816,1.9236004043612696,1.8927613278194062,2.0069078657823067,1.9477310845975706
2012-06-19,1.223417055812873,1.4348504228491483,1.9384585116195234,1.9073622603007032,2.013685419453804,1.954272796574561
2012-06-20,1.2214338014718435,1.4362921425064987,1.9316650415968415,1.9006588657830472,2.003466419478238,1.9443194905592505
2012-06-21,1.1940262313649017,1.4200089357179497,1.892021201689312,1.861632854645087,1.9734807097822538,1.915183752785409
2012-06-22,1.2032221602503697,1.4189951052083196,1.9037273548837208,1.873132361819624,1.9832598480776849,1.9246385644426212
2012-06-25,1.1839288708133449,1.4136060613083763,1.8778435304028616,1.8476461425414417,1.9656176600406114,1.9074827117552355
2012-06-26,1.1898790699849071,1.4156396300573721,1.8843908754563603,1.8540697602630518,1.9699945243522015,1.9116949154639085
2012-06-27,1.20060753737836,1.4241946549273679,1.904136706803582,1.8734792346529185,1.9879120508046455,1.9290466639439738
2012-06-28,1.1971818528040767,1.4231518315239344,1.9032280736679426,1.8725666067383395,1.9875298715816394,1.928640278754292
2012-06-29,1.2270234803147873,1.4370319134808693,1.9477270209598574,1.9163296057254393,2.022611785420546,1.9626465823969852
2012-07-02,1.230719228024179,1.4455591912149781,1.9525973295681383,1.9211022979049777,2.03101175135166,1.970761212344911
2012-07-03,1.2388337703831804,1.4468347164403528,1.9672207195919633,1.935470565549425,2.0370280640995255,1.9765626438758508
2012-07-05,1.2332442659996266,1.4458749241184734,1.9541212202346947,1.9225633654158005,2.0266779947229763,1.966483577263098
2012-07-06,1.2215243458950487,1.443005669294202,1.9374111780569994,1.9061042223863378,2.014904420748468,1.9550236816484683
2012-07-09,1.2199913712385897,1.4470068857558476,1.9355917370453615,1.9042952422753947,2.013790431895838,1.9539068110118303
2012-07-10,1.2093528376604783,1.4406105333527555,1.92061534150555,1.8895422063697809,2.0067051462277017,1.9469963578228695
2012-07-11,1.2095332286693297,1.4414570177947346,1.9243018840558326,1.893150276399417,2.0081969168676443,1.9484078543431889
2012-07-12,1.2036728760834141,1.4413467852538264,1.9180847204918654,1.8870149916493835,2.0064231641474066,1.9466510560292836
2012-07-13,1.2238678588756122,1.4543426871756342,1.9475222226389577,1.9159566003060973,2.03026814079269,1.9697494016596242
2012-07-16,1.2209828239497147,1.45498777613959,1.94478664869166,1.9132463360162726,2.027213915046203,1.966749992176884
2012-07-17,1.229367254984435,1.4564078060835417,1.9563692523135512,1.9246219524646628,2.037586164732379,1.9767764683795443
2012-07-18,1.238473075595172,1.4631972518802516,1.968084155256937,1.9361274935649597,2.0468592165400237,1.985736200784262
2012-07-19,1.2417188925387725,1.4639987884593604,1.9711939277839265,1.9391674847384146,2.050020113353144,1.9887660769856008
2012-07-20,1.2303595799925082,1.4631185079368882,1.9570356968238436,1.9252201379569138,2.0379921855495855,1.9770611255759207
2012-07-23,1.217917746933745,1.457526131214495,1.9407362549069278,1.909166688107777,2.0209117734333892,1.9604552677428433
2012-07-24,1.2074595171347902,1.4546079660618776,1.9243360896286816,1.8930144734649146,2.0051052711907844,1.9450857984545824
2012-07-25,1.2077303653371518,1.4563046193507743,1.9278170473386524,1.8964199116491227,2.00752237020504,1.9473946772919404
2012-07-26,1.2276544999269883,1.4653860679396826,1.9589315014537756,1.9270084586932448,2.0365663624888555,1.9755323806959328
2012-07-27,1.2502834528932603,1.4705364605152873,1.993226615385102,1.9607251932866196,2.0691995904591227,2.0071506524783156
2012-07-30,1.2502834528932603,1.474931513615559,1.9936920982178323,1.9611635806302559,2.0713962943491073,2.0092444764184614
2012-07-31,1.2415387632190056,1.4699268592731578,1.9841343157757612,1.9517423286143085,2.0611599399847482,1.9992784377635096
2012-08-01,1.2404566788549807,1.466218984916932,1.9773286502968808,1.9450284241559308,2.051650461070046,1.9900178052718922
2012-08-02,1.2318921185004932,1.4634701763872784,1.9607822389660292,1.9287331203528588,2.0366357796574603,1.975417788254989
2012-08-03,1.2563241092583326,1.471437923436721,1.9960088436966248,1.9633644165954658,2.067189339817646,2.005016027937838
2012-08-06,1.2587585155808805,1.4733793838045772,1.9995027938017282,1.9667816624344285,2.068050009856768,2.00581386788362
2012-08-07,1.265069322310756,1.4702293544273222,2.0043911449064833,1.971570408601625,2.061882202867823,1.9997948421085532
2012-08-08,1.2666013374405722,1.468166192266412,2.0077362669655274,1.9748411148466114,2.067463929843407,2.0051715596871706
2012-08-09,1.2676831601155127,1.4684958414002214,2.009580294653709,1.9766352703816406,2.066696017653282,2.0043898664388324
2012-08-10,1.2697572205688314,1.472896592885979,2.014143467442986,1.9811039309163274,2.071532327584516,2.00904336885754
2012-08-13,1.2691263754160198,1.4714731048761702,2.0117219766356786,1.9787024818804821,2.069519833545736,2.007054615638279
2012-08-14,1.2693067664248714,1.463624921927286,2.010909753122065,1.9778839181823988,2.070466669129732,2.007935889024447
2012-08-15,1.270748847739346,1.456393420964198,2.0122611815818274,1.9791934670078553,2.0694363058901377,2.0068996797300027
2012-08-16,1.2801254293227498,1.4578774557503127,2.0229039632375296,1.989641566041035,2.073981009851715,2.0112700016998
2012-08-17,1.281838358839586,1.4618913856432953,2.0247370684235237,1.9914247233430162,2.0728829102380466,2.01016808078642
2012-08-20,1.2819282054252326,1.4631545682259868,2.025617187706219,1.9922705475668336,2.0752288975021016,2.012406024699716
2012-08-21,1.2780516305585152,1.463093505011329,2.019606567405695,1.9863391211095422,2.065269957276291,2.0027116816956894
2012-08-22,1.278592716355375,1.473124684552985,2.0193440904818347,1.9860612147851242,2.063714223032467,2.001166212823587
2012-08-23,1.2681343120970305,1.468357693234229,2.0045694761494124,1.9715105077204078,2.049388597110973,1.987238172409814
2012-08-24,1.275797615244819,1.4731176706326052,2.0166527008818376,1.9833747320051844,2.0625991073183454,2.0000112189052364
2012-08-27,1.2760683762174858,1.4767517133390362,2.0169388413565166,1.9836364218408802,2.0646097234305314,2.0019239517950425
2012-08-28,1.2748059880743041,1.4772866736561268,2.0144616753702738,1.9811804528133146,2.061991815731571,1.9993487038422826
2012-08-29,1.2757976152448187,1.4753934833652855,2.0128776296682482,1.9796028886167343,2.061203724060021,1.9985477437890584
2012-08-30,1.2666013374405716,1.4720743199514326,1.9997654596597203,1.966687914684257,2.050219219374747,1.987860529776598
2012-08-31,1.2726429533322865,1.4846097499803341,2.0111124628206256,1.9778275592379484,2.0700713121424843,2.007071841293048
2012-09-04,1.2714699756262775,1.4831922288426815,2.009538574335415,1.9762600638803924,2.0591927329396094,1.996487562512182
2012-09-05,1.2703887635592006,1.4796394872839849,2.005782151206543,1.9725462295834777,2.053200938849261,1.9906415616494497
2012-09-06,1.2961738613428162,1.4878040604172926,2.041400700305808,2.0075546105934126,2.101522581118549,2.0374533553195873
2012-09-07,1.3012218437810363,1.488510569239251,2.049784420155298,2.015779281185153,2.09760199858231,2.03361484336382
2012-09-10,1.2938286909980514,1.48487637760845,2.039217677134067,2.005367891381966,2.073921911491567,2.010620082256065
2012-09-11,1.2974354644187447,1.483633951264437,2.0456852503429332,2.0117080987065803,2.07842676545524,2.0149503229813557
2012-09-12,1.3017630168075909,1.4792055921239247,2.0481745426688454,2.014136013721427,2.082284745247888,2.018653296831035
2012-09-13,1.3215972175820858,1.4904005806173213,2.080565520700303,2.045968338605392,2.1075582718147334,2.0431168715096897
2012-09-14,1.3274568723304432,1.4785208101574112,2.084778417532955,2.050090790464393,2.124611628469611,2.0596108638488495
2012-09-17,1.3229492778515246,1.4826074365107904,2.0787765559189997,2.0441684600367562,2.1176906199609524,2.0528637870079507
2012-09-18,1.3218667573390257,1.4848515236519646,2.078026432697652,2.0434105017231547,2.1185720712208442,2.0536804292458974
2012-09-19,1.3225888447526006,1.489238252308968,2.077449906948114,2.042823262257629,2.113980447179483,2.0491917028476423
2012-09-20,1.3226792147164161,1.4907747049759246,2.0771979116549546,2.0425551523252037,2.1052679790844944,2.0407086652198183
2012-09-21,1.3221263529107579,1.4910884908901596,2.076284447709903,2.0416366170771187,2.1065236798802145,2.0418882503887863
2012-09-24,1.3201315842500145,1.4944005692196602,2.07709099756636,2.042409394285454,2.0930386124906266,2.028779584129542
2012-09-25,1.3060835035911582,1.4907635416118925,2.059059388361458,2.0246587255940565,2.066435735172633,2.002956558273887
2012-09-26,1.298741729098412,1.4921460142248062,2.0501291834924715,2.015857668140242,2.0550690670352254,1.991902376539931
2012-09-27,1.3109770894695778,1.4963321594902683,2.0655317282679806,2.030982532525171,2.0845596523042524,2.02044929529479
2012-09-28,1.3049051176440714,1.492511637769868,2.0590981680544096,2.024636446857893,2.070883457961542,2.0071567414078153
2012-10-01,1.3083488587651788,1.4970900032656025,2.06482907997389,2.0302512519251956,2.071702381619917,2.007913481523284
2012-10-02,1.3097087697071494,1.4972058068124945,2.0686199710361026,2.0339584309977363,2.077784080494305,2.0137708304952957
2012-10-03,1.3150566478361005,1.501066429226412,2.0753756746486998,2.0405806416538,2.0839233237181265,2.019683733492913
2012-10-04,1.3244822525079836,1.5000334711226273,2.0902712892767297,2.055206080857518,2.094450655050949,2.029849159371467
2012-10-05,1.3245731458499677,1.4923228962426454,2.0892347506191755,2.054166500240153,2.0923331350058714,2.0277596038040584
2012-10-08,1.3200411270565042,1.494285087169891,2.0849605586281963,2.0499436631260126,2.0750410187986983,2.010964117217775
2012-10-09,1.306989383971682,1.4843440518719462,2.0693420140765766,2.0345671964872745,2.0469404852561226,1.9836947862478813
2012-10-10,1.298651184675207,1.4828493099375368,2.0563728745614487,2.021795891991038,2.030645403137805,1.967866938826538
2012-10-11,1.2993765868171845,1.4874515921436282,2.0599345005640335,2.0252774878372377,2.029068552939829,1.9663026211577217
2012-10-12,1.2951160268339466,1.4860167987848365,2.0521656757047584,2.0176193013775117,2.0246655537965346,1.9619996842587002
2012-10-15,1.305902153055664,1.4921001216433705,2.066134192842731,2.0313324677756697,2.041360946452677,1.9781418994566453
2012-10-16,1.3191348977572015,1.4929202472386915,2.084608742532448,2.0494754506003843,2.0714758246295664,2.00728717640935
2012-10-17,1.3251169357673667,1.4914499544079904,2.0968578173075905,2.061497580345506,2.068534306803347,2.0043998888311587
2012-10-18,1.3216731074165644,1.4854717108053255,2.0942520289662796,2.0589152569846956,2.057085004232508,1.9932688558838088
2012-10-19,1.2996478711680206,1.478682459583043,2.0628182078999595,2.02799165563221,2.0138801435742244,1.9513683812701277
2012-10-22,1.2998293089332096,1.4750166112890883,2.0625324499264535,2.0276905550883666,2.021421199766322,1.9586392841522444
2012-10-23,1.2817924760201198,1.4711746419120935,2.0340849829799863,1.9997037561061233,2.0092027895271567,1.9467645002681049
2012-10-24,1.2781670354447388,1.4628741464963955,2.026709813393896,1.9924334293457455,1.99857778149048,1.9364340101055084
2012-10-25,1.2818828459839353,1.4624392980112684,2.036919371909812,2.002450404457114,2.007717224163904,1.9452534420546945
2012-10-26,1.2811581416795161,1.4705585345131318,2.0344925585109337,2.000044765792666,2.0159507711573688,1.953194853038819
2012-10-31,1.2811581416795161,1.474011876131075,2.0375867516092447,2.003066646254782,2.012325014538883,1.949646055264046
2012-11-01,1.2945720624571584,1.4784446352657783,2.0507896263708867,2.016025791373577,2.046989036973246,1.983193851192113
2012-11-02,1.2830615808498014,1.4701222453484397,2.031391655395317,1.9969367827672604,2.020668577831448,1.957657621701656
2012-11-05,1.2856896370948108,1.4752475098307483,2.0315459016671404,1.9970685503741747,2.0356373467116398,1.97212329231616
2012-11-06,1.2957508845527193,1.4766068781809754,2.0476149878557406,2.0128449088442095,2.0518456704937247,1.9877892867503548
2012-11-07,1.2663837865817342,1.4672450839410387,2.0038303560601056,1.9697841827120208,2.00177538062458,1.9392464184351261
2012-11-08,1.251156883827317,1.465368895284078,1.9840690425112522,1.95033922698521,1.9808957994143772,1.9189837024671372
2012-11-09,1.2522450742699782,1.4667856529823413,1.985374266751983,1.9516028517241737,1.9861020827208031,1.9239918281828534
2012-11-12,1.2532422841409605,1.468464609252022,1.9857141858864087,1.95191757540245,1.9876779727643286,1.925482971525747
2012-11-13,1.2488907435860437,1.4673603246538123,1.9802310210672058,1.9465083737732982,1.9742160956059063,1.9124070963422886
2012-11-14,1.23203264553882,1.456032420846205,1.9552097434850684,1.9218940850780661,1.9477907679909219,1.8867743443035838
2012-11-15,1.2299477686033458,1.4534050253712405,1.9515832910445292,1.918310346171307,1.9415645321633501,1.8807085112239985
2012-11-16,1.236020699955495,1.4572050159976648,1.9613548050194436,1.9278960891103945,1.9485106185526926,1.8874021174538111
2012-11-19,1.2610365190606474,1.4716260891551862,1.9934478208984592,1.9594221427792062,1.9865769838378078,1.9242392169812412
2012-11-20,1.261580396207741,1.4661041798933034,1.9946246790834556,1.9605594141091185,1.9826588986479088,1.9204087079793666
2012-11-21,1.2639367319534405,1.4674170338368044,1.9964222245145806,1.9623067433735488,1.9854324182981375,1.9230597263811013
2012-11-23,1.2811581416795166,1.4788468798960381,2.0193203066169025,1.9847937955805648,2.01658119326762,1.9531939821926647
2012-11-26,1.278438843173744,1.479773435970424,2.01718156873234,1.9826719067446608,2.0192337763202635,1.9557271647496282
2012-11-27,1.271913102475875,1.4775651821579583,2.009056519252393,1.9746662198309335,2.014303719034492,1.9509162287161335
2012-11-28,1.2821550898614142,1.4838551694251902,2.021160598035869,1.9865433476133894,2.0310810428021133,1.9671293603113535
2012-11-29,1.2881369534121898,1.4881037355977333,2.0314075268654075,1.9965949153205174,2.03800008216823,1.9737941885731327
2012-11-30,1.288408412222415,1.4866747165629102,2.033562206828928,1.9986927915146726,2.03779951686066,1.9735635915914154
2012-12-03,1.2820648071272938,1.482831491392244,2.02425963458236,1.9895299426444246,2.0303216940145035,1.9662852698779514
2012-12-04,1.2802520868396032,1.4849997372807782,2.0207968397147575,1.9861068046035175,2.0310058402754585,1.966911610303704
2012-12-05,1.2825177037027082,1.4862918233046498,2.0315545569132767,1.9966599909133502,2.0269277482022523,1.9629260597260145
2012-12-06,1.2868680230418978,1.4905977582692038,2.0351224625270112,2.0001467200775203,2.039830090317714,1.9753846172950422
2012-12-07,1.2907657947244522,1.4877997300672208,2.042850105746474,2.00772158712167,2.0411413230939117,1.9766180169588747
2012-12-10,1.2913092357230718,1.490806075534968,2.0452460731156674,2.0100563621902676,2.045152905125062,1.9804663098271795
2012-12-11,1.3001012911216043,1.4923635021140418,2.056263944454915,2.0208645651760664,2.069557864754301,2.0040624474661977
2012-12-12,1.3007353637731236,1.485869684692819,2.0570314436589903,2.0215987451512456,2.06771939777112,2.00224528391975
2012-12-13,1.292759167710079,1.480838886841407,2.0453586318005743,2.0101070072218676,2.0515732440359638,1.9865738064310625
2012-12-14,1.2879557773360852,1.4819800431410348,2.0371853482512754,2.0020546776376613,2.039724513269528,1.9750640977881675
2012-12-17,1.3030930079642455,1.4835577212635795,2.0586314864125743,2.0231108618926354,2.0603498409570293,1.9949988458109074
2012-12-18,1.3175944213469903,1.4874194663256997,2.0783228013037096,2.0424420995643016,2.0864067092560417,2.0201920228162606
2012-12-19,1.30780559222595,1.4827641274762267,2.0634942407669934,2.0278493745266384,2.082353672937213,2.0162304783742098
2012-12-20,1.315328542794801,1.4879796124724611,2.072914755749019,2.0370868987528508,2.086026422823715,2.019749402484763
2012-12-21,1.303389065548405,1.4863723296266855,2.0570780764797862,2.0215038320904366,2.0664643407901617,2.0007719934432533
2012-12-24,1.2993724870215295,1.4825540673511983,2.0498445788538406,2.0143753929436308,2.0610220216211372,1.995465930373846
2012-12-26,1.293895508944271,1.4809377598962812,2.040448677980605,2.0051221301072055,2.0498997521138373,1.9846608784199706
2012-12-27,1.2921613826115974,1.4817342956495383,2.0380057637335383,2.0027015918599487,2.0469037370022454,1.98172371202448
2012-12-28,1.27819538509555,1.4755095932696942,2.0160208503102717,1.981077817493336,2.029023517796767,1.9643766755926126
2012-12-31,1.2999203767345837,1.480361625291857,2.0467057980942402,2.011210909953125,2.056013500173165,1.9904700667417596
2013-01-02,1.33323732251592,1.4952106274656833,2.095466330880046,2.059105336285574,2.107759186643748,2.0405285742737735
2013-01-03,1.3302251066950004,1.4850798929426317,2.091808856254283,2.055490883449444,2.1046847926746706,2.0375147151506092
2013-01-04,1.3360672282747021,1.491309969795883,2.1023442366736393,2.0658228023800307,2.1188032477963117,2.051144806770036
2013-01-07,1.3324158804799646,1.4891167337952664,2.0933934120686235,2.057007010817765,2.112723934098112,2.045221949851528
2013-01-08,1.328582309852785,1.4904683224451332,2.0874556741419226,2.0511520795551488,2.107710342072975,2.0403309630497968
2013-01-09,1.3319596691761477,1.4921919352384285,2.0931513072681067,2.0567282023200097,2.1127520203354426,2.0451737993958607
2013-01-10,1.3425477839906632,1.4976553058612085,2.1079115370148447,2.0712109881792835,2.1310867783452947,2.062884108618576
2013-01-11,1.3424569778783737,1.502939945298552,2.1079272957075923,2.071205872683508,2.1297562553062415,2.061558196147352
2013-01-14,1.3415440318925709,1.5006715747984825,2.107272348917107,2.0705417422683627,2.127976915783789,2.059797895128382
2013-01-15,1.3424569778783737,1.5040464918228862,2.110662414500857,2.073852091507243,2.132606857088867,2.064241475552887
2013-01-16,1.342274057208373,1.505175953783804,2.1095881654231983,2.072775962090095,2.1311551163045164,2.0627982795596753
2013-01-17,1.350946084546857,1.505006486761305,2.121517130247085,2.0844760353020346,2.1394100278529296,2.070750274276423
2013-01-18,1.3539580386786922,1.5116692807171563,2.130926450533706,2.093700247950714,2.1455363312467934,2.0766417182522665
2013-01-22,1.3612609087275565,1.517719547716927,2.142050339020943,2.104608875720983,2.158021572093649,2.0886875788442443
2013-01-23,1.363451333593742,1.5182762362270452,2.14258585795853,2.10511409712085,2.1577591237528764,2.088395097178214
2013-01-24,1.3638166515555747,1.516396407058878,2.1445416858157387,2.107014763470073,2.1640416348497347,2.0944370719486645
2013-01-25,1.3714836183505446,1.5131989646400892,2.1545513722313685,2.1168282387415442,2.1741035882985624,2.1041366358686613
2013-01-28,1.369840559819245,1.5099056588728237,2.1529201877964126,2.1152045766097456,2.169678207638334,2.0998149969731474
2013-01-29,1.3752259467169607,1.5101291031306718,2.167097860691676,2.1291127043106997,2.1818098214932027,2.111517083980934
2013-01-30,1.3698405598192447,1.5055481172342111,2.1602500986995614,2.1223638621046947,2.1747287138165596,2.104625348462695
2013-01-31,1.366463549414661,1.506261208892541,2.157453502491329,2.1195952312160493,2.169224779479799,2.0992601704265486
2013-02-01,1.380521050880556,1.50773535323861,2.1758971712367425,2.1376939955470156,2.1980491589864433,2.127115690641386
2013-02-04,1.365003498783057,1.5052921923646263,2.1555470880543304,2.1176801456107106,2.170271789618397,2.1001960448363204
2013-02-05,1.3787860522509348,1.5090602564887847,2.1745619656431514,2.136339737278925,2.197506494683006,2.1265122030682355
2013-02-06,1.379790327727196,1.514664304577732,2.17672456650648,2.1384430576096274,2.1948840998956323,2.123935409331442
2013-02-07,1.3779644357555902,1.5121146562423187,2.175303471858774,2.137025700949454,2.1904733415021083,2.1196281861506527
2013-02-08,1.385631925928729,1.5194953452181468,2.18430631019077,2.145848778457085,2.2089455534885802,2.1374635933781687
2013-02-11,1.3853584608355234,1.5188488366012938,2.1834675544705466,2.14500345632108,2.2105440627025223,2.1389709775498096
2013-02-12,1.3876410002594202,1.5188447385933634,2.1877006745224388,2.149140630530608,2.2131832707474173,2.1414852899642307
2013-02-13,1.3888266262711755,1.5146791667081057,2.1891665161108826,2.1505592463922674,2.2151545350220907,2.1433532157824344
2013-02-14,1.3901052391375903,1.5210099623437592,2.19076306572253,2.152106235454508,2.221534057469145,2.1494863637899977
2013-02-15,1.3884620933765959,1.5181609320264535,2.185983115563786,2.1473892717750327,2.2115982203413056,2.139833347998139
2013-02-19,1.3988677236695848,1.521964183753049,2.2036095451648765,2.1646829747252005,2.2319137986498623,2.1594499253470634
2013-02-20,1.3814334734881906,1.5124214199303383,2.1791403658150306,2.1406247510516234,2.1960290476547137,2.124691115916383
2013-02-21,1.3730355218507757,1.5104425723784503,2.1692415980553332,2.1308797475512185,2.1725053777303094,2.1018928976320064
2013-02-22,1.386453367964684,1.519712772849157,2.188207568310228,2.1494889365971424,2.1972635641030087,2.1258072194634416
2013-02-25,1.3600742359594635,1.5143107050461202,2.152978879961303,2.1148625584830523,2.16031876659516,2.090025393768334
2013-02-26,1.3693840868263434,1.517027572833184,2.164430981161411,2.126090766081103,2.172102052881291,2.101386565781254
2013-02-27,1.3866368120128536,1.526705092304572,2.188586841093072,2.1497973533891543,2.1987600547998487,2.127137504273127
2013-02-28,1.38389788682575,1.5260314318882344,2.1861970931184365,2.147428602275099,2.1948928002994004,2.123357112618707
2013-03-01,1.3884620933765954,1.5323756141136642,2.190868792471496,2.151996053638097,2.1994280498334593,2.127705360396018
2013-03-04,1.3958552461595803,1.5340236160234912,2.1998930847011233,2.1608387359295684,2.205480197605348,2.1335208528917105
2013-03-05,1.4083608441252444,1.5405054950422064,2.217949368022146,2.1785528014833564,2.233441236127796,2.160529798108665
2013-03-06,1.4102778038982238,1.5361727904018592,2.220454752130068,2.180991991706123,2.2346395489684134,2.161649176987892
2013-03-07,1.412833459496547,1.5331103975432783,2.2231686235078625,2.1836359131131142,2.238544595286319,2.165386788704437
2013-03-08,1.4188582400571652,1.530634557188214,2.2306558120043953,2.19096817237712,2.240066229547464,2.1668187846293674
2013-03-11,1.4242436269548813,1.5347066816510255,2.2376519957658103,2.197818021552215,2.248188872433968,2.1746357731269077
2013-03-12,1.4210484032342663,1.5370773721546804,2.234578952743972,2.1947778550324513,2.2442265684777234,2.170763119786649
2013-03-13,1.4230573903352624,1.5377433127700624,2.237825698201941,2.1979449108983875,2.2466315116887374,2.1730493139714198
2013-03-14,1.4306333765585533,1.5407922709576003,2.249598613365128,2.2094860432093006,2.258619872936352,2.184604792175482
2013-03-15,1.4287447664363846,1.542460545008192,2.249591998765495,2.2094575717134997,2.2459747646537016,2.17233405325544
2013-03-18,1.4208597254044084,1.5420430869798198,2.23868594132075,2.1987242185141294,2.2319285052196594,2.158708580166961
2013-03-19,1.4175590409827772,1.544071143069116,2.236996935891045,2.1970435113475055,2.2279748136499724,2.1548449028134002
2013-03-20,1.4274611814773661,1.5436531874670458,2.2497996399182894,2.2095955790940978,2.241455546989518,2.1678432227031545
2013-03-21,1.4152667318330627,1.5416961429669906,2.2344862337616185,2.194533998052907,2.2173649308091714,2.1445042749347847
2013-03-22,1.4266359013348398,1.5496008110198962,2.248162534542372,2.2079438091047603,2.2340327424577464,2.160584601964975
2013-03-25,1.4206761068968494,1.5451351363539547,2.240754226558394,2.2006461455729998,2.2274780929841183,2.154205771710792
2013-03-26,1.4320451891689319,1.5532925038809557,2.2584088222440246,2.217962675750083,2.2445823834197762,2.170707439416251
2013-03-27,1.4320451891689319,1.5585867684929995,2.260299590311386,2.2197975041185263,2.245995211509868,2.1720337618154817
2013-03-28,1.4364460145014122,1.5583001794050544,2.2701470486994735,2.229446333222256,2.2548978125602033,2.1806030331925284
2013-04-01,1.4307616042099132,1.5592946699100976,2.262279186942415,2.22169743517961,2.2361791010372443,2.162461239555161
2013-04-02,1.4378215395587524,1.561382392585982,2.2699270094918624,2.229185896693977,2.239478927230094,2.165612396071403
2013-04-03,1.4232438874227502,1.557499012596887,2.2474381436774196,2.207078714447217,2.2111350002472085,2.138163977513282
2013-04-04,1.4290197144344021,1.5687272512852821,2.256803707444929,2.2162540492537777,2.219836794019347,2.1465390617212097
2013-04-05,1.4226019640986987,1.5771655972208307,2.252693858155244,2.212196042582851,2.2118792244425336,2.1388048526326684
2013-04-08,1.4322285459874062,1.5787406721152395,2.2665602292380456,2.225790993617155,2.224320566124644,2.150795552068796
2013-04-09,1.4371794417753112,1.5804608083125318,2.2737608154432625,2.232839853522156,2.2383243118499987,2.1642965399660947
2013-04-10,1.454783353713096,1.583392702800356,2.2973760118869184,2.256007608537231,2.2754754642483497,2.200178473452458
2013-04-11,1.459551852209169,1.5877215015798012,2.304623203663968,2.2631017931642874,2.2774105181639017,2.2020089371430265
2013-04-12,1.455975434722267,1.5948495730513947,2.293154260609472,2.2518170850105546,2.267927232911395,2.1927992405904293
2013-04-15,1.4222344653944958,1.5782196869601623,2.23450196835266,2.1942002557500686,2.214701081755679,2.141296834041699
2013-04-16,1.443230914622539,1.5870155604161222,2.26580701925312,2.224918556845733,2.2473732269980613,2.1728460699561087
2013-04-17,1.4221432231337323,1.5773175786141158,2.2361435541817127,2.195768556161776,2.2076767732796476,2.134426712668046
2013-04-18,1.4132493706813654,1.5729405964332672,2.228801886220845,2.1885376799224523,2.194461039234596,2.121610395582211
2013-04-19,1.4255357604239904,1.579816522289864,2.2488212125527896,2.208173386969536,2.2195218122273017,2.1457996905864363
2013-04-22,1.4318617451207618,1.5844857992085695,2.25937459777559,2.218513953046926,2.235599827165786,2.16130386087767
2013-04-23,1.446623626372187,1.5920697851651004,2.2783363939527983,2.2371105764836017,2.2652937993599127,2.1899706733312345
2013-04-24,1.447539974316087,1.5942866372077613,2.279942080057618,2.238664942845361,2.2735959982207707,2.1979563329918412
2013-04-25,1.4534080903448403,1.5954121106104826,2.289509678597389,2.248036966564358,2.2881362979892366,2.2119721538470247
2013-04-26,1.4508406587377187,1.5995666791315624,2.28640273604135,2.2449639759091378,2.277597701972309,2.2017437981198644
2013-04-29,1.4605593551841378,1.6036619998445054,2.302549345232659,2.2607954585392456,2.297575276370708,2.221015124374366
2013-04-30,1.4640441814914973,1.6063232461447832,2.306323586408043,2.264478736444462,2.308714614613867,2.2317421702437965
2013-05-01,1.4512078085231424,1.6044739779881882,2.2830667540281557,2.2416215703503153,2.2920434413539508,2.215586005091995
2013-05-02,1.4646853197482956,1.6125863157742915,2.302500136129549,2.260679688252421,2.3179983970790254,2.240633892191276
2013-05-03,1.4795387921792633,1.6071902848163537,2.3228366899069983,2.2806241853350744,2.340022229207116,2.2618810057199865
2013-05-06,1.4832980431064713,1.6080455971421743,2.323167961149671,2.2809267507836726,2.3478776318011616,2.269432290109
2013-05-07,1.4908161960421082,1.610429787908747,2.3350572520901274,2.292577062090923,2.352670136453799,2.274022787161913
2013-05-08,1.4976010961632353,1.6158456196149893,2.342921911769041,2.300275766989238,2.369879367778446,2.290614541533136
2013-05-09,1.4933831915007558,1.6114505883742674,2.3314778340650038,2.289017229629813,2.3668603318550656,2.287654347149699
2013-05-10,1.498242932257592,1.6076702655221315,2.3371415394294264,2.2945549670443457,2.379468924939137,2.2997986398115704
2013-05-13,1.4994346643479837,1.603509020795157,2.3366073663165583,2.294007711685857,2.374247678728487,2.294709947920562
2013-05-14,1.5149297984139187,1.6064846636729682,2.3601344346498405,2.3170828030515356,2.3901556624864444,2.3100424634782435
2013-05-15,1.523089438525133,1.6159764992437466,2.369835761129451,2.326584026152721,2.401463377416647,2.3209284182576533
2013-05-16,1.5159379992264457,1.6181444035127757,2.357896747719642,2.3148398880306207,2.3889047575873517,2.3087484375958423
2013-05-17,1.5306077659201596,1.6193506433514047,2.3784041945824423,2.3349496314709923,2.4110232758751935,2.3300818833513666
2013-05-20,1.5305160002812273,1.6185180525889906,2.380912097881835,2.3373884669805673,2.4092703773500355,2.3283449471126194
2013-05-21,1.5327161076435358,1.6250077503417377,2.383093521367146,2.3395067452483955,2.410949796757066,2.3299250421398128
2013-05-22,1.5213474615199276,1.6081232147390556,2.3627317084224946,2.319494280579999,2.388186460647323,2.3078842050471597
2013-05-23,1.5169470723359213,1.6083797425854895,2.3585970111436603,2.315412218631536,2.384039274704986,2.303834033850771
2013-05-24,1.5156627023096494,1.60844493687511,2.353428034814952,2.310314905858868,2.381759679263967,2.3015887377569495
2013-05-28,1.5247396498914065,1.597919934562368,2.3631039872371002,2.319790529518137,2.399247297523134,2.3184450134959436
2013-05-29,1.5148378583155968,1.598880533469297,2.3449094697530057,2.3019066059840276,2.39182406315083,2.3112292104545693
2013-05-30,1.5204313752651115,1.6008674286958358,2.3553559568504805,2.3121385207886544,2.4099738802194457,2.3287245597355923
2013-05-31,1.4986094714351523,1.584906834423847,2.3201858004798046,2.27759103434535,2.377843761950054,2.2976353497714466
2013-06-03,1.506861749482247,1.593502615680743,2.334661726931207,2.2917784131892285,2.3898831768656934,2.3092261234716793
2013-06-04,1.49961749778829,1.5830196152641383,2.322114169716392,2.2794386599740872,2.3823210873013387,2.3018768522317883
2013-06-05,1.4786223570056685,1.5784641683523974,2.2935082946376135,2.2513361085598707,2.347610386606373,2.2682964546447444
2013-06-06,1.4920077536731102,1.5866544018536322,2.3132441857231254,2.2706865195342427,2.3600524307677944,2.2802761452101157
2013-06-07,1.5109875395870147,1.587417292881282,2.337582203991512,2.294553960482353,2.3863201628733277,2.3056134892117175
2013-06-10,1.5109875395870147,1.5843876013473441,2.3375260474014308,2.2944760171572915,2.390852383923565,2.3099498818939583
2013-06-11,1.495400465422758,1.5821216102164228,2.3164749766851775,2.273790027647326,2.3620501103369085,2.2820801969365387
2013-06-12,1.4830234440272327,1.5652130271032088,2.299873725830711,2.2574722303867323,2.3386992022407527,2.2594782440789363
2013-06-13,1.5055779028341432,1.5893051843967643,2.3320517352616568,2.2890342254215694,2.373210950433311,2.292778713494155
2013-06-14,1.4961335437778778,1.5818190665056766,2.3199929884322574,2.277175268388222,2.3599678055422415,2.2799424083247177
2013-06-17,1.507686767935688,1.5858122958524081,2.3369600909866968,2.293806412855467,2.378351125038229,2.297660038339487
2013-06-18,1.5196058334335,1.5936702887808252,2.351729533212397,2.3082801688114385,2.3998426227913146,2.3183796857080488
2013-06-19,1.4986094714351514,1.5738749401538927,2.315778267748681,2.272970514201193,2.3676067659499402,2.28719595174051
2013-06-20,1.4614762265062062,1.5401431468664086,2.2532386217525233,2.2115649337555556,2.304477713975069,2.226169943019992
2013-06-21,1.4661685734787164,1.5326631975031821,2.264713976498167,2.2228059440116796,2.3049257879094873,2.2265617808487077
2013-06-24,1.4476419458293108,1.5235877692699331,2.2406785599933357,2.199193424830706,2.274085975270573,2.196730014636476
2013-06-25,1.461559356405353,1.5269454379724285,2.261890799489648,2.2199908498452645,2.301722327724739,2.2233853292679244
2013-06-26,1.4760297160167482,1.539979105176421,2.2786948612891247,2.2364613847030923,2.318243643650635,2.2393031125134115
2013-06-27,1.484694764979648,1.5517007579077307,2.288908181660106,2.246463067849221,2.330149555775364,2.250762150089823
2013-06-28,1.4786111916047329,1.5521294533641237,2.2819337325940565,2.23959567716048,2.330350400417846,2.25091469323712
2013-07-01,1.4872750193519055,1.5588372596991018,2.2909492087031613,2.248421521482633,2.3381102998846335,2.258368481429178
2013-07-02,1.485892952067455,1.5575730847963587,2.287798676157415,2.245307141974682,2.336284007350511,2.256562912225771
2013-07-03,1.4865379284308247,1.5561151909408728,2.2869839598485386,2.244485234261177,2.34316024717353,2.2631628295135062
2013-07-05,1.5025754567390415,1.5449702885240786,2.3050533103460147,2.2621963049972678,2.3674427978215378,2.286574238327839
2013-07-08,1.5111480422254508,1.5562492781096873,2.3208485488640127,2.277675215155284,2.359709402864012,2.279063028166262
2013-07-09,1.522024712870373,1.5636080186800174,2.3389650070492154,2.2954318339651416,2.377028003477278,2.2957474567961387
2013-07-10,1.5225761790009142,1.5590566161260222,2.340618860559915,2.297032059862232,2.385934137058071,2.304306610162245
2013-07-11,1.5433157367777643,1.5791139655448128,2.3738976713484665,2.3296679851020814,2.4319521251451617,2.3487069718529936
2013-07-12,1.5439608876005235,1.5789822892516059,2.3791497572965667,2.334798994437033,2.4402892040374717,2.3567152669929303
2013-07-15,1.5498593595630676,1.5859437950406696,2.3884988198975727,2.3439504646243154,2.4453892663176577,2.3615971672063285
2013-07-16,1.5440531766176244,1.5845467526076287,2.379546488631383,2.335141880153836,2.445512366014547,2.361672550054707
2013-07-17,1.5480160216525014,1.5881534219708853,2.3835461963881195,2.3390436858669257,2.450098394220611,2.3660577752989003
2013-07-18,1.5564956202842513,1.5854366418768668,2.3992190953018175,2.354400544143661,2.441266085527095,2.357485001216555
2013-07-19,1.5592609760688798,1.5971556783491951,2.4090516046155668,2.364025865370172,2.434317465817233,2.3507315518417102
2013-07-22,1.5623031989048115,1.5999612683871984,2.4153642798586974,2.3701969817087707,2.4410208800469273,2.3571613786592773
2013-07-23,1.558984457936356,1.5952298581615103,2.412901922321248,2.36775712098515,2.434391376456991,2.350716329858859
2013-07-24,1.5532698661704556,1.5836358847565069,2.3969292996454805,2.352059949013099,2.4224498436325184,2.3391421683014846
2013-07-25,1.5570486565492994,1.5857117861621286,2.4072008912028355,2.3621157682224063,2.4347450200049003,2.3509712137694168
2013-07-26,1.5587081142632218,1.5906203593015549,2.4088997346619117,2.363759284082076,2.4351649704996525,2.3513334064004927
2013-07-29,1.5539151914526044,1.5830375953912785,2.4010368114505543,2.3560202719193333,2.4274435037094633,2.343834584062797
2013-07-30,1.5539151914526044,1.5828016136922005,2.4037916435640545,2.358699995081276,2.4391313809708817,2.3550765161365272
2013-07-31,1.5550212639827,1.585778755387935,2.402567777170966,2.3574756396481873,2.443680317752498,2.3594252346826288
2013-08-01,1.5729949425967524,1.5845543819845531,2.4284986891485714,2.3828961723957547,2.470948119345037,2.3857089345983433
2013-08-02,1.5756671370673319,1.5931474855180416,2.428611710083669,2.382983370320576,2.4716652727255854,2.386357395205034
2013-08-05,1.5733627029900397,1.5868442406694843,2.4236199802839637,2.378061772537103,2.4698624679547168,2.3845728924493326
2013-08-06,1.5644221826509535,1.5832951855661055,2.409194921287446,2.3638843591036918,2.4534443685129297,2.368678116882061
2013-08-07,1.5593529161672017,1.5849366041897124,2.404856401457264,2.359603967148311,2.4427962612956966,2.3583544629978506
2013-08-08,1.5650673334737129,1.5901427427964385,2.4154613263208113,2.369985766608417,2.4510559353938723,2.3662850355778193
2013-08-09,1.5605518010925672,1.5883998899756253,2.405803660180943,2.3604864470815827,2.442692113110888,2.358167045716723
2013-08-12,1.558708114263222,1.5829497946912992,2.4037148503919603,2.3584135270837345,2.445826543022556,2.361149525028341
2013-08-13,1.5633168079584165,1.5766048190631912,2.408056691293375,2.3626500415380005,2.4603367295761793,2.375113607712345
2013-08-14,1.5552979565746134,1.572713297302873,2.3968187807561416,2.351600646026126,2.446848441158592,2.3620490317445766
2013-08-15,1.5335449642035481,1.5510201657872582,2.3688364718170742,2.3241231331449352,2.407588540162743,2.3241069379316546
2013-08-16,1.5284765700167442,1.5457912979835569,2.360643595578231,2.3160618676999656,2.4063174685615225,2.3228371564300385
2013-08-19,1.5187054485237486,1.5344783454079851,2.3445778510119917,2.300276653235504,2.3972676338888537,2.314058658112812
2013-08-20,1.5261712636425038,1.5437367922671748,2.3550268676508703,2.3105052540836377,2.408630364228877,2.3249841659087065
2013-08-21,1.5167705194336396,1.531273716449035,2.3397026736922735,2.2954479328251054,2.394482362380365,2.31128492093326
2013-08-22,1.530595204844107,1.545885010253633,2.3597505068962956,2.3150935420875944,2.4146630316662505,2.330721474439122
2013-08-23,1.5357574581825182,1.5557263529632803,2.3718756907120397,2.3269661199905025,2.4256844463181864,2.341316624928171
2013-08-26,1.5300428664166177,1.5553560329938154,2.361750124662318,2.317009228912925,2.4209857589812662,2.3367383232703514
2013-08-27,1.5054325781626021,1.5481810637780415,2.333861699832607,2.2896263490544357,2.376488846174383,2.2937476025931685
2013-08-28,1.5107790606164364,1.5464617528220697,2.3401494956208424,2.2957721344407958,2.385986444009436,2.3028721106640733
2013-08-29,1.5131759581702193,1.5528696194954816,2.3400231605226636,2.295625363245461,2.3982566960459897,2.314672303092961
2013-08-30,1.5083821630626537,1.5492156998993094,2.3341045067254114,2.289796231553181,2.3854533341252364,2.3022727610814746
2013-09-03,1.5152033507368186,1.5446787217422464,2.3410255394441872,2.2965630412235125,2.401823909300727,2.318029800613
2013-09-04,1.5277384323393257,1.5509823562812952,2.3556859841223186,2.3109220598450184,2.42989575863797,2.345079094564395
2013-09-05,1.5296738848076035,1.5435112092824317,2.355183612353738,2.310406255538996,2.4362533769217394,2.351171491786129
2013-09-06,1.5304114991068531,1.5470282598786789,2.3600626696882516,2.3151695247482826,2.4361146793610597,2.35099433587786
2013-09-09,1.5450666112118399,1.5562171473494903,2.3804161537031505,2.3351126199250336,2.4628265896873547,2.376729128565365
2013-09-10,1.5564956202842515,1.5587770361143065,2.3942023951182096,2.3486131259028475,2.4863656454021155,2.399401093445593
2013-09-11,1.5613808321119702,1.5672541102037254,2.398121174820247,2.3524338891998844,2.484632393982621,2.397684303139796
2013-09-12,1.5572330601241118,1.5639066042067058,2.3879375446676687,2.342420972999722,2.4762438117111834,2.3895452616635073
2013-09-13,1.5607353323704316,1.568442833761825,2.396022830891602,2.350328769345304,2.4839185419554277,2.396907135548885
2013-09-16,1.5697686651047875,1.5697089400253217,2.408766236630252,2.3628056481869044,2.492456997386169,2.4051021910698225
2013-09-17,1.5767732095974274,1.5791000773143113,2.4181678196945215,2.3720042523613785,2.506879186947262,2.4189743622970052
2013-09-18,1.5950230574252247,1.5978621767973609,2.4541111596536136,2.407237480985003,2.5362619213318913,2.4472817025382203
2013-09-19,1.5923503395764764,1.592481610096318,2.4489281513846315,2.402129577382587,2.5357809612371,2.446772549847644
2013-09-20,1.581217213628835,1.5891576242508452,2.4266765830339105,2.380279558674375,2.5192063597203034,2.430734962351533
2013-09-23,1.573900037910023,1.5894101222475916,2.4201757416297087,2.3738794004444514,2.509584707588026,2.4214066116722677
2013-09-24,1.5701957416905405,1.5940233200072984,2.4148632230878984,2.368644948736507,2.5105867048575585,2.4223287862349916
2013-09-25,1.5656573551293567,1.5925721148346792,2.4080502851417678,2.3619389128028927,2.5063017008362096,2.4181498795003447
2013-09-26,1.571677774205235,1.5917831900363204,2.412875805200488,2.3666484915128962,2.51330172339832,2.424859034167602
2013-09-27,1.5644532364223034,1.588950669362532,2.4034189645384885,2.3573493848996288,2.502755656558631,2.4146396073717575
2013-09-30,1.5561180901651464,1.5829167065126337,2.3894557589342913,2.343630521629805,2.4939856302117662,2.4061340349912084
2013-10-01,1.5684354464494266,1.5885134523873874,2.4025355610129004,2.356436041208924,2.5135105557925566,2.4249265237726623
2013-10-02,1.566953588394122,1.5885737199315824,2.4027946769593678,2.3566667463192457,2.5131479073431424,2.4245319996164465
2013-10-03,1.5525052106658168,1.5787657203668022,2.3828352257322702,2.3370672249594047,2.4946384059961773,2.4066308334530606
2013-10-04,1.564268309469322,1.5854655790915972,2.39626387457235,2.3502145699729047,2.5113947334174003,2.422751395825509
2013-10-07,1.550745613262261,1.5798215601551655,2.380893246675695,2.335116096751304,2.495053097006515,2.4069422286892403
2013-10-08,1.5326847049534058,1.568960381576521,2.36191035759203,2.3164751501901675,2.4585402763220694,2.3716751469675437
2013-10-09,1.5337963601839688,1.5646183537703742,2.3628264346405974,2.317350557074983,2.4546995005831134,2.367926459508666
2013-10-10,1.5668616482958002,1.5858667988802626,2.4082758051088513,2.3619017002416838,2.507157194158191,2.4184852409368722
2013-10-11,1.5769569153346819,1.5918167721028134,2.4204209342734475,2.3737893518009847,2.5195791826849256,2.4304231293443785
2013-10-14,1.583255248218201,1.5904994374858341,2.4288124313771267,2.381995488308623,2.533958092732417,2.4442482176873783
2013-10-15,1.5717704121411158,1.583151769388595,2.4109540309676243,2.364457803766129,2.519751986188064,2.430500284302911
2013-10-16,1.5937214159193829,1.6043526760122704,2.4425719847287732,2.3954421678457187,2.549553263923873,2.459200680972931
2013-10-17,1.604372859492325,1.6166062038456168,2.4643702539466226,2.416795798987373,2.5675580918853944,2.4765218289838584
2013-10-18,1.615209404477638,1.62455043919431,2.4775484106612664,2.4296953872404687,2.5873556101442854,2.4955714342863358
2013-10-21,1.6153015190353492,1.622541779412149,2.4750210037912628,2.4271926560010497,2.5910739371836837,2.499111826688424
2013-10-22,1.6246560315059682,1.635418510586963,2.4935657843433874,2.4453547483778846,2.5979058325460325,2.5056550944159377
2013-10-23,1.6168768873234822,1.6332662891508105,2.4836919584870256,2.4356476003098213,2.5656123960618062,2.474462810460359
2013-10-24,1.622248666388809,1.6339890521652445,2.488910457723983,2.440740878133368,2.5752950797990506,2.4837557460374495
2013-10-25,1.6296579566653324,1.6408895775716517,2.501243758069226,2.4528110885268983,2.5883645511477225,2.496314681920842
2013-10-28,1.6322514699512,1.6402138945185065,2.50634458158125,2.4577886978824726,2.5929778974665774,2.5007179042312786
2013-10-29,1.6409573424112676,1.6463140966342664,2.517873139035654,2.4690693535408874,2.6097148655262847,2.516813002821633
2013-10-30,1.6328072975664816,1.637446942340076,2.504831543447093,2.456256112973002,2.5999549430599798,2.50735433663059
2013-10-31,1.6281760986100278,1.6360629363628383,2.492956206114477,2.444586757027095,2.594509741297295,2.5020569879682295
2013-11-01,1.6320663685388292,1.6313246088166349,2.5003516421015286,2.4518143181893173,2.593659894586482,2.5011913561509735
2013-11-04,1.6378088738070666,1.6353831411340496,2.508451288374442,2.4597322684909555,2.5952389392418995,2.5026680093464564
2013-11-05,1.6326220216947211,1.6244595379572306,2.499090463384159,2.450528876501984,2.5905564488341377,2.498106529405121
2013-11-06,1.6409573424112676,1.62974494184358,2.5143089535084755,2.465427124761359,2.5993684127568475,2.506557850897834
2013-11-07,1.6202104573400542,1.622903857147463,2.4849315833161953,2.4365966595179582,2.5614999600689,2.469995998988818
2013-11-08,1.64206917210122,1.620418317005869,2.5096297460570614,2.4607899385867253,2.590552762536079,2.4979649447713212
2013-11-11,1.6423470859088607,1.6181384987576435,2.5098637212351083,2.460994883800012,2.5881623849851247,2.495614034847857
2013-11-12,1.6390135158922887,1.619183153601647,2.5005903505835714,2.451877686386623,2.5884736329084395,2.4958681825706677
2013-11-13,1.6521653114370494,1.6293565514581982,2.518275239165466,2.4691935069808193,2.6104861376525803,2.517046805516486
2013-11-14,1.660407819758326,1.63824981064311,2.5334404050940718,2.484038394757558,2.6152326267550823,2.521576955514205
2013-11-15,1.6676325320006473,1.6438436945297197,2.543308726942562,2.493689482875054,2.6260423337047323,2.5319529144076083
2013-11-18,1.6617979121746984,1.6443478420416806,2.535352351871255,2.4858636105403242,2.6111759668135113,2.5175728296790774
2013-11-19,1.658185032675369,1.6372086216322075,2.5293565553180932,2.479960183566942,2.6013084661421892,2.5080128562996418
2013-11-20,1.6529978316442442,1.6229870009321312,2.5179310807546975,2.468733286112618,2.59244643195329,2.4994226219183373
2013-11-21,1.666335426438934,1.6319178905594027,2.534416422089072,2.4848718067022086,2.6204932743295153,2.526416536520872
2013-11-22,1.6746721428305975,1.6429038085607763,2.5463059209505237,2.496504051242985,2.6268197004463585,2.5324691968180857
2013-11-25,1.6730041366065842,1.6438189993572643,2.5429109975686037,2.4931507309984196,2.6294191090656036,2.5349285495539107
2013-11-26,1.6734669773672062,1.6465529628729183,2.5382462099642367,2.48855247436414,2.635706961657054,2.540943641737001
2013-11-27,1.677543046545937,1.6478256331865637,2.5399940913200596,2.4902413682695257,2.647204431261296,2.5519807311804037
2013-11-29,1.676431391315374,1.6473597890051053,2.5387612350039777,2.489007905617315,2.6517750677082637,2.556339871045588
2013-12-02,1.6720781061665613,1.6396685556199437,2.5300057736232646,2.480399359663497,2.6423663740021928,2.547222872082919
2013-12-03,1.66485339392424,1.6378294451588307,2.525978454396178,2.47642637496336,2.639034213479311,2.5439638360790138
2013-12-04,1.6646684669712586,1.6314664295321506,2.526177027003327,2.4765964204220574,2.6383271579921184,2.5432354091071687
2013-12-05,1.6573516401712258,1.6253215356361912,2.5126392520743517,2.463299848303873,2.63311994118748,2.538169123480871
2013-12-06,1.675875738159482,1.6393312414803811,2.540081039089062,2.4901780082382836,2.6603089846039785,2.5643304932195727
2013-12-09,1.6801365598318043,1.6433608068694028,2.5450170228643216,2.494992203799081,2.670774760281165,2.5743712687612055
2013-12-10,1.6741161407559262,1.6445434392517904,2.5355797924808745,2.4857157490324315,2.6650207990160215,2.5687776873806114
2013-12-11,1.655314128960029,1.6283957580609547,2.5082864953140613,2.458934738556132,2.6361177951554824,2.540871671481863
2013-12-12,1.6498491885806532,1.6227067207371968,2.4985701486702916,2.4493852046431224,2.6210495107030276,2.526301291335296
2013-12-13,1.6496640871682824,1.62575701644466,2.497959627287442,2.448762346597621,2.619772475982505,2.525023912589282
2013-12-16,1.6599449789977034,1.6294422069428915,2.512265326954412,2.4627618015490484,2.634784957781906,2.5394466690916357
2013-12-17,1.6546660123276464,1.629248741500619,2.5028889490887662,2.4535457802397738,2.63466000185175,2.53927946455213
2013-12-18,1.6829148256112636,1.6426564447936272,2.541880997250339,2.4917443378073525,2.669505721587388,2.5728163041489354
2013-12-19,1.6809696034171682,1.6408779029086722,2.5365211598565325,2.4864654892000098,2.6624286433268027,2.5659482961747546
2013-12-20,1.6907477032857479,1.656705878653433,2.552605605279414,2.502207637940313,2.683406226120311,2.58611806639312
2013-12-23,1.6997810360201038,1.6582666237610517,2.5597348649347804,2.5091711836508046,2.7030492458085096,2.605000938554673
2013-12-24,1.7035057439881702,1.6551353853398203,2.5667156848046244,2.515989084463542,2.708032759126839,2.6097556156367245
2013-12-26,1.7121666059257197,1.6576325898166502,2.5764182656781673,2.5254747930820884,2.71858045017767,2.6198722662345992
2013-12-27,1.7120734446116708,1.6556949337130635,2.5795734170303093,2.5285424092850057,2.7167888388493284,2.6180974842315834
2013-12-30,1.7117941351289132,1.6600868309373298,2.5758890098277325,2.524905777491721,2.7171576283822407,2.618404649490422
2013-12-31,1.719895680263389,1.6605901895431132,2.586899884966851,2.5356735007801285,2.7308676895556454,2.6315679592612122
2014-01-02,1.7034120592959523,1.6530629960754817,2.5619040058896885,2.5111476204347047,2.708779279084402,2.6102346499482993
2014-01-03,1.7031336221101427,1.6529008717535074,2.5626831296417234,2.511886325464833,2.7040911763517186,2.605669106195974
2014-01-06,1.698198165978218,1.652809439965901,2.5588731581176862,2.508126928805289,2.694554591140308,2.5964318057914895
2014-01-07,1.7086273482888032,1.6605749637378997,2.5749599015146987,2.5238695464290326,2.7095733313647234,2.610855546951245
2014-01-08,1.7089999935449993,1.65898426009606,2.5708943253568264,2.519859574236863,2.7205397521619665,2.621374146402021
2014-01-09,1.7101174059354192,1.6635159860073179,2.5773624799250667,2.5261742048063645,2.714347348525311,2.6153592889151
2014-01-10,1.7147737270439762,1.6741661551544273,2.5869986869503916,2.5355938112904974,2.7227779236011496,2.623434093839325
2014-01-13,1.6919584514496062,1.6641362852207058,2.5590037416181968,2.508130193253278,2.6911927189158273,2.5929535546871043
2014-01-14,1.710397587715125,1.6719728240588974,2.5815045554831975,2.5301585215964577,2.7366955128518065,2.636746751624281
2014-01-15,1.719616021861852,1.6766757633524587,2.5903079931449176,2.5387616091600833,2.7556719710402584,2.6549812562353177
2014-01-16,1.717380848162233,1.6798673793899417,2.591102529395585,2.539515076838266,2.75118280525564,2.6506073014809686
2014-01-17,1.7101174059354194,1.678418994576302,2.583654188283849,2.5321898435028167,2.7341681428892985,2.634166129549027
2014-01-21,1.715146197840783,1.6818898914381848,2.594984104085888,2.5432687814938433,2.746219498886432,2.6457279773127063
2014-01-22,1.7162644825281508,1.6808905793690023,2.5976184706079897,2.5458253275527185,2.7576401690652808,2.6566818021385172
2014-01-23,1.7022021834290417,1.6821407867397102,2.579037389918492,2.527589590590485,2.7356529344919407,2.6354509880528454
2014-01-24,1.6658834021604674,1.6649541884687646,2.5312062723344355,2.4806879572344265,2.681981053069096,2.5836974209549166
2014-01-27,1.6576890446307218,1.6553932166179697,2.5202803981367174,2.4699555780893374,2.6611243206322666,2.563557785178684
2014-01-28,1.667560131353961,1.6629206857623742,2.5371348033156833,2.4864487056931774,2.6731463995786364,2.5750916611238206
2014-01-29,1.6515428403349384,1.6588076741248665,2.5168994607028843,2.466593086260775,2.6506092053586365,2.5533341336818713
2014-01-30,1.6690503634599665,1.6674514781364256,2.5398363432143913,2.4890467636507343,2.6820061935258814,2.583531294331844
2014-01-31,1.6592722635913868,1.666055419072895,2.5288888790007618,2.4782935692820747,2.6674707790104217,2.5694822485176387
2014-02-03,1.6219297546246105,1.651678323750727,2.4816231801584347,2.4319493243962698,2.615008534631948,2.5189007901247744
2014-02-04,1.633290375616297,1.6516093092137063,2.4945930267206333,2.4446352438240346,2.625249739124099,2.528719030581406
2014-02-05,1.631242047922945,1.6442585809670927,2.4882541514226597,2.438399061694612,2.620513611457614,2.524110560144015
2014-02-06,1.6527539374175764,1.6544452635205347,2.5149415554075363,2.464527240531164,2.651564923485557,2.5539725205862323
2014-02-07,1.6732408779982784,1.6673083982485648,2.5453020238584996,2.4942542981141242,2.691291924564714,2.5921896014737973
2014-02-10,1.6763136312273907,1.6710192239629063,2.5500021699848285,2.4988353267457413,2.703656054825589,2.6040504802536697
2014-02-11,1.6946592572600812,1.6781220441420068,2.579675958801795,2.5278885568804963,2.7359683560681396,2.635123826436922
2014-02-12,1.695497185708354,1.6751519560175978,2.581227736968066,2.529384026087073,2.7430519875441473,2.6418977035460016
2014-02-13,1.7042499877442252,1.6841364624292747,2.596168585388022,2.5439994868725373,2.763896260955977,2.661924283117663
2014-02-14,1.7136564891129462,1.6900928903236372,2.611493107498671,2.558990616848574,2.777073741469541,2.674566328029523
2014-02-18,1.7157048168062983,1.6928273142097425,2.616418435478632,2.5637914251086196,2.7869025195750203,2.6839828707257696
2014-02-19,1.7043433235176637,1.683249135852513,2.601351175646008,2.5490018783872186,2.7712214838846014,2.6688317757126736
2014-02-20,1.7144009073283906,1.6875629964903152,2.617979577834219,2.5652701388032857,2.7886726625978513,2.6855887120949915
2014-02-21,1.7124453920303084,1.6899708785207006,2.6138430363714535,2.5611914078283893,2.7818190961193863,2.6789391469226476
2014-02-24,1.7219443568755202,1.6938843679479394,2.6303679047879434,2.5773577756666612,2.799169509429093,2.695598241059041
2014-02-25,1.7212918787583975,1.699549145660814,2.626124768752077,2.573174559774773,2.791081124356916,2.687759627127978
2014-02-26,1.7213857379100048,1.7032135438108376,2.6214735920795738,2.56859161744762,2.7955550018874846,2.69201830533189
2014-02-27,1.7304187217255815,1.712300838944803,2.631483669861651,2.5783741217812115,2.8072266001441006,2.7032078426874087
2014-02-28,1.7347953844326018,1.7152783497177557,2.640595053377967,2.587275883535123,2.8089922004226975,2.704858200741655
2014-03-03,1.7225956137769154,1.712621040201547,2.623682462088282,2.570679225564768,2.791450450684927,2.6879172449815236
2014-03-04,1.7468077857038524,1.716759892381877,2.657362396791251,2.603652867885867,2.8280716596640785,2.7231300391601896
2014-03-05,1.7483910046645177,1.7191640374324226,2.6544576569277925,2.6007809705756846,2.8323117571240104,2.7271625681515896
2014-03-06,1.7523958944122897,1.7147537549781409,2.657901627253872,2.6041293990413297,2.8419784201289793,2.7364199564738385
2014-03-07,1.7531406615465133,1.7108783900991664,2.6604485411772893,2.6065988614058884,2.837477775692683,2.7320361572781438
2014-03-10,1.752208873946633,1.7113024076106234,2.6600147701194707,2.606147949985782,2.8384518904401546,2.7329237368603367
2014-03-11,1.7435490587654212,1.7080351880428957,2.6489027694948453,2.5952351620169116,2.8248964132410213,2.7198221306727226
2014-03-12,1.7440141674981082,1.7130634815521948,2.6552787031550213,2.6014560436629726,2.839310769150747,2.733649982966483
2014-03-13,1.7244581422203384,1.7107551780232682,2.635131448608155,2.5816914981729195,2.804191442571036,2.699787844200939
2014-03-14,1.7196160218618524,1.707998742168416,2.6303197857403338,2.576951785019106,2.787883201947103,2.684037343710411
2014-03-17,1.7351676807700194,1.7121676496247065,2.651190962624521,2.5973736621687524,2.8135549809010922,2.7087029839753973
2014-03-18,1.7475525528380769,1.7219794380043725,2.665774797155101,2.611635480353117,2.8409166531773415,2.7349946012887147
2014-03-19,1.7382409573773008,1.7111224071282254,2.6455618981140794,2.5918073081918775,2.8279522576671736,2.7224634322309664
2014-03-20,1.7483910046645184,1.71590472232957,2.6583200719484514,2.6042803498275564,2.8499507925067813,2.743590840232439
2014-03-21,1.7416099426499625,1.7193477096643157,2.654159169184518,2.6001781712002137,2.825518501557223,2.7200202614970204
2014-03-24,1.7344075612095107,1.7199741388975298,2.6461176744852657,2.592274444303479,2.809267234793366,2.704325968948853
2014-03-25,1.742638206292294,1.7222836560333803,2.6620547560532466,2.607861300680569,2.827702986043222,2.7220229096102164
2014-03-26,1.730105741580631,1.7202447798207567,2.6453412881650253,2.5914623072702314,2.800625789214829,2.695908017087169
2014-03-27,1.726457272365822,1.7215260013358447,2.645573159923903,2.591663680192104,2.7886307403581503,2.6843120318988727
2014-03-28,1.7349687970658696,1.7227369130564318,2.655670476987667,2.601529367488868,2.799120151174159,2.6943594223452276
2014-03-31,1.7491861905623374,1.7295061375500973,2.676928611100093,2.622328031206092,2.828819540096896,2.7228971207735335
2014-04-01,1.760784774161445,1.73047488785051,2.685569142832097,2.6307661592828837,2.8621945703216918,2.754971712350492
2014-04-02,1.7666771400453531,1.7299717349433346,2.6929250288991526,2.637945701186963,2.8645359781401543,2.757174623496028
2014-04-03,1.7643388608464776,1.7316296788380712,2.6937612692388053,2.638738624278738,2.8590626313922063,2.751855729567706
2014-04-04,1.7434804962253065,1.7239754396861466,2.6739951317003587,2.619350177410896,2.8042543202075207,2.6990528648293455
2014-04-07,1.724212677859164,1.7166764669754822,2.649711629624918,2.5955371109119167,2.7798115845723603,2.6754778184923693
2014-04-08,1.731321374607398,1.7225593652710778,2.6622884976325123,2.6078309023403223,2.803329885207102,2.6980637197187063
2014-04-09,1.749934446884353,1.7302687509524899,2.68535166620347,2.6303961481893454,2.8395141597549296,2.7328389250186538
2014-04-10,1.7131753301164154,1.7148845466614409,2.6396581112479565,2.585611992366861,2.766519946135179,2.6625379271186618
2014-04-11,1.69774230359318,1.7111734032876982,2.621066298137566,2.5673753058030355,2.7353440425800044,2.6324853097726204
2014-04-14,1.711117407156635,1.717469268820647,2.64223489023368,2.5880845312225813,2.7572959745463033,2.6535628954564006
2014-04-15,1.7229031856807888,1.728859151277615,2.6621629205407897,2.607578219008483,2.7715680413443806,2.6672489013481315
2014-04-16,1.7409548476419952,1.740598523786055,2.6864547897918603,2.631345839530397,2.7915082824402537,2.686389131425404
2014-04-17,1.743386637073699,1.7344238206472404,2.687512514014552,2.6323556850810217,2.8041585717748774,2.6985133489351325
2014-04-21,1.7494668957202115,1.7374861626226494,2.695703560765685,2.640352363464639,2.817906431627798,2.711693319581902
2014-04-22,1.7574173590232895,1.7445622780249304,2.70325400886578,2.6477214435991607,2.833778793483174,2.7269171909866703
2014-04-23,1.7533013386443392,1.7460954661627885,2.7011929723711887,2.6456764332960376,2.8225683092821074,2.7160794268823953
2014-04-24,1.7568550764105924,1.7495406555044768,2.707528149997669,2.651855031708643,2.8391488762810186,2.7319841285448794
2014-04-25,1.7424513602860263,1.7419416907751746,2.69692895413472,2.6414475088000127,2.790866078050498,2.685474320004525
2014-04-28,1.7479700341574005,1.7418722774451163,2.706662813950432,2.6509547569598206,2.7935873108103486,2.688043280476224
2014-04-29,1.7561073434667456,1.7457939559936866,2.7144886839167817,2.658593114392875,2.8083711344376314,2.7022187878722668
2014-04-30,1.7613456610990246,1.7518217984996467,2.719678445546778,2.6636495185632065,2.817196026524436,2.7106601851935075
2014-05-01,1.7615326815646812,1.7594510157674752,2.720618805363609,2.664544004696648,2.8130164119447767,2.7065887763580334
2014-05-02,1.7590072074407597,1.7622727001988627,2.710177301140606,2.6542913117305207,2.8110646835703887,2.7046610734787073
2014-05-05,1.7623744481195254,1.7600439097489307,2.719177801684637,2.6630797283881593,2.8188033354598727,2.712056851750138
2014-05-06,1.7470347573697285,1.7536799179905094,2.6998965172550577,2.6441699286267797,2.7971582274259985,2.69118186377352
2014-05-07,1.7573234998716818,1.7573824502806967,2.720008044047204,2.6638398540690313,2.804109371809194,2.6978199589079006
2014-05-08,1.7554531207557267,1.7532494853138623,2.7111893934936853,2.6551769008468837,2.808259585347397,2.7017630963236656
2014-05-09,1.7580719306530872,1.7525564110356355,2.7098564350228114,2.6538450863296132,2.8082608004076013,2.7017145034001633
2014-05-12,1.7751890136641795,1.759958623048845,2.7281844480598254,2.6717676958077514,2.8478579629281184,2.7397588745038246
2014-05-13,1.7767790365410392,1.7670040947022958,2.73190379588772,2.675383521537299,2.84296405464956,2.735000354374886
2014-05-14,1.768360498695651,1.7696344782996212,2.726278494043644,2.669848047595232,2.827436311370207,2.7200121899125222
2014-05-15,1.7528341363989768,1.7659511886340813,2.7027794154687435,2.646809044965417,2.8025272997979536,2.6959999015160414
2014-05-16,1.75891404612671,1.767641390062834,2.7095349795465493,2.653398321596466,2.8174155359762074,2.7102722985885066
2014-05-19,1.7653679967857567,1.7663021092812752,2.7123441000360526,2.6561228249086737,2.83450440562364,2.726661075789787
2014-05-20,1.75423713881018,1.7611873088256127,2.698515614752277,2.642554693140062,2.819379021215891,2.712061208752362
2014-05-21,1.7690155937036178,1.7657859171214516,2.716115682693562,2.659763323215412,2.8400891777420254,2.7319327282755554
2014-05-22,1.7733179367106662,1.7673560370748955,2.7237881851955272,2.6672501132219537,2.8498951815826428,2.7413148079900096
2014-05-23,1.7804269823776793,1.7753908683232156,2.72941640000205,2.672734919837311,2.867231172480395,2.757939503990565
2014-05-27,1.7913699475906513,1.7860966655245896,2.741945481404572,2.684977106963274,2.894734013711195,2.784342722016764
2014-05-28,1.7900609787904451,1.7941372453049165,2.741139067655326,2.6841607516227413,2.8920909752095074,2.781749240308935
2014-05-29,1.7993207598125085,1.7958911268348499,2.755565101506164,2.6982600842974525,2.9027501495998886,2.791950312074134
2014-05-30,1.8022206237865224,1.7973129313790552,2.762113252463088,2.704645159347219,2.9060625579136494,2.7950848019757952
2014-06-02,1.8042778489087443,1.7931999102771274,2.7623545297954943,2.7048545147375056,2.9110590161009657,2.799838884408447
2014-06-03,1.8033425721210719,1.7838158572056189,2.7642497817752947,2.7066833957921395,2.921791766006531,2.8101098196937437
2014-06-04,1.8069905179577117,1.785788923612603,2.767650473087131,2.709986313615687,2.9290978214403367,2.8170847231524023
2014-06-05,1.818775947563086,1.7930976107488539,2.785755595835906,2.7276870860207905,2.948865187890349,2.836043919761098
2014-06-06,1.8274746671881796,1.7982431549475975,2.7961460129014037,2.737833686983602,2.9648478169854,2.851362547789606
2014-06-09,1.8293446973853553,1.798315753148776,2.796459550386207,2.738113453038862,2.968488500413018,2.8548112952962974
2014-06-10,1.8295324156885704,1.7957796083830826,2.7961733998755998,2.7378060431572795,2.9746251608136443,2.860660265012179
2014-06-11,1.8231718008029625,1.7933276972894283,2.7851839283972684,2.7270188436308276,2.970805371762567,2.856934200234973
2014-06-12,1.8102633761067006,1.7920945642430213,2.7736598053225285,2.7157083775465476,2.9530604710813404,2.839817157232734
2014-06-13,1.8157827478156332,1.7949899009063586,2.7832912877923413,2.7251115213169825,2.9737570121791803,2.8596673607395404
2014-06-16,1.817279609378444,1.7976699448601843,2.78750234114694,2.729207405898981,2.9775576616118884,2.8632694588581473
2014-06-17,1.8223303831668975,1.7949757416379328,2.7921776174731177,2.733757718911424,2.985151876499616,2.870519312387229
2014-06-18,1.835705835649132,1.8084161443002915,2.8179528934996707,2.75896626638497,2.996512516388593,2.8813906220119176
2014-06-19,1.837763584149523,1.800364815454037,2.8317541941750237,2.772451097908885,3.0050195943248474,2.8895176487166814
2014-06-20,1.8414943981962255,1.8080097513486053,2.8371287831307272,2.77768550494681,3.0084788143659433,2.8927906277430404
2014-06-23,1.8409308943678016,1.8054137433637678,2.833665811003486,2.774267496381502,3.004101566018007,2.8885284995449902
2014-06-24,1.8298403365112237,1.8062099423815852,2.817314698896037,2.7582316977411865,2.990167339008141,2.8750773917213563
2014-06-25,1.838110932794227,1.8129696825156898,2.82742330619091,2.768100782505805,3.005087134592551,2.8893697140659897
2014-06-26,1.836794985618437,1.8156600006000159,2.825805352804146,2.7664892606310483,2.999735118097644,2.884170666114835
2014-06-27,1.8403665182424298,1.8166897170329928,2.831680195120228,2.772213213038052,3.009622134736045,2.893623489961301
2014-06-30,1.8394265310512383,1.8179301381846036,2.832799325324746,2.7732812583139816,3.0173668243599194,2.9010162463830094
2014-07-01,1.8517386535538303,1.8191425968529376,2.843227953251622,2.783463093469271,3.048760420178075,2.9311453079361494
2014-07-02,1.8536177556392655,1.812473347607265,2.8385554370834973,2.7788611559133503,3.052640175702938,2.9348213347945302
2014-07-03,1.862734828880632,1.8152112564443839,2.846870517458273,2.7869736530235736,3.0732465247064447,2.9545779476464555
2014-07-07,1.8562482543157293,1.8167323387169427,2.8392109274305577,2.7794475734436803,3.059086207689922,2.940910241416718
2014-07-08,1.8443140108510216,1.817872166732764,2.8274102476386447,2.7678677608173516,3.0361078244238304,2.918765779436968
2014-07-09,1.8525847815934142,1.8233439061934544,2.836591990328977,2.7768285272079805,3.0498516085950804,2.93192438023704
2014-07-10,1.845253474664044,1.819208318855469,2.829478220361282,2.7698370872523217,3.0435908989153018,2.9258518603671653
2014-07-11,1.8477906375670692,1.8253515978928179,2.8300486315274562,2.770367921463748,3.0509030184104673,2.932827097301149
2014-07-14,1.857095254652261,1.8277162154500708,2.8357321855284785,2.7759040107749984,3.064763034023318,2.9460964400807517
2014-07-15,1.853617755639265,1.8241761365922389,2.830309376227884,2.7705680561700246,3.0578020373717036,2.939350832035038
2014-07-16,1.8604792434324287,1.8321068934810645,2.8412269331896782,2.781227507064136,3.075976638199118,2.956766937022527
2014-07-17,1.8393330208184093,1.8288491126918307,2.811046843547527,2.7516573760581466,3.0281685574154595,2.9107580497277854
2014-07-18,1.8581296243732288,1.8377064564502972,2.837360396646508,2.77738737485804,3.0640554893696805,2.9451992990665934
2014-07-21,1.8546522998196224,1.8393018963005967,2.8327302329721222,2.7728275005107044,3.0649487354676186,2.946003634338649
2014-07-22,1.8627348288806314,1.8456454087271401,2.8425225006723074,2.78238502156278,3.0840639144529134,2.964322389113752
2014-07-23,1.8668698653330484,1.8471435058048684,2.8478141541189235,2.787536998483343,3.0710390081268386,2.951748819166518
2014-07-24,1.8669635500252664,1.84168272820109,2.8468903038272657,2.7866049874727006,3.0665885308081706,2.947416926967117
2014-07-25,1.8582233090654467,1.845208820863246,2.8358660207951965,2.775786545542132,3.0428006018375315,2.9244995624363392
2014-07-28,1.8589750545752546,1.844636191715901,2.8373822157388857,2.777242997085928,3.041342751199066,2.9230445530664886
2014-07-29,1.8509867335846324,1.8425624455676204,2.823363474261941,2.7634939021139893,3.0320870951969225,2.9140952378742
2014-07-30,1.8512684854988446,1.8324954249879095,2.8141139728832436,2.754413142037819,3.0477268519501246,2.9290724333105094
2014-07-31,1.8147087758132259,1.8086019737655608,2.761025071864007,2.702423633002604,2.988996214269911,2.8725753939914362
2014-08-01,1.8091644564115796,1.810886898527915,2.7581167089192458,2.6995501494649483,2.9859021675222395,2.8695490065731732
2014-08-04,1.8222279755052002,1.8168353094195802,2.771876647720589,2.712990923300261,3.00190916938817,2.8848791199476187
2014-08-05,1.804559251904177,1.8086187777801277,2.7439572958181206,2.6856379790371174,2.970666621652806,2.8548019878246573
2014-08-06,1.8051236280295493,1.8093999882420153,2.7436568796044725,2.685317240137414,2.9741426003609863,2.8580897511339303
2014-08-07,1.7953490173487618,1.8102734766334496,2.73538390410778,2.6771935498744446,2.958626147227582,2.8431263928984003
2014-08-08,1.8161191055187929,1.8212753508230002,2.7686269753676864,2.709702484627753,2.9837856885439873,2.8672509374683357
2014-08-11,1.8213820219250063,1.824378780753832,2.7732413869383534,2.714191693175848,3.001102505686274,2.8838383125220957
2014-08-12,1.8188445101032018,1.818115512362984,2.7694412436277474,2.7104455074645113,2.9989992755705055,2.881764185223191
2014-08-13,1.8311562836870146,1.8302524652712218,2.787315738276961,2.7279121012466105,3.028458707157987,2.91001840770784
2014-08-14,1.8398028399546165,1.8413320420292094,2.7992456861215484,2.7395605493411948,3.040874006382024,2.9218943384139116
2014-08-15,1.8394265310512385,1.8491390961901262,2.800900513722877,2.7411528299528607,3.05047468543296,2.9310653873825228
2014-08-18,1.8548398436634486,1.8510841548125692,2.819126185813274,2.758962279223718,3.072962763101696,2.9526187973347358
2014-08-19,1.8645205951926287,1.8545934228871785,2.8341839679132046,2.7736711218028427,3.0887913942153715,2.967772882177444
2014-08-20,1.869500887387682,1.8563526798877619,2.8401131692363855,2.7794460845257976,3.0974202439712526,2.9760088405011684
2014-08-21,1.8749518710158894,1.8637617204750057,2.847157068747588,2.7863118085973424,3.1062715528990434,2.9844582298055813
2014-08-22,1.8720387481282654,1.8661783233921445,2.8405661020180197,2.779834046634646,3.106750822798867,2.984863727870905
2014-08-25,1.881531257976062,1.874656607675818,2.8564656852048516,2.7953658903503356,3.111620770820243,2.989487551022278
2014-08-26,1.882752822622076,1.8729665619909646,2.855379381996922,2.794275031842421,3.1127595550918836,2.990526555810492
2014-08-27,1.8820010771122682,1.8789014503005528,2.8575124861405437,2.796334676323473,3.1142332546673948,2.9918872791100495
2014-08-28,1.8809665329319107,1.8822193718909621,2.8588930502060763,2.797657858284567,3.1155049593955173,2.9930538955806116
2014-08-29,1.88632400632729,1.8859424666619498,2.8683426671828083,2.8068771553971676,3.1290426263329967,3.006004114779653
2014-09-02,1.8853843680548774,1.8723655741955239,2.8603387134429252,2.7990168793301073,3.130467789400285,3.00731784765698
2014-09-03,1.8843503472526886,1.875919486078057,2.8625769364133804,2.8011792578040517,3.1259302890991183,3.002903539362758
2014-09-04,1.8816251171276692,1.8651501526821122,2.855934761933805,2.7946517522311223,3.1254977267793076,3.0024327006050116
2014-09-05,1.8900837806326667,1.8687656232973215,2.8726742454643484,2.811004080097566,3.1406827396582826,3.016964242254375
2014-09-08,1.8851968242110522,1.8661893349815561,2.8603093705017852,2.7988768154342933,3.140672516207262,3.016898854355482
2014-09-09,1.8732599638555005,1.8585190560510552,2.8442975098740684,2.7831811700159816,3.1194134954301105,2.9964224599239135
2014-09-10,1.8803091699518795,1.8580247150983824,2.8501736703387914,2.7889033296243086,3.130687323297675,3.0071963991760806
2014-09-11,1.8824707217890853,1.8568495935524978,2.8538918273806995,2.7925137834328284,3.1324047211379686,3.008790635900427
2014-09-12,1.8714747209216733,1.842562493589434,2.831064961443264,2.7701502986580535,3.1090276601064435,2.986281100576388
2014-09-15,1.8700645656754962,1.8428350380773912,2.8335124524145794,2.7725175532160407,3.0910820007199056,2.9689892634751707
2014-09-16,1.8841622800306952,1.8481843455493994,2.8581543058896903,2.7966011455190487,3.1208345888667024,2.9975114624508064
2014-09-17,1.8866997918524995,1.847782148826379,2.8572132938653176,2.795652594088688,3.1293581589709882,3.005642854687205
2014-09-18,1.8967563289068887,1.8560503881312687,2.8642878416526205,2.8025468421012945,3.1545952035336264,3.029826378627555
2014-09-19,1.8950468013481496,1.8644939460972962,2.865887862690989,2.8040844850876803,3.1418629176314927,3.0175420941168056
2014-09-22,1.880411403154188,1.8567654875065394,2.8445302468029903,2.7831597691830448,3.1136207302621317,2.990362347496001
2014-09-23,1.8696474332749506,1.8549841261670073,2.8308073714103923,2.7697054166022963,3.10130778586845,2.9784819739856503
2014-09-24,1.8842830059283018,1.8595832788303508,2.847503864007921,2.786013812278038,3.1288483509797236,3.0048764624486726
2014-09-25,1.8538792702642841,1.850391107447528,2.8072316026590234,2.7465838880411027,3.073353528303821,2.9515261042328875
2014-09-26,1.8686088765286322,1.8581291729791334,2.826318871417834,2.765231291061146,3.1012793215133563,2.97829006576344
2014-09-29,1.8652102331597376,1.8620607382936507,2.8249770474918807,2.763890979962357,3.100104197853685,2.9771067104177558
2014-09-30,1.860300248098695,1.854915484738927,2.8177633249636362,2.7568058251517797,3.0925882026433857,2.969834214080637
2014-10-01,1.83508894724749,1.8542201362082742,2.788567913003986,2.728214871793775,3.044680985350646,2.9237747242303542
2014-10-02,1.8353727926743775,1.847930625858772,2.786291485295955,2.7259606009833575,3.039566122297827,2.9188092152195684
2014-10-03,1.8555788536378155,1.8632905701644877,2.8116820216770715,2.750774003653995,3.070661214605444,2.9486146417524886
2014-10-06,1.8534068342372336,1.8624251738222017,2.8099487782211634,2.7490509650240957,3.0629781943769987,2.9411828184406974
2014-10-07,1.8247977623140823,1.8552339087371783,2.7747485651630286,2.7145866197829767,3.01466255755378,2.894735073495437
2014-10-08,1.8567116184545205,1.8748882709851555,2.824415929251378,2.763149617066143,3.0754655806248916,2.953064876009549
2014-10-09,1.8198874283342603,1.8493109883399876,2.76902679289366,2.7089350213006784,3.016394017376913,2.8962909609694796
2014-10-10,1.7991140254358269,1.8439882023681746,2.7467911681531216,2.687155214925571,2.9262034615841856,2.809639751739894
2014-10-13,1.7695602559179646,1.8302994278628377,2.708704387555362,2.6498689864657496,2.8825399278159365,2.7676645542737934
2014-10-14,1.772298744956594,1.836786961978845,2.711770647134499,2.652842259575864,2.899802564642545,2.7841879571937067
2014-10-15,1.760307104352706,1.8351323359955172,2.6922205306776372,2.6336907845835835,2.8846562082907923,2.769594471187291
2014-10-16,1.7587961115793376,1.8295142932126345,2.6953130498859688,2.636689847411691,2.8875121623500233,2.7722854466402795
2014-10-17,1.7795684677214334,1.838392199847748,2.7269377574686637,2.6676001844795723,2.923286379817023,2.8065803938409686
2014-10-20,1.796848670261806,1.8517745492669822,2.7519403874310777,2.692031988213962,2.954812713642315,2.8367958559775204
2014-10-21,1.832445713035585,1.8678731335020156,2.7990096925521564,2.7380493854198056,3.027935012879152,2.906944068095585
2014-10-22,1.8194149923072098,1.8607094728039157,2.782055399438215,2.7214372770515354,3.004963905278092,2.8848377106697707
2014-10-23,1.8405652274871898,1.8670874330389688,2.8113568420362283,2.750072919690387,3.044741033218582,2.9229708742065057
2014-10-24,1.8547285385728804,1.8764578826952214,2.8325004469737562,2.7707280644127126,3.071569947100414,2.9486724926669905
2014-10-27,1.8521786401344142,1.8762893263031901,2.8252879563999853,2.763645380234976,3.0865124167955553,2.962962521239783
2014-10-28,1.8734248279786774,1.884509654587344,2.8573455647533432,2.7949757523641714,3.1154029169667448,2.990641481061708
2014-10-29,1.8705917819508822,1.88450736986875,2.8531693006799403,2.790862889918856,3.110788754556667,2.986157099426394
2014-10-30,1.8825832480953804,1.892386315540593,2.873468117614305,2.8106904745298693,3.1100074178884114,2.985352080361469
2014-10-31,1.9041115367726347,1.9034079273765745,2.8928743770806022,2.829644615690149,3.144284612731674,3.018199785324567
2014-11-03,1.9051504424377321,1.9040313050252378,2.8931480235772677,2.8298841355912625,3.1504265106452625,3.0240396963599703
2014-11-04,1.8985410484625476,1.902436638292503,2.886957199129554,2.823800599682085,3.14903028076327,3.022643806556962
2014-11-05,1.9105326890664354,1.9085625901476748,2.904971732266213,2.841392777436312,3.1550433674770324,3.0283597794936563
2014-11-06,1.918180814247328,1.908213398504092,2.9082588534463003,2.8445796641974637,3.1585148847624915,3.0316360672891847
2014-11-07,1.9199746056912466,1.9180520891002266,2.921698916432984,2.857697021674171,3.160777600803082,3.033752011528718
2014-11-10,1.9260177044877733,1.91462705863904,2.9241845404154145,2.8600997502904377,3.1678102262939936,3.040446008411066
2014-11-11,1.9279062273802474,1.916269745443972,2.925091006005051,2.860957895749824,3.170976488003006,3.0434289123415277
2014-11-12,1.9258285905094419,1.9143855428169876,2.915576166066393,2.8516233085723246,3.1693144290023363,3.0417776816612
2014-11-13,1.928000086531855,1.9174877016949503,2.9109501395373814,2.8470704370339397,3.174589028436738,3.0467839077171988
2014-11-14,1.9284721736401258,1.9215108785425747,2.9144806776408676,2.8504951483330725,3.1833603032011863,3.0551457899227064
2014-11-17,1.929699495445997,1.9203146351755225,2.9187671221066482,2.8546590948045787,3.180764031306055,3.052597861993094
2014-11-18,1.940841693281898,1.9290941628924674,2.933596391751045,2.8691341173637346,3.2045790290558496,3.0753966101322434
2014-11-19,1.9377260230429425,1.9223293463494386,2.9271995894696277,2.862849403815996,3.190829918806489,3.0621453510145327
2014-11-20,1.9411253642493953,1.9283670999232811,2.933291176279093,2.8687785437114086,3.2035594958544844,3.0743049261004174
2014-11-21,1.9515112806313588,1.9392098912637206,2.9501219557506912,2.8852104637412666,3.217449487027752,3.0875776264151935
2014-11-24,1.9569882587086174,1.9431207838372562,2.951257597400485,2.886292411373308,3.230877137186154,3.1004061662477946
2014-11-25,1.9555714740056354,1.9487433910291436,2.9500460932916304,2.8850788813155885,3.235470804783821,3.1047571445545583
2014-11-26,1.9605761905152332,1.9538584167610786,2.9545149868787774,2.8894206213404905,3.2559311449665835,3.1243333369791126
2014-11-28,1.9564214401517905,1.9575473826870922,2.940890878619183,2.876068076878621,3.263717193835702,3.1317470078031566
2014-12-01,1.9428244242447579,1.944816274261692,2.9319310511242103,2.86727722355253,3.244275934478436,3.1130345285180865
2014-12-02,1.9553823600273035,1.9448036280693153,2.9446548218666475,2.87969177368376,3.252315885216937,3.1206917584694294
2014-12-03,1.96293592821903,1.9523500932735678,2.9557092218637675,2.8904735506450514,3.26943070453451,3.137056145467056
2014-12-04,1.9607646066560065,1.9575840032392824,2.9525494917498825,2.887354842085,3.271024009293702,3.138527132202411
2014-12-05,1.9639751828029068,1.954942934239885,2.948740422694467,2.8836012005707397,3.275083138646222,3.1423639634261997
2014-12-08,1.9508500795447556,1.9566614353990426,2.937421317623408,2.872503571096626,3.2657400647909225,3.1333417955644443
2014-12-09,1.9495283752091082,1.9598890275717529,2.943829026717546,2.8787410368096213,3.2691031602642373,3.136510775564972
2014-12-10,1.9182750223177143,1.9467648770414907,2.906355167831452,2.842067457396487,3.232346671034755,3.101187982446615
2014-12-11,1.928000086531854,1.9558863656158356,2.9178442080060614,2.85327398530978,3.2436052798580506,3.1119324339819316
2014-12-12,1.8968405927920677,1.947530968415059,2.885065225206908,2.8211923236059473,3.2118497405574917,3.081409242603625
2014-12-15,1.8838109188200305,1.9379001791602608,2.863433795059122,2.8000119466270315,3.1868627765363446,3.0573807430331943
2014-12-16,1.8687036079771877,1.9381699308164835,2.8579172625062736,2.7945898046318405,3.1673738242382914,3.038627658249743
2014-12-17,1.9053392074972846,1.953981052599412,2.902083389813587,2.8377490484911507,3.2091334928008646,3.0786331919870333
2014-12-18,1.9524556293072903,1.9690652621453608,2.9529338505165454,2.8874435214580663,3.2642024153794336,3.1314050453816633
2014-12-19,1.9607630365214999,1.984682718973955,2.9711930142586733,2.905268837217906,3.274696161264833,3.1414140141995492
2014-12-22,1.9697832848016357,1.9912329724518183,2.976495634991139,2.9104248580408068,3.2862793202760305,3.1524676673520964
2014-12-23,1.9724408246834884,1.9770468155314933,2.9740457258323114,2.9080004083389204,3.2674305276349953,3.1343286351236754
2014-12-24,1.972631334336937,1.9814652619685442,2.9811611645555716,2.9149288415549304,3.2747703795466285,3.1413116324950368
2014-12-26,1.9789922981413242,1.9882408595815102,2.993251988156437,2.9267219352589784,3.2883254456307163,3.1542561834617393
2014-12-29,1.981651408157683,1.99578828274099,3.0000178171100518,2.9333082081796693,3.289989504873892,3.1557942714300546
2014-12-30,1.9710163637673637,1.9915276153281651,2.9843431120660777,2.917953030812603,3.2775191159024186,3.1437746325399476
2014-12-31,1.9514582449769184,1.98119161545855,2.955285230058644,2.8895128356507684,3.249232165888321,3.1165845741522924
2015-01-02,1.950414454448912,1.9893665787546748,2.961832483969852,2.8958855729174973,3.253889296029529,3.120994095803337
2015-01-05,1.9151909292282776,1.9803104392685713,2.9250570461267906,2.8599005174182803,3.2193007508710756,3.0877613420869787
2015-01-06,1.897150956046175,1.9833910571448379,2.911974107529129,2.847080688709121,3.1979330123147984,3.067210187392474
2015-01-07,1.9207919479315454,1.996653819577774,2.937738093300889,2.8722419566196753,3.2261263092741754,3.094194028021763
2015-01-08,1.954876776716228,2.007334644431715,2.9741328094971533,2.9077963413285657,3.266167580017326,3.1325401157841917
2015-01-09,1.9392106724484803,2.0064773607041784,2.9586696419022065,2.892649301819606,3.2528206908792603,3.1196818225187077
2015-01-12,1.9240197955580167,2.001639335723182,2.9410043107386215,2.8753495606776345,3.2356368412449585,3.103144157003227
2015-01-13,1.91860823975186,1.9982614132109278,2.9352519212265564,2.8696970456026984,3.2304025434372647,3.0980671307604544
2015-01-14,1.9070253574978169,1.997086436348959,2.9314016424121205,2.865904253816309,3.2235727751252194,3.0914602075864765
2015-01-15,1.889555692060333,1.998679643463419,2.9246331516297848,2.859258556284197,3.22061465955422,3.088566438085785
2015-01-16,1.9143360782192134,2.004214036059322,2.955038649758503,2.8889556645022907,3.2438332036921484,3.110775703882483
2015-01-20,1.9184189513141388,2.0174330519018677,2.9670276430950593,2.900647700902803,3.2623996657358516,3.1285229724913095
2015-01-21,1.9281030175717213,2.0142152123441766,2.980507854642454,2.9137973458199413,3.2749929474060204,3.140541628428893
2015-01-22,1.9567752437939097,2.0292879801214125,3.0079993813479935,2.9406443028776383,3.307975822850565,3.172112001349562
2015-01-23,1.9460468636301518,2.033909965152813,2.9973335938531864,2.9301882004519886,3.3032609465971103,3.167532430915091
2015-01-26,1.9506046151835819,2.0342929385713178,3.0024004169619705,2.9351123260025807,3.3031330055496273,3.167351408565559
2015-01-27,1.9248744721076918,2.0194644330042513,2.979513532405725,2.9127094000406077,3.266712763539728,3.1323705962253716
2015-01-28,1.9001902130724837,2.0171320086426183,2.94809498629431,2.8819666305093685,3.2470468065258364,3.113456047670567
2015-01-29,1.9177537376615752,2.0230092014474765,2.9648318699372886,2.8982992652470068,3.2654439037276637,3.1310385777273533
2015-01-30,1.8936387396146481,2.0220991292905457,2.9414773719409233,2.8754402576105615,3.2356473493531586,3.1024113041867447
2015-02-02,1.9170893963059596,2.0340707353558947,2.9716215903319725,2.904878837223017,3.255894935624613,3.1217676456575445
2015-02-03,1.944812912367476,2.034498095622025,2.9952567873701166,2.92795406581501,3.274705259746092,3.1397452446079472
2015-02-04,1.9374071112787448,2.0312405521018455,2.97929234246571,2.912319372895266,3.265300223810795,3.1306701545483038
2015-02-05,1.9569650556098002,2.0346228970807885,3.001811116444966,2.934302752329477,3.2892973066166404,3.153619739449888
2015-02-06,1.9515536742630328,2.0168410537572665,2.9739933472055253,2.9070816695005406,3.2535251711166566,3.119265687236519
2015-02-09,1.9428186670849013,2.010131227245596,2.961430891059901,2.894773064359362,3.2346832413645,3.1011441668875035
2015-02-10,1.9635161801488565,2.01658402486376,2.9850182048220466,2.9178004395266726,3.2743823139107793,3.13914650361006
2015-02-11,1.9646555744223668,2.0187787233590813,2.977404939470833,2.9103296669744636,3.2711862177316524,3.1360246486250505
2015-02-12,1.983549351857196,2.02775554084985,2.994255426744281,2.9267714356995524,3.291130438954485,3.1550866856679276
2015-02-13,1.991714400209488,2.0244345041613525,2.9971547355374173,2.929576263388471,3.2929539347798906,3.1567766610601438
2015-02-17,1.9948480397655726,2.0141537374959713,2.995284844106777,2.9277194148778274,3.291743237024463,3.155557909584046
2015-02-18,1.995037328203294,2.019053792234528,3.0045096216010876,2.9367068987129827,3.3021658725125684,3.1654910378917975
2015-02-19,1.9936132162059486,2.0128477920455827,2.9950978884623067,2.9274784438738166,3.2969208703112214,3.160404913096538
2015-02-20,2.005576419929331,2.0224564239298983,3.005529440147868,2.9376452682273104,3.312811137155309,3.175578720112021
2015-02-23,2.0052917022054957,2.03155403555564,3.0107924364306413,2.9427601241001513,3.3183940398110416,3.1808717650166636
2015-02-24,2.010987801276098,2.0456830408799784,3.0236025891814964,2.9552514243764003,3.338596637105183,3.2001781748892997
2015-02-25,2.0092784481767483,2.048173345735313,3.017169508844316,2.9489344398761617,3.3286078436596367,3.190544752061345
2015-02-26,2.0069058004781204,2.035524342557941,3.005438882542484,2.937439893397249,3.324695896163712,3.18673636791225
2015-02-27,2.000069609296449,2.03821023071233,3.0018670614368235,2.9339197056522357,3.3182362977773296,3.1804862328030166
2015-03-02,2.0126969799160572,2.0307449412450467,2.9985870244334203,2.930684764361756,3.333861396777143,3.195403831504483
2015-03-03,2.00443702565582,2.0227993353875977,2.9904194165862648,2.9226730416250093,3.3140216036785417,3.1763294950413656
2015-03-04,1.9959869106609132,2.0179386078764177,2.9807487633521372,2.913192497886768,3.3072861010315746,3.169815457685206
2015-03-05,1.9981706188405988,2.018242153889437,2.984789001805203,2.917112154557771,3.3119565387431265,3.1742332989391664
2015-03-06,1.970067828066081,1.9833765138598949,2.9320470587306997,2.865537577644508,3.2608887078815036,3.1252314923436435
2015-03-09,1.9782323530402042,1.995631426929463,2.9438091174201175,2.8770042159727494,3.2737567147195694,3.1375063847455973
2015-03-10,1.9461417695380958,1.9867110046867968,2.9121997369614743,2.846083851760394,3.235382867653874,3.1006725068849406
2015-03-11,1.941584366903445,1.9897091453289142,2.909140878921189,2.8430661626090887,3.237043755664257,3.102207102721831
2015-03-12,1.9662698471543802,2.004324366706965,2.9369082565640725,2.870174319331975,3.261200941236844,3.125300474892241
2015-03-13,1.9542120864418322,1.9944899695747365,2.920446519032805,2.8540582479367904,3.251943772523881,3.1163716707380056
2015-03-16,1.980321678690113,2.018159191485076,2.959584464030527,2.8922777340055084,3.2948813016324796,3.1574609970574565
2015-03-17,1.9744347210472826,2.0212477803809943,2.9538321202819326,2.886627499943427,3.291011745520273,3.1536947425659596
2015-03-18,1.9981706188405979,2.051433467285339,2.9999025255176113,2.9316205690822597,3.3327997402653082,3.1936803158517564
2015-03-19,1.9890563369494652,2.0416377041553075,2.982726486197021,2.914806490214425,3.3253215955563356,3.1864556374907576
2015-03-20,2.0066135810005306,2.056757363568779,3.0103040087898982,2.941726784128374,3.3551642030152253,3.2149927971282684
2015-03-23,2.002703597160704,2.053352445489677,3.004588820391145,2.9361125904540453,3.3454401096273885,3.205615911963117
2015-03-24,1.9914497453154558,2.0543704615305884,2.991318074918245,2.923115219818368,3.3320772841269113,3.1927527856963374
2015-03-25,1.9622677487568418,2.02936815186952,2.9612457693571037,2.893699790713818,3.269165688519376,3.132414024457389
2015-03-26,1.9575943306281036,2.013813687189629,2.950582479585296,2.8832510541854823,3.255097532165796,3.1188769042150675
2015-03-27,1.9620768901846137,2.026598864076463,2.958890276918717,2.8913405133063974,3.280417641444635,3.143079516150118
2015-03-30,1.986014637491702,2.0374136509899716,2.989099018012303,2.9208305561911083,3.3074512609700917,3.1689229775894283
2015-03-31,1.9686571494417342,2.0284796798781097,2.9647558113778905,2.897014514399192,3.2769029622626626,3.139596327447583
2015-04-01,1.9616962197964956,2.0348336005711913,2.9602656243929495,2.8925981538517367,3.26798116995515,3.1309907016302065
2015-04-02,1.9687529276466273,2.030601315795807,2.967515737607534,2.8996537003693548,3.2776531337680193,3.1401993882931394
2015-04-06,1.9820083520688137,2.0342686193045565,2.9935876388867366,2.9251002891278826,3.300385793282894,3.161920478273659
2015-04-07,1.9767634049797296,2.037861412373441,2.9835072440871016,2.9152215195409337,3.2884683750658117,3.150445019865492
2015-04-08,1.983438744604185,2.042239082245892,2.9865107975442604,2.918127305326916,3.2977473209526496,3.159276320939542
2015-04-09,1.9922131796043674,2.0370695184654304,2.9982319223300458,2.9295509094513625,3.3063323007738132,3.167442481147433
2015-04-10,2.003084442008212,2.044935311389646,3.0160428951348264,2.9469245737009877,3.326611894681331,3.1868114890137114
2015-04-13,1.9940249403654153,2.0405218816317237,2.999220676639074,2.93045872234574,3.3089489412331,3.16983243474505
2015-04-14,1.9978394949191283,2.0486489995515567,3.008552921616603,2.9395477744304968,3.314964027281834,3.1755361424456567
2015-04-15,2.0068035672758113,2.0534745239339345,3.0263415659500117,2.95689900388847,3.3244948941408663,3.1846074834760425
2015-04-16,2.006231689396686,2.049036075874789,3.021833816284767,2.95246532458487,3.3199634658596278,3.1802081525921686
2015-04-17,1.983152805664623,2.044290045116164,2.9945250353755744,2.92575433850358,3.292114785836206,3.153473692232014
2015-04-20,2.001272506787775,2.048280730959015,3.018401277270552,2.949052920391689,3.3187092165623584,3.178889598745817
2015-04-21,1.9988886936882126,2.0431067269745036,3.011955198029513,2.94272567329109,3.3179005554777574,3.1780564716606876
2015-04-22,2.008711280701142,2.036654887625737,3.02330462202694,2.953784854000984,3.3265898310065993,3.186320820737975
2015-04-23,2.013765369217998,2.043237669510941,3.031496329988202,2.961758739593021,3.3354053176030853,3.1947057513309356
2015-04-24,2.0184386128873464,2.051179967473113,3.031168629907152,2.9614091244311354,3.3382767012053116,3.1973971177910787
2015-04-27,2.0100472907067366,2.0460635041293433,3.018419366669606,2.9489239441078596,3.3097725103595033,3.170037452794427
2015-04-28,2.0164366913916294,2.038679137132119,3.0315467221707695,2.9617196015730056,3.325267629768941,3.1848197247787766
2015-04-29,2.0081390539032373,2.0236515101298966,3.0203083618070985,2.9507107527397087,3.305174929653216,3.1655173669108776
2015-04-30,1.9880167334468097,2.012901377945933,2.992077961019975,2.923101798482936,3.2654607453384776,3.127423671277236
2015-05-01,2.0095694464386087,2.0151558608842266,3.0176716393025704,2.948076146502722,3.317702609676557,3.1773986518859343
2015-05-04,2.015292063336431,2.0109934375071292,3.0292461600319656,2.9593542949878318,3.32124078255143,3.1807286125338483
2015-05-05,1.9922131796043678,1.9960625578224245,2.9912517694895464,2.922207461076526,3.271534124468662,3.1330671937281642
2015-05-06,1.9840113203208691,1.9774625801254055,2.981359099064421,2.9125141667405665,3.25939268024566,3.12138214173206
2015-05-07,1.9919263683678574,1.9928245361437176,2.988155864710263,2.9191249498127165,3.277434142008305,3.138601875762235
2015-05-08,2.0181523250290048,2.010719938989137,3.0248731712756443,2.9549646416136657,3.3158516488073353,3.175333529821184
2015-05-11,2.008520422128914,1.985398198842913,3.0083474800784735,2.9387916507546423,3.306593902214487,3.166409784143371
2015-05-12,2.002512215210308,1.983894388910806,3.0033277776746345,2.9338588290048873,3.291535954891645,3.151932169065735
2015-05-13,2.0028935834359842,1.9777645189714779,3.0038435470834846,2.9343334840100135,3.30139036568113,3.1613103980789314
2015-05-14,2.0237791637219336,1.992268053638409,3.035479186955829,2.965207571958935,3.34064476559159,3.198840292039058
2015-05-15,2.0259731650056056,2.009541995316957,3.041581566948945,2.9711391309291053,3.341441615844584,3.19954438615076
2015-05-18,2.0322671364043847,1.9998018807371964,3.049785714885712,2.9791236426072896,3.3593686181780402,3.2166508563773824
2015-05-19,2.0315994803203665,1.9923149068051977,3.0437797594543157,2.973227271134773,3.3559995119009547,3.2133656957276693
2015-05-20,2.030168913325606,1.9928180606254071,3.042680621856726,2.9721240505310975,3.3583605666576872,3.2155671765852287
2015-05-21,2.0360818654174873,2.007449313634689,3.04995068051817,2.9791958936490555,3.3669637526533847,3.2237451886181083
2015-05-22,2.0312175887165216,2.0049052134595127,3.0429302389425863,2.9723087549395917,3.364632676107614,3.2214539329106473
2015-05-26,2.0093780644882124,2.0056925771938876,3.009024399187348,2.9391605825005955,3.329186206538491,3.187457145514363
2015-05-27,2.0284520584725034,2.018950606664552,3.03211073482301,2.961681441069112,3.394755982738816,3.250175642150975
2015-05-28,2.0261633257402756,2.015609632880893,3.0279551887422738,2.957593003573054,3.391940126351043,3.2474198981086935
2015-05-29,2.013575557402108,2.0098743738635125,3.0125323415902097,2.942499279688,3.3816535973979747,3.2375120162284836
2015-06-01,2.0176758764359937,2.0036896991445894,3.0168574567527724,2.946694540602549,3.3841518326974236,3.2398440917647213
2015-06-02,2.01567255926516,1.9913139857807065,3.0116934112675318,2.941621338286065,3.3657425205643356,3.2221604457251924
2015-06-03,2.0210136334779163,1.9816755873266505,3.0086947642334345,2.938663232398614,3.36474431455504,3.2211454939180104
2015-06-04,2.0039431311238487,1.9819523966271724,2.983826930523759,2.914345246393595,3.3337426528806757,3.191408123758676
2015-06-05,2.000510119255202,1.970259134374725,2.9761577213250785,2.9068257124155368,3.327528627222189,3.185400735898394
2015-06-08,1.9882075920190383,1.9621183684577037,2.959778363479676,2.8907991736671512,3.2920400544554256,3.1513699336461585
2015-06-09,1.987921478620086,1.9557353048814505,2.9608888811589074,2.891855048313026,3.292173443001535,3.151439577219593
2015-06-10,2.0117629243441124,1.962961533143653,2.9939392251977064,2.9241057330766522,3.336768979134198,3.1940699124713245
2015-06-11,2.018247754315119,1.9832742838464195,3.001466013113994,2.931427803599113,3.34330438975833,3.200266887504107
2015-06-12,2.0027983286092605,1.9741652588606275,2.978816652947161,2.9092780235854687,3.3176161320288893,3.175619166916662
2015-06-15,1.9942156244782543,1.9703618463201025,2.9677140335180385,2.8984057609412432,3.3049550936201535,3.1634417660868936
2015-06-16,2.005086886882099,1.983010472852005,2.983964064217263,2.914247302351172,3.3208508472366565,3.1785983414014436
2015-06-17,2.0083295635566865,1.9788064679256818,2.9904251748185917,2.920528409793296,3.3262511373555457,3.183708664234222
2015-06-18,2.029214620464467,1.987267393418155,3.0191203360203813,2.9485235385985566,3.368321732368036,3.2239169945697475
2015-06-19,2.0202072821791623,1.9921840010817375,2.9979309436083783,2.9278005033665773,3.348386020341846,3.204776927208446
2015-06-22,2.030557085467478,1.9820464739399375,3.0174015666526293,2.9467863429827084,3.374449300407416,3.229662891973603
2015-06-23,2.031994630837823,1.978130775304732,3.0113377214854324,2.9408351589415402,3.369393368097143,3.2247644971465217
2015-06-24,2.0172360643148,1.976334678302993,2.9900810633511554,2.9200471273919364,3.3466347360012323,3.2029237700337063
2015-06-25,2.011103467851406,1.9699581115368678,2.977972693633475,2.9081934366178395,3.342106651346452,3.1985312174952023
2015-06-26,2.010720006113054,1.9608750364053797,2.9807716310349655,2.910897838649939,3.3071575746759705,3.16502524234951
2015-06-29,1.9685545673206482,1.9569639301974593,2.929325396174216,2.860629130025491,3.2310002445024812,3.0920839880805304
2015-06-30,1.9726749491843385,1.953994826664665,2.9329964197735263,2.864185576987792,3.240627473903884,3.1012401759140906
2015-07-01,1.9884872504205753,1.952842549339177,2.9499741073706898,2.8807363008837132,3.2627731423750017,3.1223757952127666
2015-07-02,1.9866662433118787,1.9543367039360597,2.9523408759540684,2.8830188459204766,3.2672131532289708,3.126567164988396
2015-07-06,1.9810123634135606,1.9654882388727046,2.9437372211164177,2.874588617898928,3.2459879451967977,3.1061984412426047
2015-07-07,1.9934706828846416,1.9802909120252037,2.970499336361825,2.9006932393561553,3.2499936041114963,3.1099743136855285
2015-07-08,1.9600257711410298,1.9671978359273479,2.92821117478324,2.859370401751308,3.188914703491783,3.051470667944647
2015-07-09,1.9635714837753615,1.953829822382972,2.9311826572034487,2.8622435587880632,3.1811616313351685,3.043995691343719
2015-07-10,1.9882951706326206,1.9561965874383918,2.960990185067674,2.891321280639062,3.2269695764259354,3.087771608082193
2015-07-13,2.0102409406291994,1.9667241367676478,2.9860803665516924,2.9157921173137975,3.264710142769039,3.1238266676337902
2015-07-14,2.0189605953810457,1.9744268093631727,2.9964590358843455,2.9258973865462066,3.2832030408470656,3.141463672046698
2015-07-15,2.0182906713249626,1.9824027010917393,2.9918207820213625,2.9213393008024746,3.2807312136827695,3.139040739431501
2015-07-16,2.0344855620026028,1.997422556343146,3.0150935600008415,2.944034536574858,3.304358328062507,3.1615891975866246
2015-07-17,2.0362102675282374,2.0025650904742816,3.0085359388510575,2.9376022470861667,3.3180480493374582,3.1746289641730785
2015-07-20,2.0372648745383994,1.9998138682689068,3.001935120063637,2.931127906526864,3.312073018662433,3.1688538318447237
2015-07-21,2.0292146204644674,1.9994030900623045,2.987610456096602,2.9171121080908304,3.304309492707622,3.161367784729091
2015-07-22,2.025573304084632,2.002229568438869,2.9818308804442166,2.911439955889526,3.26747025346836,3.1260646027899455
2015-07-23,2.0141695916237135,2.0054438080650643,2.9636972338643774,2.893705603027453,3.268897458965613,3.1273724414573665
2015-07-24,1.9932786030966865,1.9949507103329698,2.934116717604361,2.864795177087729,3.224800564348499,3.0851278724311952
2015-07-27,1.9816831597665918,1.9922602478721696,2.9237981335171974,2.854691987997464,3.2067303325856247,3.0677837948704036
2015-07-28,2.0060237338042786,2.00113135171668,2.9618188848521485,2.891785329427931,3.248175086667232,3.1073755281844244
2015-07-29,2.0198243438189802,2.0064181126928653,2.982702845899003,2.9121465160613407,3.2652471699312957,3.1236500496724076
2015-07-30,2.0203030603840566,2.0128876104031,2.9800836122462697,2.909560302886034,3.2774390582002724,3.1352554907729915
2015-07-31,2.017236064314801,2.017011375315501,2.9763834226038526,2.9059187760624186,3.264601249952392,3.1229170991215254
2015-08-03,2.0104319736608174,2.0214229919485045,2.9644933921368133,2.8942814511812243,3.25255253283736,3.111333991475249
2015-08-04,2.0065038460444717,2.012639283192626,2.953479223269516,2.8834994664245115,3.2372400561488903,3.096629312507329
2015-08-05,2.0131156824511107,2.010575805204061,2.9655741799756856,2.895279049254216,3.2628012135097286,3.1210227263584085
2015-08-06,1.9966331082400117,2.007838644525714,2.955439313268502,2.88535571936368,3.228430916604236,3.0880890434182557
2015-08-07,1.9927993631534424,2.0160608899177173,2.9497773261192495,2.879799355400628,3.2290393205234444,3.08861411157585
2015-08-10,2.0179072095866113,2.0213139293603284,2.9851288548340347,2.9142832500654667,3.27945924776073,3.1367835900676146
2015-08-11,1.9996990575529296,2.0232093780141045,2.969045189595547,2.898552467537935,3.2347143950072397,3.093928414153868
2015-08-12,2.002094384972206,2.0202520134558033,2.9842754302005563,2.913392127261516,3.242133488414399,3.1009674873017268
2015-08-13,1.999603628266816,2.0161389555764404,2.97451210572553,2.9038318229094484,3.2255804480040213,3.085078361240343
2015-08-14,2.006886435485876,2.022435920802573,2.9865583510861167,2.9155628280584067,3.2266405054404297,3.086035403380727
2015-08-17,2.018098591537009,2.0328699994664556,2.999394239236008,2.9280644635569355,3.247675850890034,3.106096895918406
2015-08-18,2.0122528063101255,2.0229367657133728,2.9910650160463543,2.919904280096662,3.2230139631919785,3.0824533422390474
2015-08-19,1.9963450757877748,2.0213329997652396,2.96784714864529,2.8972099762764776,3.199121678753982,3.0595466845698
2015-08-20,1.9546585280198345,2.0041734575584567,2.918980983237072,2.849478524923274,3.1198050833266797,2.983635651130112
2015-08-21,1.8958189586065433,1.9703925275475433,2.837823615921326,2.7702260046787766,3.0191970471186673,2.887365649948851
2015-08-24,1.8159920990831628,1.9203631895551423,2.7265673136596744,2.661593381429383,2.9241529098701697,2.796420050717836
2015-08-25,1.7946215216941115,1.8944632318720709,2.6889553256091254,2.6248515784822795,2.8987902156923817,2.7721141912770353
2015-08-26,1.8635235597810385,1.9234767451169605,2.7762232345787576,2.710012098003037,3.0209928450282817,2.8889234023820194
2015-08-27,1.9096188707836863,1.9524654864743953,2.839483329257005,2.7717359130019332,3.099304300177886,2.9637567091751933
2015-08-28,1.909713951151021,1.9548281497390974,2.8444328564768964,2.776539734200625,3.106432492266474,2.970518437984416
2015-08-31,1.894285286112526,1.9393456493825398,2.823317811138369,2.755901269421808,3.074461971920074,2.939892557636028
2015-09-01,1.8377450914542282,1.910203869225256,2.759878596310392,2.6939500931916927,3.0114626036784657,2.8795976378520205
2015-09-02,1.8726273741087953,1.9253840260902149,2.790543578377026,2.723855453409689,3.0435336830372117,2.9102107968737148
2015-09-03,1.873969664652416,1.9299679416115914,2.7958458612799175,2.729003880749264,3.048262364923365,2.9146786530467605
2015-09-04,1.8456032657402053,1.9194880488055144,2.7626717114967256,2.6965960256328736,3.0142082309236566,2.88206378643053
2015-09-08,1.8919860858169222,1.937104559579644,2.8126491309834374,2.745350814769409,3.0686787886520244,2.9340922848074764
2015-09-09,1.8666868574333564,1.9252807096649733,2.7791719017297924,2.7126476164270454,3.0333444716558904,2.9002542460340073
2015-09-10,1.876844406474327,1.9263664621689536,2.787570699934717,2.7208183141366145,3.0420323828928186,2.9085073980093004
2015-09-11,1.8853730281945558,1.9364738250743998,2.79778364025051,2.7307595313115534,3.0584378372582655,2.9241389034029477
2015-09-14,1.8783779045089546,1.9333751598864828,2.7910591870503727,2.7241690760205377,3.053755632372748,2.919608523400239
2015-09-15,1.901856300243213,1.933053786402337,2.8135284521693107,2.746072534149597,3.076133339269907,2.940949041419932
2015-09-16,1.9183386999949226,1.9401876286915076,2.8373387110852066,2.769284386021736,3.094915684082594,2.958851475978702
2015-09-17,1.9140265872620563,1.9470436728127765,2.841728857910476,2.7735416488925253,3.1057962726777086,2.9691990241083954
2015-09-18,1.8827486355967282,1.939934305481887,2.8093380508173724,2.741900787942492,3.077722441002553,2.9423057254078917
2015-09-21,1.8924782357549979,1.9333026729198284,2.813818819779202,2.746246683833593,3.076065936183391,2.940667942044735
2015-09-22,1.8679141792392275,1.9289983658178518,2.7893789183123414,2.7223666154989985,3.0530960566804985,2.9186553611049475
2015-09-23,1.8649276089485798,1.9270846745342163,2.7852145527315813,2.7182752595864956,3.0536199645481625,2.9191024332042743
2015-09-24,1.858184579080958,1.928158250515332,2.78641676625854,2.719421532507702,3.052751460753317,2.918218438972929
2015-09-25,1.857703245625038,1.9211902626600577,2.785079280351867,2.718089170860788,3.04439835451391,2.9101798478243315
2015-09-28,1.8110796715906663,1.9054115205911242,2.734966854013065,2.6691555625556993,2.9949750610250963,2.8628827505604555
2015-09-29,1.8121393379231272,1.9082383159920255,2.739341932135639,2.6733987744076604,3.0023018321274235,2.8698335185987025
2015-09-30,1.8459511377630782,1.9269533313673897,2.7290601650532094,2.663338027424556,2.9923462630610778,2.860264529463377
2015-10-01,1.8507672636725132,1.9332588532064183,2.7348569639956986,2.6689686808700803,2.9986944979563237,2.866279761209921
2015-10-02,1.8784131453056556,1.9552702882869062,2.7586809381541424,2.692191910868145,3.026378494815137,2.892688023666278
2015-10-05,1.9118399132727484,1.9655349072641108,2.734266933219604,2.6683397872840686,3.0014876682604084,2.868843910827132
2015-10-06,1.9052894865712504,1.964885926890543,2.747320299963119,2.681051753175553,3.0166534034391415,2.883286325447215
2015-10-07,1.9208948789714155,1.9719310655493638,2.7398947351121588,2.673778708656986,3.009240505909397,2.8761481794228945
2015-10-08,1.9382340487854748,1.9760047593050023,2.723486072368398,2.657739567749955,2.9924264418214874,2.860025087964338
2015-10-09,1.9393898422416076,1.9787857537340057,2.7361502279795102,2.670071447415034,3.005808019043643,2.872761678474601
2015-10-12,1.9412202701573429,1.9859263343299833,2.751477216458985,2.6850015803966656,3.0217552346778267,2.887949829015773
2015-10-13,1.928986305461294,1.9797708289554783,2.7573067186325297,2.6906634810883587,3.0275504662164106,2.893435150566349
2015-10-14,1.9197387365965028,1.9810055184563615,2.7835065356839257,2.716203041954615,3.0562750473541413,2.92083348403229
2015-10-15,1.9492157439829387,1.995373949144842,2.7712965335241533,2.704261374150215,3.0439614702700615,2.909012014090658
2015-10-16,1.9580775831373132,2.001074571507828,2.7671381262043684,2.7001766995072103,3.03953039863077,2.9047238862897107
2015-10-19,1.959040947886712,1.9994693525681502,2.760646073252871,2.693814954290879,3.0315509451993132,2.897044970757059
2015-10-20,1.956536408889543,1.99301774694476,2.7528197302641213,2.686151359432847,3.0232299318560067,2.8890399377734157
2015-10-21,1.9443994436141143,1.9935177558902872,2.764446483619471,2.697469705098704,3.0351973545413635,2.900422748990927
2015-10-22,1.9772473553264978,2.015074073421585,2.7674323130157994,2.7003563368438477,3.0392975019921415,2.9042873408750247
2015-10-23,1.9989206197565135,2.0214513031270394,2.7500025608731997,2.6833223526225396,3.0203480466655366,2.8861264902993016
2015-10-26,1.9940087156421853,2.0238525362678135,2.7609578825260424,2.6939852431609306,3.0310054908845876,2.8962569821492883
2015-10-27,1.9901549077258112,2.0235294643805273,2.767723354521146,2.7005597456469834,3.0377312009214155,2.9026302267975965
2015-10-28,2.012792583661563,2.034084228563887,2.7533917506509793,2.6865492031055425,3.0233318042188833,2.8888180251115214
2015-10-29,2.01163679020543,2.0204397860545296,2.721148916384518,2.6550627033019993,2.988738961515526,2.8557116854145064
2015-10-30,2.002967030839011,2.021316322394556,2.730941575903064,2.66459103537506,2.999633818877975,2.866068829037211
2015-11-02,2.026664198647834,2.0319495258474154,2.718765278773023,2.6526841886173873,2.9875952855195846,2.854513760376849
2015-11-03,2.03253981643034,2.0288190164741438,2.6974128400274484,2.6318245570545318,2.965729171786601,2.8335694755482193
2015-11-04,2.0263747705204795,2.026066310796791,2.6930433545824535,2.627535183804742,2.96057656337381,2.828594380327871
2015-11-05,2.024352262816789,2.0227113709069204,2.687275339102734,2.621881398339223,2.953935325617366,2.8221972271991147
2015-11-06,2.0232922475655495,2.010217847908888,2.6542768131029955,2.589660124098788,2.918000196790041,2.7878133671577405
2015-11-09,2.0044124268818884,1.99443569605856,2.6469733870311614,2.582508810174948,2.909638045740045,2.7797730945571892
2015-11-10,2.00903577516581,1.9995557529984338,2.6512823920006476,2.5866871466390178,2.914399900682208,2.784271132653184
2015-11-11,2.0011367773826656,1.993154462532616,2.6463324435802957,2.581832119237129,2.9080560230249395,2.778159340986454
2015-11-12,1.9732016420815583,1.9802969319647319,2.653253988766463,2.5885592169840033,2.9144833584732956,2.78424829895469
2015-11-13,1.9510461718986745,1.9714823176279936,2.662374093827063,2.597431111322366,2.9241510457381046,2.7934325298407416
2015-11-16,1.980715084613676,1.9887449486352853,2.6629779781326857,2.5979944259941345,2.9263637786329433,2.7954948575799135
2015-11-17,1.9792700374895782,1.9892056765371864,2.657943850020258,2.59305735358075,2.9204051913462257,2.789751358827749
2015-11-18,2.010672902077864,2.0098026004859264,2.6608089581090555,2.595826700225367,2.924272068360311,2.7933937879982773
2015-11-19,2.0089399969609176,2.01412203148787,2.6772823753599613,2.611871826618667,2.941458880237007,2.8097596375607194
2015-11-20,2.0162603129487424,2.01605822192839,2.6696926846275466,2.6044416616249504,2.9327525639805843,2.801391535241604
2015-11-23,2.013948900495866,2.017148800853228,2.670552739121189,2.6052547838197615,2.934018936594963,2.8025495665631492
2015-11-24,2.016646042659159,2.0187026398459054,2.674748571489292,2.6093220716493746,2.9395582759761227,2.8077889800804603
2015-11-25,2.0163567889911937,2.020400403761417,2.675806681602761,2.61032833771429,2.940319792683949,2.808464632772618
2015-11-27,2.018668899281628,2.0209892961704017,2.6689916722210927,2.60365419961664,2.9326131971186764,2.8010520387935216
2015-11-30,2.0102878702050053,2.0191630980158797,2.6631052756251794,2.597886065160386,2.932093010805186,2.8005036073043237
2015-12-01,2.0294569445566313,2.0416247245946693,2.6879754135259155,2.62212105649123,2.961033925995964,2.8280935935133567
2015-12-02,2.008746172579066,2.029389607806549,2.6568186363831074,2.5917018317576006,2.9404145688970598,2.8083482493262757
2015-12-03,1.9806187830306141,1.9902733139603537,2.6197593535575554,2.55552542979973,2.900007996419802,2.7697054908536956
2015-12-04,2.0192472321581687,2.0205570895841176,2.6608414204571273,2.5955743897235606,2.955062091823657,2.822233926344058
2015-12-07,2.0070125696245613,2.021053287690731,2.6456742135510263,2.5807535472897203,2.942491944952182,2.810177039958479
2015-12-08,1.9935265098893173,2.013303804245198,2.6330221952918147,2.5683864448955402,2.92911599360473,2.7973510410225937
2015-12-09,1.978017070153435,2.0030463425161154,2.622112042291801,2.5577186770845732,2.9037869427609566,2.7731103291072485
2015-12-10,1.983122973109004,2.0072018173051314,2.624106358184443,2.5596385592452267,2.91187328163168,2.7807815472470283
2015-12-11,1.9446878249851318,1.9965132338296667,2.5923706545020675,2.528657373720073,2.8735206478814916,2.74410499584077
2015-12-14,1.954513377807684,1.9922409446374585,2.598458456419287,2.5345703460003124,2.8758041912505665,2.7462351126353086
2015-12-15,1.9750315466191253,2.000092606682852,2.620141019482784,2.5556943830056724,2.8964494600907367,2.7658992667909135
2015-12-16,2.0039300466696313,2.0159390393827863,2.649957689927045,2.584751956423255,2.928258296715598,2.7962228972799337
2015-12-17,1.973394070788293,2.0066242262663936,2.623223343986226,2.5586499967801135,2.8960939004138035,2.765457860193518
2015-12-18,1.9382377124326566,1.9896288506976738,2.589815977242395,2.5260398633045726,2.8581164426552723,2.7291432098607213
2015-12-21,1.9542267410305632,1.9992829359124915,2.605320362664712,2.541137168225487,2.884150489640542,2.753951739797355
2015-12-22,1.9719600146057403,2.0043909125410106,2.6234167564540463,2.5587623005647995,2.8997046126729686,2.76875270885335
2015-12-23,1.9963794442875282,2.0132525258542366,2.6534270092311374,2.5880072068362017,2.918626888358051,2.786769117958097
2015-12-24,1.993084429796059,2.0158729127087263,2.6525542000814455,2.5871301855508215,2.9215275024776775,2.7894873095273205
2015-12-28,1.9885303418898106,2.0154916106458947,2.6446254391249058,2.5793713298600043,2.916987158290333,2.785100871157897
2015-12-29,2.009751756500749,2.015003287125932,2.6595581512459487,2.5939097902057004,2.938482494683918,2.805572660046728
2015-12-30,1.9955073217988923,2.005629517556283,2.644571999869493,2.5792679031149546,2.9191039174260363,2.787019257714579
2015-12-31,1.975545678440291,1.9972006970516658,2.6285536474019087,2.563619604734271,2.8941057596737867,2.7631013329915675
2016-01-04,1.9479277103094856,1.986212637485353,2.608899892192847,2.5444260564609458,2.864178624521147,2.734478512462358
2016-01-05,1.9512227248009548,1.9850226115693814,2.6158924021841843,2.5512203863560186,2.862392601278365,2.732723033612138
2016-01-06,1.926609470737316,1.9806987209051443,2.593472714648795,2.5293298185954534,2.836764710635501,2.7082062334379398
2016-01-07,1.880387153299036,1.9536085352789374,2.551827187034396,2.4886895342687394,2.778308013711215,2.6523498651075785
2016-01-08,1.8597468629148712,1.9442419289081374,2.532567548992116,2.4698818558200255,2.754431586653863,2.6295074744701536
2016-01-11,1.861588107312762,1.9368855094200985,2.525474246433311,2.4629396295882313,2.7555364923301613,2.6305138179203245
2016-01-12,1.876608014001413,1.9574380852331927,2.5420786349150535,2.4791082112026905,2.7809211024075293,2.6546977956175914
2016-01-13,1.8298045723363587,1.935864495577914,2.502240843516579,2.4402329809523637,2.724249700607717,2.60055075507453
2016-01-14,1.8598443857136606,1.9476844831066287,2.5348849335619024,2.4720435335204938,2.759034634334816,2.6337077135456495
2016-01-15,1.819920575618289,1.9347424486282356,2.5012909100748275,2.439258066720942,2.7048894632716003,2.5819744867072165
2016-01-19,1.8223424208647854,1.9338870676074211,2.501839589009309,2.439768872763015,2.70786271164581,2.5847650175447408
2016-01-20,1.7989896358910424,1.9271630386130756,2.477968584846614,2.416466075231272,2.696987742038958,2.574337001263915
2016-01-21,1.809067282531574,1.9284075296263967,2.4864611488418533,2.424723740249625,2.7035951796736715,2.580596421800499
2016-01-22,1.846180726319799,1.9492016614953103,2.527270088237513,2.4644949056208216,2.7470164293164023,2.621993949085649
2016-01-25,1.8182724577646907,1.93575213854255,2.4962534310739413,2.434224464813398,2.7204681552571603,2.5966061167182914
2016-01-26,1.8430795362101808,1.9519668372326409,2.528156844038397,2.465310595925688,2.7476959389933557,2.622545924506164
2016-01-27,1.8230215912685175,1.9390354129339424,2.5140190220785645,2.451499837208359,2.7189030586395146,2.595016684211394
2016-01-28,1.8325179392228852,1.9462031293229036,2.528562829557809,2.4656574430887668,2.7270839125081907,2.602776839199496
2016-01-29,1.877189836065746,1.9812681461134936,2.5816596399632687,2.5174082775767666,2.7909519770601685,2.6636845816192607
2016-02-01,1.8765117124183512,1.9784121300810893,2.5812337369532248,2.516967940998562,2.789736579736215,2.66247556722922
2016-02-02,1.842692934202816,1.9717007483797546,2.610854043620716,2.5458254611942612,2.8196983892920575,2.6910210267996364
2016-02-03,1.853739353833824,1.9722516803323937,2.604773122585333,2.5398707366870825,2.814884751257158,2.6863775804443355
2016-02-04,1.856646196183422,1.9779299651346007,2.6192358277644976,2.5539476777098464,2.830233660023456,2.700976021334112
2016-02-05,1.8212775207506362,1.9562456905592163,2.630059058595327,2.564475618452848,2.840659396666138,2.710875680747052
2016-02-08,1.7967605682700591,1.9572841689764473,2.6713240033007875,2.604685670283148,2.884256431344495,2.752430163159919
2016-02-09,1.7968573932312901,1.9581814492352974,2.6717181305769,2.605044056468004,2.883536329518607,2.7516922914912043
2016-02-10,1.79530732155465,1.964070190496298,2.6900219721644003,2.6228650299402148,2.9027759271469566,2.77000117663396
2016-02-11,1.7719541876621279,1.9542437652253937,2.7247745970999993,2.6567236253069617,2.9394599093299343,2.804955547516989
2016-02-12,1.8084861583047995,1.965439993882113,2.6927164933502157,2.6254400573543117,2.90671358174247,2.77365654559324
2016-02-16,1.8390099220288656,1.9770333979024268,2.6597395885086543,2.593261275106299,2.8721737148926105,2.7406472885569317
2016-02-17,1.869049909865557,1.9915482233100543,2.6529004206487152,2.5865673219167498,2.866452926095951,2.7351380962618768
2016-02-18,1.8613944573903012,1.9964489102587448,2.6858110792212546,2.61862903829054,2.9008429519189183,2.767901702569561
2016-02-19,1.860522334901666,1.9965587231083683,2.6837153835824483,2.6165597399279568,2.898508002127661,2.7656228209894227
2016-02-22,1.8874611326287394,2.0134770465699097,2.672656340236381,2.605751514978298,2.8879726060862816,2.7555196784575156
2016-02-23,1.8636236994706739,2.0014798351185785,2.687670676926669,2.6203639349105416,2.902313210248982,2.76915156635034
2016-02-24,1.872150402137617,2.005390717509281,2.6868009666881676,2.6194899516886916,2.9018714680572297,2.7686790965229875
2016-02-25,1.894825237923355,2.022837222036077,2.695434628640843,2.6278811826361124,2.9110851871259165,2.7774187608159586
2016-02-26,1.8904653233177369,2.0122407357751624,2.674796511140568,2.607734365158707,2.8894465803451292,2.7567229449400044
2016-02-29,1.8756390665515474,2.006290022658134,2.6889398042534736,2.6214969865827156,2.9039363327764165,2.77049609733634
2016-03-01,1.919729315789465,2.0204559841378837,2.65501703346046,2.5883993082372774,2.869147271522824,2.7372552291740875
2016-03-02,1.9283535412551973,2.0292372567310593,2.6632173870823617,2.5963680816678254,2.8790142213329224,2.7466180154742084
2016-03-03,1.9359123432286123,2.036968108113538,2.6782206683370418,2.6109687980085474,2.895681508172542,2.7624679488042587
2016-03-04,1.9422106761121312,2.0357191909515238,2.6660750307012475,2.599102295094338,2.883221055216848,2.750530068203776
2016-03-07,1.9437616200857193,2.036441275397129,2.666702348016556,2.5996879979816994,2.8849972405520132,2.7521738190172886
2016-03-08,1.9225393331778322,2.0320982276036976,2.6835922987954577,2.616127484035367,2.9009838601295685,2.7673734536347525
2016-03-09,1.9320362045103687,2.0331805821997015,2.66782481204885,2.6007305214516725,2.8849904257452352,2.7520659384054103
2016-03-10,1.933586276187009,2.0308228820919783,2.6680585952937474,2.6009325568035995,2.8852780310234376,2.752289598984699
2016-03-11,1.9647895592335864,2.042278482844937,2.643118081985128,2.576593898853978,2.8599709415078967,2.728098717700501
2016-03-14,1.962270191188301,2.0432726701111226,2.641036124656015,2.5745387360815624,2.857446814686257,2.725640774857154
2016-03-15,1.959071827198673,2.042042186020196,2.64253363438626,2.5759729205963993,2.8589497195143583,2.7270241268093116
2016-03-16,1.9704092450915418,2.051559871637753,2.662409347349283,2.595322187187935,2.8809118136417635,2.747922172047892
2016-03-17,1.982909958194297,2.0627605895696064,2.6667585610317643,2.5995359552749244,2.8861866019039737,2.7529027589973802
2016-03-18,1.990702361290393,2.0693542290579936,2.669481523129333,2.6021643973822335,2.889221350901517,2.7557466064503804
2016-03-21,1.9935263354299286,2.0647658111722547,2.6532286986542823,2.586295702513883,2.871754933928343,2.739036644590673
2016-03-22,1.992455154777754,2.063906309650345,2.652799521795971,2.5858516341153455,2.8710375440520033,2.7383019731243223
2016-03-23,1.9793058016644478,2.065083338469425,2.659471433855048,2.5923293863660346,2.8771075441943617,2.7440407997940617
2016-03-24,1.978429492150462,2.0648537634961754,2.6579052000559633,2.590776926942858,2.875670880780666,2.7426200669928473
2016-03-28,1.9795981956014257,2.0666694632368823,2.6620516354539436,2.594792832314599,2.879831889323621,2.7465379675510966
2016-03-29,1.9979101509719226,2.0868076833006226,2.691274375913341,2.623251147175989,2.9111495971437638,2.776354988765585
2016-03-30,2.0066765608401833,2.0835127017723067,2.668482539019275,2.601009515563826,2.8869925860268895,2.7532658054080312
2016-03-31,2.0018060036011915,2.086390927378808,2.6685459442096477,2.601045448044545,2.889410040236122,2.75552052912383
2016-04-01,2.015442796249054,2.097095303489905,2.678790486368586,2.6110048873898397,2.905506261955901,2.7708198492299316
2016-04-04,2.0089164449433214,2.0935346044362015,2.672549639741713,2.6048960548082203,2.9029360455894175,2.7683177880729986
2016-04-05,1.9888516960854634,2.0901459690106274,2.654535606217648,2.5873123000883957,2.8811892399211616,2.7475288443092416
2016-04-06,2.010572413469452,2.0977707427910164,2.6744227908991904,2.606669937416525,2.895466336222871,2.761092760498111
2016-04-07,1.986513765805367,2.0930683694646173,2.6584469148348036,2.591073018066035,2.8855100886439966,2.7515478853497335
2016-04-08,1.9918705413631879,2.091160976695729,2.667203493321439,2.5995818207547114,2.892086237321671,2.757767936527798
2016-04-11,1.987195727559333,2.0871389786938526,2.6617155521345643,2.5942072139820023,2.881534920980066,2.747656051042689
2016-04-12,2.0057018562304605,2.0930390276431154,2.6825280782325147,2.6144658748956053,2.8952936550495822,2.760724692367932
2016-04-13,2.0259614762265072,2.1086654577878767,2.69719083879132,2.628730461027042,2.8929121832680096,2.7584031018367314
2016-04-14,2.0260589990252966,2.1046821253202483,2.6942818834025513,2.6258692246543998,2.885660110982556,2.7514375447610306
2016-04-15,2.023819289381548,2.1104967870994042,2.6952699517863903,2.6268060784971867,2.897338229327621,2.76252158938112
2016-04-18,2.0380392997688603,2.115745238396648,2.7085499349086333,2.639722476084982,2.907758819988244,2.7724062334474957
2016-04-19,2.044467604897635,2.1171070296204406,2.721100800500626,2.651928033763737,2.912083139678976,2.7764781224407704
2016-04-20,2.046415269523185,2.1090015252862337,2.7124262122364167,2.643447669911123,2.881265169360412,2.747044634996637
2016-04-21,2.035409498929955,2.097178425945171,2.694315524660217,2.6257714320086945,2.8509679671782733,2.7181087304272094
2016-04-22,2.035409498929955,2.095027372349064,2.699376585486518,2.630677573907625,2.8571839832873906,2.7239848990862003
2016-04-25,2.031903388577064,2.0894018620584083,2.6944060426883882,2.625807415421422,2.8596975134644755,2.726331035670267
2016-04-26,2.0349227572329576,2.087472583377007,2.699472412151194,2.6307186322824094,2.8571831656133897,2.7238837781405807
2016-04-27,2.039110829339815,2.098383718794952,2.716118242174442,2.646914178305759,2.877595706571333,2.7432934620783693
2016-04-28,2.020604526209298,2.090418693971973,2.7034439845686618,2.6345366459203787,2.875023436467447,2.740790762521187
2016-04-29,2.0096952316585197,2.0857849699613014,2.6958453611358215,2.627105573018119,2.873312578288918,2.7391093323521725
2016-05-02,2.025669780127089,2.087332546837208,2.7063996692753394,2.6373645322901855,2.886219115683546,2.7513623702894416
2016-05-03,2.0080392631323893,2.0869492420856535,2.692117971464784,2.623421041537729,2.8719396002780755,2.737699631421569
2016-05-04,1.9968377491040226,2.084543154931025,2.683245927288965,2.6147493866215767,2.8605405082977753,2.7267831312425233
2016-05-05,1.9964488791245931,2.0898739293548494,2.687866176716277,2.6192256423499995,2.8641369396787777,2.730161109521149
2016-05-06,2.003754017145522,2.090888717276359,2.6900284900151683,2.6213066652422303,2.871050787323497,2.7367011415698252
2016-05-09,2.0054094622934837,2.0945536784290844,2.6892653820673766,2.62053698896067,2.8708477364517218,2.7364571905619335
2016-05-10,2.0303447683903335,2.1102441580342273,2.714566837063243,2.645165517297497,2.898943190580494,2.763186542028766
2016-05-11,2.0113513746440397,2.1031723379794336,2.7051048053286615,2.6359191779738445,2.886682278508029,2.751449126877265
2016-05-12,2.0119359880586063,2.0997041461757786,2.703696044154511,2.634520244773338,2.8756824477836704,2.7409141241599038
2016-05-13,1.9944035172408645,2.09686727199187,2.68859507460758,2.61977958740381,2.8665650610516504,2.732173699140684
2016-05-16,2.014078523822345,2.10205033208002,2.7071911427165194,2.637873447167207,2.890468223792734,2.754905483366943
2016-05-17,1.9952796522954608,2.091689004239641,2.6883519315902653,2.619490561553037,2.868311564407511,2.733737617898415
2016-05-18,1.9958644401694168,2.0801464005656993,2.6752636621863166,2.6067116185934194,2.865427904535091,2.7309389518963645
2016-05-19,1.9889485210466962,2.079419886338137,2.6724895032436833,2.6039826471155267,2.8564473494276417,2.7223297578268877
2016-05-20,2.001514133042384,2.0879419224868525,2.68379286613385,2.6149702505085206,2.8816075044075937,2.7462579961147537
2016-05-23,1.9987866349452996,2.0880955454673162,2.678335095798894,2.609626483235427,2.8798459136141634,2.744528597004922
2016-05-24,2.024695075517366,2.1006215482680117,2.7001507080815568,2.630856283179432,2.912455239567965,2.7755545640123755
2016-05-25,2.0384290420452387,2.106000353056306,2.7126729236187903,2.6430308519009773,2.9246894051981758,2.7871623239371246
2016-05-26,2.0390136554598053,2.110725049344703,2.716019992466552,2.6462656726688083,2.9305228271266204,2.792670004858232
2016-05-27,2.0477791930311176,2.114935933247434,2.7216199352754273,2.6516954214115667,2.939090095838135,2.800782679636339
2016-05-31,2.043883165942459,2.114541017606743,2.7213709168714564,2.6514264302698303,2.944431779005816,2.805821314985148
2016-06-01,2.048071761427485,2.1205729265922937,2.7276616939906155,2.657529090997308,2.9504344817070844,2.8114896539145793
2016-06-02,2.0543057187962397,2.1305594273241115,2.7328245444121877,2.6625327151274223,2.9538130219951544,2.814657246428548
2016-06-03,2.0481691097668846,2.1388728685928005,2.735540213135871,2.6651520262013904,2.954616023643776,2.815370562927091
2016-06-06,2.0585913137018856,2.139045378567175,2.752128026831575,2.681286351292991,2.9609949424052115,2.821396889029088
2016-06-07,2.0618052045771886,2.1431197868106797,2.7599881973526794,2.6889174521410597,2.9691788401901062,2.8291428426099916
2016-06-08,2.0685259036429415,2.1519028640494686,2.7703315160861446,2.698967583071758,2.976974667622862,2.836518749000059
2016-06-09,2.0657015805846264,2.1556942484113604,2.769561212314248,2.6981902866959087,2.9764762577015533,2.8359916193289103
2016-06-10,2.046124096801935,2.147614918991953,2.7462625321280885,2.675465398223113,2.9434418575751833,2.8044647325162035
2016-06-13,2.030344768390334,2.1415017540775003,2.7288213962527212,2.6584474448061597,2.9250192146110905,2.7868606002172385
2016-06-14,2.0263506951247177,2.1383418303443715,2.7281809481753636,2.657797079392886,2.923359516149452,2.785227994853262
2016-06-15,2.0235267209851817,2.1398410006928006,2.7219548962106623,2.6517052789149425,2.91823371136526,2.780293180009064
2016-06-16,2.0295652838375786,2.1478325446344844,2.7268173074070017,2.6564157782911018,2.923472293619381,2.78523284213616
2016-06-17,2.022006830782943,2.1376818789634964,2.725787843844659,2.6553864836659677,2.9076356787344455,2.7700940568205352
2016-06-20,2.035028828541838,2.1367990189796235,2.737419597894315,2.6666912916022225,2.931003248152088,2.7923048257314242
2016-06-21,2.0408057023098274,2.1364887786563465,2.743998697627597,2.673073817420296,2.938674164440298,2.7995611813885715
2016-06-22,2.0374764937779957,2.1358054460789093,2.7388043093438292,2.66798715461416,2.9333736866243534,2.7944601510906644
2016-06-23,2.064009847883627,2.1427213864019814,2.7695065871856412,2.6978687323871284,2.9789296748947303,2.8378065107104513
2016-06-24,1.9898930441820173,2.119565864230167,2.6962063561135463,2.626438410611481,2.864098941312451,2.7283654904555057
2016-06-27,1.9542536077765646,2.117956388205522,2.657497706196163,2.588705652011884,2.807440173211048,2.6743425988354637
2016-06-28,1.9895013828523544,2.142642072420087,2.6993932265527665,2.6294905114396157,2.863195558566601,2.7274044491332985
2016-06-29,2.023377907125849,2.1579567955590315,2.7396988787587744,2.6687258773658864,2.9115782597342146,2.773441449072178
2016-06-30,2.050987326746564,2.178804917342635,2.775994292701288,2.704054150008098,2.951961741680733,2.8118571880193697
2016-07-01,2.0552959502916384,2.193651901177911,2.783820506923276,2.71165057762573,2.9583376736187827,2.817878607127172
2016-07-05,2.040511563778954,2.1951704213568446,2.775694104948266,2.70370796025925,2.9527240080914154,2.812479671064809
2016-07-06,2.0527502388785224,2.2044895490158494,2.787582541988767,2.715261071566679,2.9638499125158386,2.8230251366279684
2016-07-07,2.051477383171964,2.203607373029428,2.7777241929585674,2.705631579368225,2.9583143868100383,2.8177007284445024
2016-07-08,2.0820246989136266,2.2297870947687324,2.8132831567270715,2.7402403975200267,3.000003219835602,2.8573553925214146
2016-07-11,2.0893680435408797,2.2266795294463333,2.81473668447661,2.7416289188443645,3.0058648062461226,2.862885534585788
2016-07-12,2.1045439169238374,2.2217421419079693,2.821329828463017,2.748023486359543,3.0037943329515877,2.860860853847848
2016-07-13,2.104250476230522,2.232029986733183,2.8279904955333417,2.7544836943905042,3.013844644666109,2.870380059923988
2016-07-14,2.115998745985911,2.2265228079398414,2.8316226727167937,2.757994031397513,3.015873358083233,2.872259299718021
2016-07-15,2.113159942798259,2.2170743254757177,2.8281012537909005,2.7545367812929684,3.0110079020682643,2.867572716976535
2016-07-18,2.1188380725517324,2.2198154328259134,2.8320458934044055,2.758351379043077,3.028209769579209,2.8839020227062595
2016-07-19,2.116684720305838,2.2234719210417087,2.830150225644014,2.756477624293075,3.0258676450142965,2.8816184353668213
2016-07-20,2.125495966237227,2.2241633428442613,2.8317897274070534,2.7580470166227395,3.033368684074858,2.8887086786923204
2016-07-21,2.117467868505775,2.2209240598659914,2.826291561579819,2.7526646512020445,3.03003760832918,2.8854833137926352
2016-07-22,2.1269643909195324,2.2284395223816453,2.838074670318823,2.764113310216253,3.0452964863193817,2.8999608216954225
2016-07-25,2.1211885639078805,2.224166541047423,2.8261512307504675,2.752473224677563,3.0414233529261723,2.8962191877642898
2016-07-26,2.1221674555429537,2.226193567376454,2.8267573892941646,2.753036199446053,3.0509111084722442,2.9052004673871417
2016-07-27,2.1199155337419326,2.2358652818245917,2.8230954708199696,2.7494424375459836,3.051040681085911,2.9052703405228217
2016-07-28,2.122363024518701,2.2357609380460155,2.8256806307823608,2.7519327818884,3.054424770497716,2.9084391779480816
2016-07-29,2.1257904536868804,2.245380197055966,2.836826472896668,2.7627602491684087,3.063235589870154,2.9167751630226744
2016-08-01,2.1240273670955325,2.234525380892436,2.8249996911685575,2.751214887833592,3.0617663814327205,2.915322504587711
2016-08-02,2.1104176156530587,2.2167251920889415,2.8137804291951363,2.740261402234163,3.040260476349373,2.894791905941874
2016-08-03,2.1165866741288806,2.2211268545946106,2.8212573490086825,2.747515637303823,3.0456049154478224,2.8998272166330383
2016-08-04,2.118838072551733,2.229220179509965,2.824251180057381,2.750403860939577,3.054064659054985,2.9078284768692697
2016-08-05,2.1361683449369226,2.2308878175680937,2.8311894133902546,2.7571332543788007,3.0641629312513188,2.917389484429623
2016-08-08,2.134895838149144,2.2317716201434394,2.833375794141205,2.7592350025770402,3.0642322285412793,2.917401727807732
2016-08-09,2.1361683449369226,2.241350884777812,2.8376702045184845,2.7633895572073723,3.073138290577261,2.9258271434162464
2016-08-10,2.1308813531349435,2.2414898392618756,2.832249102543642,2.758082930057779,3.0684010051317885,2.921263134461772
2016-08-11,2.1407698857971433,2.2397352053737634,2.840211785712663,2.7658095916706533,3.073906151494304,2.9264503933920545
2016-08-12,2.138909974244565,2.2461136816345806,2.8429374016301625,2.768436273011795,3.0774549238769966,2.929774968140424
2016-08-15,2.1450776370452695,2.241533190205713,2.8439757064522566,2.7694198242242405,3.0817357010894675,2.9337962842029577
2016-08-16,2.1340146437722494,2.2322062449352815,2.831040146517016,2.756795956246276,3.0658783390466486,2.918646400903018
2016-08-17,2.1380286054082807,2.240080620014767,2.8422430813781414,2.767677566707931,3.0752977169847378,2.9275595126564316
2016-08-18,2.142825715244249,2.244512268430944,2.8565835152495613,2.781614117592649,3.0865426390268134,2.9382101075126514
2016-08-19,2.1396929479851123,2.237843613360819,2.8457926340532373,2.771078876271856,3.080224655426576,2.9321417464121193
2016-08-22,2.1395949018081546,2.2453322100428084,2.8459173646130185,2.7711727705889784,3.083829775027742,2.935519480315768
2016-08-23,2.1439031764344496,2.249007598300455,2.8485943139760126,2.773751825895734,3.087518946733059,2.9389770971221734
2016-08-24,2.1329371825820496,2.2399855032673748,2.836407731435424,2.7618579583885503,3.073818162200542,2.925881572402386
2016-08-25,2.131468583440355,2.235660735160399,2.8316965887406855,2.7572432164237166,3.072649217455032,2.9247150173083334
2016-08-26,2.1274546218043238,2.2279295654931874,2.820689138899407,2.746497867664046,3.0640696970381742,2.9164948442331124
2016-08-29,2.137930210312544,2.246427896454625,2.8388957436634934,2.7641981004082288,3.0816203354124463,2.933146166283017
2016-08-30,2.134405607264355,2.240745238009296,2.8300250442680697,2.7555334027813077,3.0717655298075353,2.923712319849787
2016-08-31,2.1283354672624393,2.2382050587616145,2.822080510715582,2.7477706556616788,3.0678122038444435,2.9198957561122736
2016-09-01,2.128433687898787,2.23925466206509,2.8186874560168764,2.7444396498037222,3.0776662882315335,2.9292207675131148
2016-09-02,2.1380286054082815,2.2380057386575265,2.8381838374674704,2.7633949876179216,3.0882680190915712,2.9392570064486097
2016-09-06,2.14449058119925,2.2485864108731852,2.8529258758483382,2.777720932554024,3.0982493746438275,2.9487024437832208
2016-09-07,2.144293965467165,2.247818262107829,2.8526445252989805,2.7774193749042233,3.0933267392325394,2.943963191342284
2016-09-08,2.139398809454239,2.23346360862121,2.854866526638421,2.7795551364341917,3.0832108155670905,2.934281676985922
2016-09-09,2.0881932340112823,2.1866711252212676,2.7817234133559547,2.708314602390547,2.9976161734540274,2.8527689911384693
2016-09-12,2.1181529705287554,2.205946863141659,2.8201414146521837,2.7456914565264725,3.047324529019239,2.900021985222113
2016-09-13,2.087703526504661,2.176897625886738,2.7779534081562356,2.704590287509528,3.0133592837133243,2.867645744630107
2016-09-14,2.086920378304724,2.1777069329512635,2.7747683114626445,2.701462437978445,3.0246947607005876,2.8783800691869135
2016-09-15,2.107774904819324,2.1870006018112487,2.799857991098043,2.7258621690710667,3.0699971728863797,2.921437241936294
2016-09-16,2.0996267790278234,2.188996436449797,2.7909927215797934,2.7172041698249436,3.0637882675332655,2.915475092026159
2016-09-19,2.100020882788941,2.1863834848612496,2.7960353445144346,2.722086402028377,3.0657597980148137,2.9172974511651453
2016-09-20,2.1001187545065094,2.1895052301277325,2.795174265718647,2.721221032117507,3.0647020073721776,2.9162371719236875
2016-09-21,2.123735496536725,2.2113610639364807,2.8311337675965715,2.756201723972891,3.1007319707784293,2.9504673748639805
2016-09-22,2.137118276313323,2.2267529981578216,2.846455053492736,2.771089938360015,3.119570833479065,2.9683386145353468
2016-09-23,2.125408911001816,2.2185874098179417,2.830494975028723,2.755525026305237,3.096519835913461,2.9463508277521244
2016-09-26,2.1081885480320772,2.213445306941834,2.809874025098098,2.7354230474896304,3.0721670168789044,2.9231251844733968
2016-09-27,2.121275793602684,2.2281840939690443,2.8155449066104152,2.7409164115757454,3.100595468729625,2.950120133040181
2016-09-28,2.1318044177653444,2.2328917300350732,2.836702176825981,2.761485424524694,3.109061517285327,2.958120830312098
2016-09-29,2.1125172344069556,2.2230295987591373,2.8087456130290476,2.7342429504713057,3.1000907344972877,2.949531240413888
2016-09-30,2.1284588100508897,2.2251473817748946,2.8292823201893866,2.754207523644928,3.1291955655360444,2.9771677262727625
2016-10-03,2.123342090613165,2.219000891316447,2.8178718269221634,2.7430725248973853,3.116918573901829,2.96543257685062
2016-10-04,2.112517234406955,2.2018331632773096,2.7942906466360964,2.720090244294093,3.1004680907639415,2.9497272770446643
2016-10-05,2.1218661641771064,2.2035757735965613,2.8101188366909664,2.7354709215415878,3.117051084936738,2.965449407596412
2016-10-06,2.1233420906131646,2.19958328817801,2.8101582088786636,2.735482041268174,3.121516939176367,2.969643362640073
2016-10-07,2.116060155691053,2.1956486821305012,2.800114927365912,2.7256785373522443,3.1136098316289993,2.9620664084749504
2016-10-10,2.127081278710568,2.19732940495601,2.816452612675272,2.7415546455417985,3.1228059239385986,2.9707601977002303
2016-10-11,2.1002171496022455,2.1786982774305366,2.783648626191845,2.7095960668469554,3.0782897567379788,2.928357533657399
2016-10-12,2.102972910120446,2.1812661889084177,2.787282147023805,2.713105942196211,3.0801516086808713,2.9300747336189823
2016-10-13,2.096084206662504,2.180259975337036,2.784240952077396,2.710118726357113,3.0649463156407384,2.915556600558779
2016-10-14,2.097166727175003,2.168716661366035,2.7806958948274163,2.7066411260956507,3.072067636433871,2.9222769939778384
2016-10-17,2.08988531563106,2.1697357781310482,2.774668305147009,2.700747200500094,3.063497719003232,2.914071263076673
2016-10-18,2.1029729101204464,2.180706662753664,2.7919002205042744,2.7174930054929427,3.087739879301157,2.9370768805862184
2016-10-19,2.108582128415026,2.184918676883316,2.7988329318733514,2.724213857962219,3.0826259839024974,2.932158505929464
2016-10-20,2.10464545228859,2.183391350057605,2.795518373783685,2.7209606064302747,3.084975574985572,2.934339363500126
2016-10-21,2.1056295777053515,2.185316110016896,2.7901639034561283,2.7157219322524337,3.086472942081186,2.9357095439116025
2016-10-24,2.1145842292549957,2.1870890468304354,2.797483628073786,2.7228192849343813,3.112555943238163,2.9604639540544877
2016-10-25,2.1074990845243584,2.184998863118362,2.7966656302373427,2.7219960468651347,3.1066685136643075,2.954809784368235
2016-10-26,2.1032673975701,2.1764557109408824,2.796434284576422,2.721743808076834,3.0978877973617234,2.946404014213768
2016-10-27,2.0976585281943003,2.1634891701706316,2.7909062702599,2.7163364263483274,3.088449811087025,2.9373734341186037
2016-10-28,2.091459637162856,2.157733636118814,2.7851993487138733,2.710755026611257,3.0786667789704447,2.9280150243418968
2016-10-31,2.0915576833398144,2.163087446724775,2.7876628973624418,2.7131257439644534,3.1029088606478052,2.9510164881243948
2016-11-01,2.0764034429211677,2.1537500629217057,2.7699286706710553,2.695838886692452,3.070841019885517,2.9204646286886087
2016-11-02,2.0639067423843738,2.149720624326356,2.7528037070943787,2.6791453337186018,3.0480516539112186,2.898737847169272
2016-11-03,2.054460289815433,2.1372169356177357,2.746467356895183,2.672951944267974,3.043241504452458,2.8941100251974885
2016-11-04,2.052197028154088,2.143464590045499,2.741137566167166,2.667738284634266,3.0357491292376673,2.8869316341481466
2016-11-07,2.097462086921606,2.164542047759836,2.7958101357361214,2.7209198282342006,3.09191666155107,2.9402915840001933
2016-11-08,2.1069085394905467,2.166878239915463,2.8057115860113093,2.7305288947935304,3.107636089143038,2.9551857131518067
2016-11-09,2.1292461452761784,2.143884213945087,2.8313581009947053,2.7554607727665164,3.0805590652752346,2.9293830435111174
2016-11-10,2.134559829364767,2.134427622936509,2.8319115621374444,2.755971987472477,3.044596683880842,2.8951321634027933
2016-11-11,2.129639551199738,2.1266753981064754,2.8170991630323687,2.7415295258836516,3.03112639815989,2.8822700698274706
2016-11-14,2.1313126167460497,2.1225896314981143,2.8211717434125827,2.7454655520452054,3.029385949252439,2.8805620370177727
2016-11-15,2.147943481438313,2.136726578453444,2.849306630863168,2.7728178614016588,3.0603877182996224,2.9099871916357736
2016-11-16,2.14390823575675,2.1420302796232598,2.837748366123766,2.761542408991129,3.047658600181552,2.89783026267075
2016-11-17,2.1549293587762652,2.1360298090868843,2.8439730111667245,2.7675723693417686,3.0521893735311294,2.9020848426595403
2016-11-18,2.1501076501663627,2.1306947324777066,2.837254903310191,2.7610072766424882,3.0408927182479975,2.891290495316093
2016-11-21,2.1663438877193393,2.1424639145412883,2.86238484867299,2.7854341832053557,3.0652842328007277,2.9144283453435476
2016-11-22,2.170575400214208,2.1446920705845853,2.8631559753115137,2.7861568687487224,3.069042878116663,2.9179482668387116
2016-11-23,2.1717564902818336,2.142063057517257,2.861180154446782,2.7842064926255374,3.0543555777690714,2.90393056278201
2016-11-25,2.179826109348012,2.148117084252997,2.8729579847808893,2.795639661843807,3.080336892088967,2.9285783739313005
2016-11-28,2.169591274797446,2.148394897697258,2.8675419077430337,2.790341592477781,3.100184126522394,2.947393510519178
2016-11-29,2.1738226128329257,2.1545099420995806,2.868433214620331,2.7911811429298714,3.108789368593877,2.9555202120105717
2016-11-30,2.168608021677633,2.1374474703469475,2.8653542791338493,2.788157398241862,3.0886906734312234,2.9363583365546906
2016-12-01,2.1606367977071916,2.123706030073048,2.858848793033045,2.781799512311257,3.0221733329607354,2.873068672659109
2016-12-02,2.161719143760301,2.130568982045952,2.8647524402983597,2.7875163253537893,3.0403034612739854,2.890251082171285
2016-12-05,2.1747086920727297,2.137324256000329,2.875830936019161,2.798268304551096,3.0628874256061005,2.911666799360255
2016-12-06,2.1815966976931134,2.1407418154095965,2.8817908890258765,2.8040396261363787,3.0786289500485116,2.926577230980665
2016-12-07,2.210133717888358,2.1648598899229983,2.9136418101886274,2.8350030070299472,3.1266967775704666,2.9722162718753977
2016-12-08,2.215545797072684,2.1578274690792556,2.9177448994840818,2.838967118671358,3.135863192864934,2.980874899021429
2016-12-09,2.228928925768061,2.1549116223903533,2.9378096195731724,2.8584616707630497,3.1446033382550564,2.989128011916468
2016-12-12,2.2263699554413354,2.1550412312429454,2.9413759232497476,2.8619031874161096,3.1344908204260973,2.979460599094805
2016-12-13,2.2412291850321604,2.1667467744019637,2.960128267653668,2.880120219017677,3.171039625221691,3.014146203292819
2016-12-14,2.2227291624396694,2.146331543696,2.927906116665328,2.8487406538233135,3.1482742599488325,2.992452082343261
2016-12-15,2.231880604180788,2.155969888825188,2.939608961127112,2.8600986278375946,3.1688985027729633,3.0120000621797267
2016-12-16,2.2275154557934815,2.151456725327422,2.9433549776589163,2.863714840423442,3.1503472156712524,2.9943121348858273
2016-12-19,2.2323656012838895,2.1635239153630663,2.948108467389715,2.86831118443269,3.17116533365193,3.0140436275840847
2016-12-20,2.2409772656735703,2.1642196078152702,2.954362436031982,2.8743672872372605,3.1806789383245047,3.023030181650989
2016-12-21,2.2347413892515298,2.164426947761616,2.9477202547998416,2.867876432721391,3.1761936609212347,3.0187116142121573
2016-12-22,2.2308814752565196,2.1606363512313607,2.947729186040837,2.867856598893714,3.176826406232889,3.0192573761300854
2016-12-23,2.234148052867483,2.1642949838915255,2.9529933849944445,2.872949583669375,3.1838243654984386,3.025852507965149
2016-12-27,2.239690278756454,2.1647299328772878,2.9587533625148112,2.8785248020566536,3.2004780022213044,3.0416238183920288
2016-12-28,2.2211804864381453,2.160323619962253,2.9335261515594686,2.8539532587923166,3.1665131536213065,3.0092893716738405
2016-12-29,2.2206853706904464,2.163096663696631,2.9395497712856797,2.8597850429152265,3.1671830108903927,3.009870531454553
2016-12-30,2.2125693454266333,2.1596627529101204,2.928199595917188,2.8487145219623886,3.1394263279668952,2.9834375589589692
2017-01-03,2.2294952209467187,2.1732735668155394,2.9498367946216395,2.8697358437464366,3.160285783660659,3.0032052553044744
2017-01-04,2.2427586705008267,2.184373521953672,2.9611557151646903,2.8807187550912094,3.1738601890823364,3.0160493997201705
2017-01-05,2.2409772656735703,2.1970101208331614,2.961557399052811,2.8810808729435693,3.1712401068263913,3.0135040886420303
2017-01-06,2.2489948958416464,2.1936569757874445,2.9702996919657196,2.889556866274589,3.187818787378342,3.0292023594944375
2017-01-09,2.2415707765170065,2.196354606137369,2.9527973241915353,2.8725017029021416,3.1932721603495193,3.0343285005641194
2017-01-10,2.2415707765170065,2.1957779999240272,2.950490197862094,2.8702287676735536,3.1985462388479107,3.039284084742021
2017-01-11,2.247906094791122,2.2024590008830938,2.9627189417557447,2.882096191399218,3.2128850116199055,3.052852671320726
2017-01-12,2.2422644270500762,2.197195078786714,2.9558491053381184,2.8753847018268033,3.1908262092817714,3.0318367655800564
2017-01-13,2.2474108045840335,2.196038589438654,2.960073095142969,2.8794650671752438,3.2108136450698104,3.0507720954180355
2017-01-17,2.2394926162680324,2.200592721481623,2.958394627885347,2.8778036854677223,3.190227984559908,3.0311566880358916
2017-01-18,2.244441854691736,2.1922364530632663,2.9625995456061895,2.8818653926765814,3.2115648690215695,3.051373469621684
2017-01-19,2.236127120183163,2.1813489470376934,2.9533240318110323,2.8728140745546416,3.2007418837230674,3.0410343182074304
2017-01-20,2.2443425872990512,2.184415317724613,2.9616813807665765,2.8809149425169696,3.2162108558843263,3.055675152971651
2017-01-23,2.2385027336914143,2.1897470197341025,2.950314262356797,2.869829267978405,3.2029094831837437,3.0429816646608656
2017-01-24,2.252855507674216,2.1921696913905575,2.965475279830277,2.8845480015693363,3.2375634546832686,3.075848639569596
2017-01-25,2.2723551825691435,2.192548879582894,2.9849988668089233,2.9035099156760333,3.2699901127353996,3.1065983815541536
2017-01-26,2.2699793946015028,2.1941259958572443,2.9801160676257608,2.898731584199483,3.2631064115126915,3.1000015407042607
2017-01-27,2.266416061568821,2.195226004188626,2.9769660957711084,2.8956388359798777,3.2739986541418196,3.1102920522551014
2017-01-30,2.2523602174671273,2.18441498332375,2.9582150591052727,2.8773714380961906,3.2514932695617476,3.0888550902394294
2017-01-31,2.252162903897484,2.190380701088739,2.9668273756149235,2.8857196919811186,3.2355967697157992,3.0736971125946986
2017-02-01,2.253053693540807,2.185483080975482,2.9596594632727222,2.8787191061840405,3.249386484560114,3.0867399774936564
2017-02-02,2.254537994027566,2.1859798250775184,2.9674499718296925,2.886267854725754,3.25089100797809,3.0881123138744986
2017-02-03,2.2700784875347986,2.194653429595278,2.9899738267573603,2.9081465886311384,3.271631500730806,3.107757047509849
2017-02-06,2.2660203876731972,2.197610839943474,2.9847898625029825,2.9030756215760496,3.2692465730907414,3.1054343818754004
2017-02-07,2.266118782768934,2.204129184700252,2.984732689435526,2.902991141136111,3.274127650032988,3.110013600396558
2017-02-08,2.269088256039401,2.2178517462605054,2.9890059032643523,2.9071184127141625,3.2765091416087304,3.112218398041276
2017-02-09,2.28255006591949,2.2155137108727403,3.002167045888874,2.9198899489948107,3.280747789821447,3.1161871159994994
2017-02-10,2.2915577531235742,2.220246186531202,3.014968116365462,2.9323110303811424,3.2912124467001873,3.126069292962035
2017-02-13,2.3040295059676548,2.2247014788914394,3.0298988834927463,2.946803153596481,3.317206720530304,3.1507012205884757
2017-02-14,2.313234506741382,2.223603232763197,3.038085261676594,2.9547356310904958,3.319030302887291,3.1523752066963686
2017-02-15,2.325311109068007,2.2264747836143206,3.0511488578755177,2.967411315250017,3.3401304213449636,3.1723574158377734
2017-02-16,2.32333134391477,2.2302039903028117,3.050461339512236,2.966713159189518,3.3414358507406035,3.1735388219295873
2017-02-17,2.3269937698807475,2.2376085055037804,3.0528583561213063,2.9690148382125696,3.349127044735883,3.1807849709949263
2017-02-21,2.3408509047376813,2.244041236222088,3.071993800533164,2.987595033885412,3.370886159782592,3.2013914105256
2017-02-22,2.3387720466511484,2.2443401713068036,3.0667365790456387,2.982452584361692,3.363806713590353,3.1946090923814334
2017-02-23,2.34035666128693,2.247939227857445,3.0753206709482876,2.9907710115876087,3.3515512775596994,3.1829114731203623
2017-02-24,2.3433256111792273,2.2596348443677114,3.081661813294163,2.9969080105068424,3.353617922540926,3.1848154708820946
2017-02-27,2.3469880371452048,2.256420384564598,3.0858392351011634,3.000940695449742,3.3632303316430407,3.1938852178161055
2017-02-28,2.3406537656274273,2.2561151120979073,3.0843469284230975,2.9994596135133085,3.3495687369413236,3.1808529236920537
2017-03-01,2.373416890076463,2.259941218252329,3.1199674062477905,3.034069569211982,3.394137901926628,3.223117800525486
2017-03-02,2.358470430790836,2.2481487853546005,3.101815936292745,3.0163878386809584,3.367266583164322,3.197541549963041
2017-03-03,2.3599550801963742,2.2513393400415933,3.1031803599966645,3.0176846710457434,3.37429133423958,3.2041532065711102
2017-03-06,2.3529269836861375,2.2430156047539453,3.0939828141349115,3.0087106026134807,3.367583284143329,3.197724491266897
2017-03-07,2.3458995850134596,2.2362771068153404,3.0829271847823296,2.9979298568787014,3.362935587442612,3.193252406113585
2017-03-08,2.341544380811361,2.228951801425889,3.065008942204759,2.9804759829666283,3.35684633804822,3.1874116933567587
2017-03-09,2.3445133307036583,2.2235315005004304,3.0686022869678724,2.9839405455663224,3.3596189360615276,3.189985591086535
2017-03-10,2.3527294956571048,2.2313277259930815,3.0797280483931346,2.994729565838341,3.3762783967110033,3.205744839440042
2017-03-13,2.3539172151815353,2.2263708705074783,3.082174519550072,2.9970787076195995,3.3841231615576137,3.21313418891562
2017-03-14,2.3449097024368406,2.225539164865875,3.0673964051864373,2.982678937329759,3.370673373427253,3.200305030507948
2017-03-15,2.365200550663627,2.2479684580568455,3.1013614906164233,3.015675958288444,3.3992400088941164,3.227368341505971
2017-03-16,2.3605484165804205,2.2407623775225702,3.0898866425799385,3.0044882594228985,3.3962646040428006,3.2244839878486786
2017-03-17,2.356403435942796,2.2440277524101093,3.088069513774557,3.002691488286628,3.3963369854162173,3.2244933174444026
2017-03-20,2.3538186456264083,2.2464091522573892,3.0817480151098238,2.996514961769996,3.399414112469761,3.2273553083262625
2017-03-21,2.3235963477275794,2.2365692944099917,3.0580636061776443,2.97345602793914,3.34806118024936,3.1785430219443542
2017-03-22,2.3290642539165787,2.243301421997388,3.0623240548221724,2.977568988236717,3.3655725744695544,3.1951089342712398
2017-03-23,2.3265790799116557,2.240600471055104,3.0561625296990167,2.971548439430726,3.358395405236909,3.1882365601130034
2017-03-24,2.3248894407233314,2.2428233879690596,3.054375150655832,2.969781009578574,3.3667010294635147,3.1960624985648893
2017-03-27,2.322503534111094,2.2455245169626052,3.0493225978911482,2.964838904872541,3.369603745817728,3.1987591762857632
2017-03-28,2.3394028918039593,2.2493366820853318,3.0683735291102257,2.9833323445812194,3.389765522598105,3.2178394488946798
2017-03-29,2.3415906125496058,2.2559693166459414,3.072210243053407,2.987033014024596,3.3915525401179343,3.219476532002099
2017-03-30,2.349046483483154,2.252991063185231,3.0755945523319257,2.9902937522201647,3.403276157008537,3.230545829607741
2017-03-31,2.3435785772941546,2.2524652095251567,3.0676973207208267,2.9825858840087744,3.3971896332865383,3.224708827364935
2017-04-03,2.3395032059529823,2.2592032527691064,3.065154610035688,2.98008407997414,3.392928230827407,3.220604464040452
2017-04-04,2.3409939614371567,2.2551648315419115,3.0717105407176923,2.98642835442283,3.3939013481333515,3.221468822522597
2017-04-05,2.3340342530076454,2.253900232086582,3.0644462454268204,2.9793361112643457,3.3789837482871956,3.2072500617468536
2017-04-06,2.340597066325805,2.256365959517935,3.070825553794474,2.9855085511647137,3.384228159248897,3.2121687666512595
2017-04-07,2.3382106363353987,2.2513363035071943,3.068115903425137,2.9828445164385444,3.3849221744808036,3.212768322254104
2017-04-10,2.339602647805057,2.256318247274987,3.071600756568119,2.98620281571927,3.3778763337144313,3.2060217755424385
2017-04-11,2.33681879932513,2.2632666064175444,3.0709559340134183,2.9855462271235664,3.366161910099439,3.194844496225484
2017-04-12,2.3265790799116557,2.2622707208899837,3.0643020874551383,2.9790478089155767,3.344250197483347,3.1739894975451945
2017-04-13,2.3114679309622415,2.2562478617143227,3.043020891127394,2.9583292699583343,3.321741256006921,3.1525684533882816
2017-04-17,2.3319468464110216,2.2654644597184928,3.0653425619652204,2.9800000582808615,3.3526764148255093,3.1818695112655924
2017-04-18,2.3249887081160168,2.273261060834517,3.0550645773323177,2.96997868519068,3.3490206512713834,3.1783414550981206
2017-04-19,2.3207141041519157,2.265795264574477,3.043279702566721,2.958492603628237,3.349066372047537,3.1783263053181954
2017-04-20,2.339602647805057,2.2733524527053866,3.061511401459981,2.976186758861584,3.383362379225622,3.2108147154594486
2017-04-21,2.332146776871509,2.2690056062467185,3.053524488458175,2.968392918893185,3.37404296019013,3.201911601423818
2017-04-24,2.357794749574895,2.2794958112764006,3.0852078651602945,2.999163141144135,3.416832632265933,3.2424585789091287
2017-04-25,2.37151441043282,2.2764767365898213,3.0981262439332533,3.0116912798455515,3.4405066663846244,3.2648643020527848
2017-04-26,2.3700231315704765,2.280641409504467,3.0942930725748665,3.007935134209928,3.430672121140541,3.2554718618410257
2017-04-27,2.3720109218556353,2.2814905108450065,3.0906126226808364,3.0043275207098445,3.445959437095466,3.2699182456884324
2017-04-28,2.36684169014164,2.2805258651750235,3.085387436796596,2.9992183842456392,3.4292579994096037,3.2540100876083127
2017-05-01,2.372806456672234,2.2763907969422075,3.084279630566333,2.998111698310605,3.44986202637437,3.273500878287875
2017-05-02,2.3737016078002973,2.281568200903717,3.083393349055438,2.997220367760811,3.4466051757131035,3.270350286395693
2017-05-03,2.3708176196307376,2.2805046702675136,3.0823211824866115,2.996148366396793,3.4499503178205573,3.2734640695480697
2017-05-04,2.373601991488833,2.2776175812607318,3.08144812204049,2.995269923824435,3.445772099750705,3.2694393744909114
2017-05-05,2.3829467342336343,2.283824659321167,3.094540128450332,3.007965872249772,3.4593726210579243,3.282283452325363
2017-05-08,2.382548792365945,2.2786251802257174,3.094648130305625,3.008040935198328,3.4611847147363557,3.2839422971444243
2017-05-09,2.380361769457857,2.2772942884112326,3.085679436221094,2.999293409669388,3.469648386189352,3.2919119233071195
2017-05-10,2.3846367223407374,2.278691570672342,3.093093078043612,3.0064695989793013,3.487650175134987,3.308930605291051
2017-05-11,2.379765118345408,2.2758984702753358,3.090911331315169,3.0043190726797357,3.4860765466796555,3.307376697762226
2017-05-12,2.3757883165593627,2.2804919394697807,3.0869531410868296,3.00044192981464,3.4888605467440024,3.3099570222309826
2017-05-15,2.3889116752236177,2.2855705375384994,3.104040374176121,3.0170202900925003,3.5118218878678253,3.331679575291572
2017-05-16,2.3867243033967505,2.2877133854433156,3.100259258078847,3.013315205674251,3.5283982043879676,3.3473439400442797
2017-05-17,2.344374809948311,2.2766873484678105,3.060488101803772,2.974629811505947,3.438750258897572,3.2622360534517885
2017-05-18,2.353818645626408,2.283223963720263,3.0674094981607016,2.9813273847533717,3.464556853188837,3.2866574358250378
2017-05-19,2.369128503820582,2.294280498113726,3.0898736892521588,3.0031312844250113,3.4922409024112886,3.312858935329685
2017-05-22,2.381157129815066,2.298747771119011,3.1043404879625767,3.017161946798816,3.5166384573694662,3.3359418453168153
2017-05-23,2.386426152299916,2.295613611504128,3.1122756688360163,3.024844201136367,3.520228200167659,3.339285630059908
2017-05-24,2.3919933258816006,2.303996842327354,3.11784433858843,3.0302262952287924,3.5308718784574618,3.3493205247694693
2017-05-25,2.403425824141804,2.3109033952376037,3.12463449702804,3.0367954324198996,3.547866082125488,3.365378930038661
2017-05-26,2.4029291382595988,2.3121916709199093,3.1275602968498797,3.039608751410138,3.5527328029239214,3.3699332578179937
2017-05-30,2.400841382744196,2.315555356784874,3.12076918066958,3.0329784458747517,3.5562296899663823,3.3731880892242057
2017-05-31,2.400245080550526,2.3175240875996144,3.1211007358997156,3.0332705057582734,3.552831361172791,3.369902605741808
2017-06-01,2.419332333448428,2.3286787064687626,3.14400824677859,3.055502991812788,3.56764680123863,3.383892899331234
2017-06-02,2.4273846810350355,2.3443584365894434,3.148691815563087,3.06002428160215,3.5902705732317757,3.405288698873226
2017-06-05,2.425595774454026,2.3374990341818234,3.1471175726849956,3.058463950694157,3.5929332297581085,3.407751400933124
2017-06-06,2.417841752423643,2.3381085075090438,3.1452677281852566,3.0566358152009907,3.591586033432498,3.4064108984205297
2017-06-07,2.4223148911731145,2.3362330664305415,3.1450232387335624,3.056367817279631,3.602489127628866,3.416688919692838
2017-06-08,2.4235076700198435,2.3344546017204513,3.1420712632901644,3.053468686197591,3.6183304562382803,3.4316500174023647
2017-06-09,2.419829542708802,2.3309051534429175,3.1520934738842867,3.0631778168987585,3.552051795417288,3.3687288225814895
2017-06-12,2.419332333448428,2.330318158648823,3.1534110736334395,3.0644277709966237,3.5402627531785122,3.357486377724279
2017-06-13,2.4311622501981516,2.3373047449256736,3.1665133583815357,3.077129729481973,3.5629319037372693,3.378922932199392
2017-06-14,2.4280804250807795,2.3499586927396026,3.163191749503485,3.0738713101001722,3.5437524119474526,3.3606720735409326
2017-06-15,2.4234077047895997,2.3457567136031767,3.1592584158440506,3.07001850990166,3.526345343169607,3.3441027096705462
2017-06-16,2.423937886874609,2.3479248844728495,3.164735492855819,3.075310288894953,3.5250002066426327,3.3427655210281695
2017-06-19,2.444117081092048,2.3583150921976244,3.1794487476627906,3.0895770662994804,3.56827494974669,3.3837407320776713
2017-06-20,2.4276331112058323,2.357220433253425,3.1617881793482487,3.072385141938223,3.5360168142485042,3.353089074661055
2017-06-21,2.427033843202539,2.358796711788868,3.152924981406051,3.063742089272729,3.553020173968457,3.3691507492959856
2017-06-22,2.4259352724261967,2.3602273356855874,3.149388037755182,3.060274753870019,3.548341755834074,3.3646524678096377
2017-06-23,2.428832345049977,2.36147560593685,3.153637474109951,3.064373472931929,3.5611044098460356,3.376692235232427
2017-06-26,2.430430741977538,2.365956226344276,3.1557111128319484,3.066357919710133,3.5505244877489455,3.366598187379915
2017-06-27,2.4108504668446127,2.3444111006028003,3.135079851105067,3.046280529422759,3.492746668313197,3.3117524096210036
2017-06-28,2.432429348744852,2.353897521405789,3.1531183807029883,3.0637776563688384,3.533728259233497,3.3505486204702506
2017-06-29,2.4110509206832687,2.333592889288275,3.1330358178784348,3.044233837221564,3.482683407297309,3.3020889860614804
2017-06-30,2.415546564693999,2.33404533894247,3.136900748289764,3.0479589066012243,3.4816607471438754,3.3010585549055618
2017-07-03,2.419641649946197,2.3334138937618967,3.146965860860816,3.0577082275018457,3.461676417986054,3.2820504104957333
2017-07-05,2.425236737030218,2.336876123250442,3.145192240682882,3.0559545187114208,3.49481082604823,3.3134044493763692
2017-07-06,2.4030587615860752,2.31631970393032,3.121393927442431,3.032801265167665,3.4706748106696845,3.2904606648417443
2017-07-07,2.418642869940709,2.3197795291116345,3.132590182805384,3.04364947233839,3.5029874403641617,3.321034298298943
2017-07-10,2.421240221333148,2.3226352623168314,3.1339548889577564,3.044945147222071,3.523481263085751,3.3404020995529353
2017-07-11,2.4194424173232685,2.3231884104586267,3.1313597128458905,3.042393419541252,3.5332580413908365,3.3496091837740734
2017-07-12,2.437623702610951,2.3400790216894096,3.151253563595794,3.0616916072700753,3.570431222436924,3.384787863790538
2017-07-13,2.441719660160097,2.336548366348814,3.1547853283083653,3.065092510675427,3.571711252592236,3.3859389748233624
2017-07-14,2.45310802019473,2.3442251358545882,3.170682016160321,3.0805066061220705,3.5998682223573772,3.4125685860001442
2017-07-17,2.452808124503999,2.346638460685975,3.1701747807451834,3.0799831637547532,3.5973112803511715,3.410081871547279
2017-07-18,2.454107498037777,2.355581128038608,3.171030423176746,3.08078382223543,3.6094613007361005,3.42153649927203
2017-07-19,2.467393452853144,2.3636105878007743,3.1869965389754857,3.0962647521803426,3.6309034589678686,3.441798888982351
2017-07-20,2.468492372548266,2.366969385892345,3.190247036711012,3.099391884333023,3.633872170441256,3.444549540226267
2017-07-21,2.4662950565361914,2.3697149534379163,3.1892662592826313,3.098408222324312,3.6274129357553373,3.4383634979394433
2017-07-24,2.4656952651547295,2.3656733903232365,3.184915549549666,3.094150684809397,3.628251422522367,3.4390949419438974
2017-07-25,2.4716888174846083,2.356803988670094,3.1913167545515604,3.100338630604001,3.624310647602709,3.4352963432250587
2017-07-26,2.471788782714852,2.3583867084273455,3.1949087989191485,3.1037974031232007,3.6414593576679666,3.4514871455882536
2017-07-27,2.469491327013144,2.3524227365470467,3.1949878195477397,3.1038433000367145,3.6170019359912824,3.4282425057515282
2017-07-28,2.466594603308143,2.3563442921848305,3.1940444475411782,3.10289597912078,3.612108519759952,3.423541403837871
2017-07-31,2.4651961368410698,2.356683850946224,3.196487956263977,3.1052388733083522,3.6032330881832437,3.4150664058952453
2017-08-01,2.470690560857289,2.3664537741548073,3.20134971870995,3.1099309178559467,3.6133892047626306,3.4246290765683978
2017-08-02,2.4718889224044855,2.3676738671980946,3.2037931216355755,3.1122735920839784,3.613623467154446,3.424788021372425
2017-08-03,2.467093906081193,2.374714672110331,3.2000649599689996,3.1086210113067025,3.6058347722371265,3.4173433938575366
2017-08-04,2.471589201173144,2.3692448321842803,3.2009155791694814,3.109416397848519,3.613333063426689,3.424386646889571
2017-08-07,2.4761842870359496,2.3729496168598745,3.20493302316594,3.113288037775932,3.639385741342385,3.449013466427603
2017-08-08,2.470090769475827,2.366030571428819,3.1993409522365863,3.107824962154273,3.6317579892139524,3.4417213218193807
2017-08-09,2.4699902808674143,2.37113731662653,3.200440875089155,3.108862501961838,3.6295404039870007,3.4395564228003117
2017-08-10,2.4351257930705867,2.359155050305277,3.169237785329128,3.0785216483660696,3.560192643782561,3.3737764483585893
2017-08-11,2.438722273387293,2.3616937996788736,3.167594197431708,3.0768945042612876,3.577459604013072,3.3900768480813657
2017-08-14,2.462898157761192,2.37088401660003,3.1900504121890876,3.0986768974202006,3.625370424662002,3.435414885588558
2017-08-15,2.462598262070461,2.3667151096833967,3.191918565488263,3.1004607040896905,3.6294627685504284,3.439229460387525
2017-08-16,2.4668943245394837,2.3726688274305814,3.194923946544135,3.103349106818131,3.6356688321007886,3.44504678856227
2017-08-17,2.428432833047781,2.3575703097387395,3.1535407804667317,3.0631216248202606,3.567326229952333,3.380225203707814
2017-08-18,2.4246369456487558,2.355135718870475,3.152858558714066,3.062428505583939,3.5674119681945897,3.380244185605993
2017-08-21,2.4265347148888785,2.358548411818485,3.155606556757933,3.0650672011834357,3.5627691597201196,3.3757827893247825
2017-08-22,2.4519091352693643,2.369704433522009,3.1800314887118435,3.088760622891506,3.6060537442198775,3.416732718496848
2017-08-23,2.4431181266271693,2.3710533858648604,3.1728596354075136,3.0817639600796563,3.5990219981220237,3.410007337621329
2017-08-24,2.437424295528632,2.364236529670642,3.165957920310495,3.075029815820829,3.5930692030817815,3.4043044708373937
2017-08-25,2.4431181266271698,2.371203907609866,3.174574176604132,3.0833679417680857,3.5922282945071906,3.403445053232325
2017-08-28,2.4432182663168027,2.370666003519339,3.174655231216276,3.083416000599018,3.5979716911769093,3.408823829892281
2017-08-29,2.446014850332171,2.375350466234111,3.178763836207847,3.08737581830254,3.6075780105032975,3.4178621859934877
2017-08-30,2.4576036642054606,2.381804191590922,3.1864643732598994,3.0948241878810214,3.6394050329323573,3.4479519778647263
2017-08-31,2.4723885740963136,2.393239212403058,3.202517890768454,3.1103850836790587,3.6656270741264008,3.4727306300935226
2017-09-01,2.4758850891827766,2.3879471202602174,3.2086779401106327,3.11633692090002,3.6709303142646275,3.4776907432761086
2017-09-05,2.45810296697851,2.392803820450789,3.195048599796534,3.103068950372361,3.6347196440733507,3.4433227991904376
2017-09-06,2.46649428915912,2.3918328335936865,3.2051760088341186,3.112873849641413,3.643743006097815,3.451807431972162
2017-09-07,2.466194393468389,2.4014522535871747,3.2111574503759543,3.1186520210473514,3.648314440383518,3.4560744079976686
2017-09-08,2.4632978442227778,2.3976791910393906,3.2101506944212077,3.1176432597366386,3.6281041961045326,3.4368657964022593
2017-09-11,2.4895712538378976,2.4015744324201127,3.2395090609666592,3.1461243107096077,3.675518946235662,3.481717173132057
2017-09-12,2.4979625760185074,2.401381586033897,3.2456130693426646,3.1520210105280815,3.6884126129544192,3.493866633794608
2017-09-13,2.4991611120250936,2.3982846425015465,3.245888376721779,3.1522570272677615,3.688919774344943,3.494282684934316
2017-09-14,2.498361215723755,2.4017740155319816,3.251849686339447,3.158014967104748,3.687646497935186,3.4930122533963734
2017-09-15,2.501725490592897,2.404093626173702,3.2570452476008622,3.163029147416481,3.7089236091752324,3.5131016506384616
2017-09-18,2.5070459785976795,2.4016274087844622,3.26154236454631,3.167364951021223,3.7268270925237084,3.529994856811845
2017-09-19,2.509555402457757,2.400708563415641,3.2636931772468336,3.169422136291539,3.736719619335741,3.539299721098783
2017-09-20,2.51045962547408,2.4019145838301474,3.26241152146616,3.1681459910767975,3.719560767216327,3.522982523922799
2017-09-21,2.5037333437078604,2.397519370415367,3.2547376965658708,3.1606624616518793,3.708061021931955,3.5120258517590512
2017-09-22,2.5042354378311438,2.400551169898439,3.253591142228644,3.1595176234696845,3.7114800628139637,3.5151993919946216
2017-09-25,2.4991154036650167,2.4036172526357285,3.261835236513333,3.167491846812559,3.6765613800382044,3.482063239930384
2017-09-26,2.500620813737918,2.402745068859548,3.260869854353801,3.1665228931655482,3.6806825666739154,3.4859022012012906
2017-09-27,2.510359311325057,2.3938776084569215,3.2621801420120904,3.1677637642146292,3.721067383824015,3.5240849598550437
2017-09-28,2.5133715271459764,2.392763491746269,3.2658088554222946,3.17125591207325,3.729333916794305,3.5318488348972767
2017-09-29,2.5222058017167934,2.3999621322004074,3.2733208499035764,3.1785188034876426,3.752456820903061,3.5536818227681923
2017-10-02,2.533148592470376,2.4044514465399036,3.284146208434309,3.188998920390109,3.766247244369797,3.5666760471340653
2017-10-03,2.5385702669211296,2.408468358628609,3.287431009410726,3.192156806529699,3.7754956186632076,3.575368502161095
2017-10-04,2.541581610445101,2.4102597910712187,3.293118319450635,3.197647487433921,3.777713654059305,3.57740307559795
2017-10-05,2.556641119415192,2.415186645708691,3.306214731079323,3.2103322914897796,3.7992532230924465,3.597734258939329
2017-10-06,2.553729741121464,2.4108084884939305,3.298883512257155,3.203181824687458,3.805330751212166,3.6034230543024623
2017-10-09,2.5495127087559326,2.4114630476443164,3.2957842208769224,3.200140616777403,3.811717206648727,3.609404169390585
2017-10-10,2.5562393394409315,2.4168362669088665,3.309095036462783,3.213033196501404,3.8232095462124263,3.620219854975756
2017-10-11,2.560255394589638,2.420982573533816,3.31474883415199,3.2184908559826386,3.8362476766737754,3.632498832557612
2017-10-12,2.556439967738977,2.4229434439654116,3.3148180783631576,3.2185260785477823,3.8294227881387646,3.625969638619071
2017-10-13,2.55955249770892,2.4316939513078473,3.313819626446171,3.2175246297326425,3.8434022849491414,3.6391393916733388
2017-10-16,2.562965970125931,2.4329442230376297,3.315999390708942,3.2196090314591936,3.8567261821196843,3.65168791290539
2017-10-17,2.5647728460240695,2.435211510408612,3.3188330979090654,3.222328319039641,3.8554999853645984,3.650459668944535
2017-10-18,2.5672826188029267,2.4302199207197663,3.318024875837387,3.2215115578527262,3.8606928513496412,3.6553090459952924
2017-10-19,2.5679855156836453,2.4323295177006625,3.322922950794522,3.2262350721419106,3.855599812485503,3.6504197143662824
2017-10-20,2.58123727645865,2.4295344922375577,3.3357734579274165,3.23867945373101,3.8751032670653687,3.668817695955051
2017-10-23,2.571197836424442,2.425588915607485,3.3270969332168274,3.2302233485232414,3.8672679208071408,3.661332016375787
2017-10-24,2.5757156367776526,2.4221308516114153,3.33020015595184,3.2332040592907365,3.8807985705561086,3.674074473970431
2017-10-25,2.5629659701259313,2.410306063488025,3.3135443535026057,3.217001381500805,3.8534693249713188,3.64813382107852
2017-10-26,2.5662791283939197,2.408957300746394,3.31408954172537,3.2174986845700855,3.8593983795082094,3.6536796449188307
2017-10-27,2.5872615336411,2.4271504749730384,3.326454930987083,3.229471558449241,3.9281510172881773,3.718699045687301
2017-10-30,2.5776233502029835,2.431021049383834,3.316531667231697,3.2198055856074586,3.9281235016220735,3.7186045055414105
2017-10-31,2.581638881973521,2.4336062093340907,3.3197656217466185,3.222913167913437,3.943577667289892,3.7331656141591685
2017-11-01,2.585052005471753,2.4398707587439925,3.3259814684677167,3.2289155563302887,3.941974564092744,3.7315793149216696
2017-11-02,2.586056542637098,2.4447425820357367,3.330313386568986,3.233088895441148,3.9507803226886957,3.739846200347303
2017-11-03,2.5946907122880383,2.452293348280031,3.3376757578992473,3.2402041047531407,3.976668339983317,3.7642827105831946
2017-11-06,2.598706244058576,2.4582400004129767,3.3421700380712394,3.244534866909538,3.997265511414086,3.7837101389047327
2017-11-07,2.596899019241658,2.461346870287437,3.347142916471222,3.2493301548661915,3.9920179684983528,3.7786733498670775
2017-11-08,2.601316505445846,2.46168216179032,3.351345994019601,3.2533780494049545,4.000806960159742,3.7869228832358637
2017-11-09,2.5918796481433333,2.4535183745760967,3.3430101410958146,3.245253596942858,3.964669960937149,3.7526486577707936
2017-11-10,2.5910764371135917,2.4382634824190794,3.3381396298422916,3.240493280207079,3.968357373116779,3.7560696940531506
2017-11-13,2.5934860702028155,2.441667480227521,3.3432285028548963,3.2454010167590854,3.9757497410477054,3.7629972972232344
2017-11-14,2.5874623363985347,2.4448613941814523,3.339280318583683,3.2415361221195154,3.9702021394930473,3.757677350581789
2017-11-15,2.5745113436112095,2.4481424268529244,3.319208773309529,3.2220200461888537,3.947051826853049,3.735697466945029
2017-11-16,2.596396750658985,2.4521176969311185,3.3376289943269684,3.239868687290586,4.0002309682563135,3.7859592714145
2017-11-17,2.5887672926327805,2.455065119580972,3.3293322994219086,3.2317828627552045,3.973631070639265,3.760714925572536
2017-11-20,2.5931846043775786,2.457190027878159,3.328335552691642,3.230783187954602,3.989013745569629,3.7752038278508895
2017-11-21,2.610150954476052,2.469947607447466,3.345702276939926,3.247608599425381,4.023389782763801,3.8076671879075086
2017-11-22,2.60784215891402,2.4718328229584143,3.345661175178127,3.2475364033649337,4.015831194099961,3.80044387003496
2017-11-24,2.6138653693401315,2.47253679615201,3.3503797536087827,3.2520842461789425,4.032746879869229,3.8163819979401357
2017-11-27,2.612560413105886,2.4703922070024107,3.3494274905179107,3.251127586078802,4.015106681577614,3.799618247533757
2017-11-28,2.6390646324934535,2.4867564360983905,3.3823779142509958,3.283078318991917,4.036703932739429,3.8199860278753994
2017-11-29,2.6374582104339708,2.4760414082110325,3.390592990159138,3.291019485473942,3.966464535022406,3.753448428516397
2017-11-30,2.660548957404527,2.485734313444958,3.420493426815171,3.3200087985487046,3.9967164992824,3.7820060735289283
2017-12-01,2.6550264454265817,2.4960566196181238,3.4165734704397464,3.3161710176397734,3.9779296570759892,3.7641591618315364
2017-12-04,2.6518153459015124,2.4947178982610723,3.415410449380346,3.3150092037014716,3.9399103070522905,3.728114271964005
2017-12-05,2.6422774766124184,2.4942996920552187,3.3985593343786684,3.298620645707243,3.933291710761711,3.721782918481417
2017-12-06,2.6427790473575326,2.498034379202028,3.398510932576546,3.2985408605633824,3.9427643369019894,3.730677449707708
2017-12-07,2.6511115767238453,2.494934003519802,3.4028471379550407,3.302716664608881,3.962606882491144,3.7493835780749682
2017-12-08,2.6655688518810203,2.503175742861934,3.422010850532668,3.321283442543057,3.970891494500038,3.7571532030197927
2017-12-11,2.673599740962706,2.5056463500063,3.4313664044832364,3.330330491517261,3.9906594909757596,3.7757876170404203
2017-12-12,2.678318692992131,2.507903355017317,3.4292806880664295,3.328273086247159,3.9808073434575557,3.7663965737005407
2017-12-13,2.678017576085673,2.5152749752539485,3.431714043023436,3.3306016425295155,3.9813557773971304,3.76684608818991
2017-12-14,2.667074610872701,2.5133750956947996,3.415561238629385,3.314891796865314,3.97309789935358,3.7589638976672255
2017-12-15,2.6892846868445313,2.5297070010919054,3.4403323862917787,3.3388996375422293,4.01857480934943,3.80191975887906
2017-12-18,2.706337917719028,2.5301079441276992,3.451098655927279,3.349315169132141,4.058774938017876,3.8398818363377747
2017-12-19,2.6959439762051423,2.5111474856149583,3.438608094691126,3.3371598021149214,4.044041541046636,3.8258725563282994
2017-12-20,2.6945315529869003,2.4992362134440276,3.4402225155461967,3.3386933871594278,4.050306627731565,3.831729077281947
2017-12-21,2.7000818040077927,2.5081511991710816,3.446871156319574,3.3451125409222073,4.041553145162478,3.8233775609371006
2017-12-22,2.699375417939282,2.5091261709214305,3.4471471588991904,3.345347123166317,4.0401314545777085,3.821962222278832
2017-12-26,2.696146349097084,2.5103016395652813,3.446828018556569,3.3450041388038643,4.017432452042631,3.8004189793217495
2017-12-27,2.697458283706913,2.5241137976167947,3.450719283810925,3.3487471449154613,4.023846691614283,3.8064166257935006
2017-12-28,2.7030071390526893,2.5263530067590634,3.458383259136654,3.3561512626179573,4.034076718629907,3.816023583498085
2017-12-29,2.6928157448901353,2.5222332365978577,3.448687904023262,3.346709222606177,4.010198121784374,3.7933658229935454
2018-01-02,2.712088971497356,2.522169343414478,3.465189192005767,3.362689118152788,4.070297382546271,3.850144589017519
2018-01-03,2.729243563277213,2.536565404768644,3.48145950824409,3.3784445581199756,4.106757271443301,3.8845609001171253
2018-01-04,2.740747415427766,2.542819178461126,3.4934972382198373,3.390092379425189,4.124289249445759,3.9010724568534756
2018-01-05,2.759011568925511,2.5500814710578354,3.508703301140891,3.4048144908279703,4.153386718642989,3.9285227405990097
2018-01-08,2.7640574578510555,2.552231123285684,3.518540398464181,3.4143263643832276,4.17026064704355,3.9444104653809275
2018-01-09,2.7703133971029,2.5420449697784377,3.5223716344483615,3.4180101298733523,4.161729704319961,3.9362690350165086
2018-01-10,2.766075429610616,2.5384810254875467,3.516080498787414,3.4118714553715557,4.143648739011802,3.9190954170910746
2018-01-11,2.78625689180012,2.553776817161552,3.536406066683627,3.43156048762611,4.167011516025746,3.941119524433264
2018-01-12,2.804419684392504,2.5654907460987944,3.555811202715175,3.4503559934172254,4.1940727712973835,3.9666407399883634
2018-01-16,2.7948329664743214,2.564514452871404,3.545973548333946,3.4407758744842525,4.18975411952689,3.962483292244682
2018-01-17,2.8214725663482225,2.5777857200201244,3.575533766018771,3.469424628989959,4.253576339244222,4.02276941804323
2018-01-18,2.8167305856793696,2.5656081304221856,3.564353178383542,3.458541443477603,4.25951971779498,4.028316101776616
2018-01-19,2.829545674602193,2.5672190745123795,3.5760555625420585,3.4698619189417257,4.271104282324928,4.0391974680916665
2018-01-22,2.8525519832281807,2.580744905157821,3.6031261229825144,3.4960938273720217,4.308906515135866,4.074872111282775
2018-01-23,2.8586074686413694,2.588473663607513,3.606853100323183,3.4996752862685314,4.331347565892275,4.096018853342054
2018-01-24,2.857497209085923,2.582263201026962,3.606142102952759,3.4989506163279005,4.2981300487551115,4.064531231386087
2018-01-25,2.8587079572497816,2.5913978281485823,3.6118598329327414,3.504463533786513,4.277377308090249,4.044831879903503
2018-01-26,2.891805869267469,2.605556214013909,3.6449710743411745,3.5365550601043654,4.35297063976215,4.11623966187082
2018-01-29,2.87263348018744,2.587938883649294,3.6170887928742954,3.509467204688769,4.331018530737176,4.0954059596081285
2018-01-30,2.843167987120718,2.5659385733730615,3.5789574023073745,3.472435825929506,4.278944473134048,4.0460902693386345
2018-01-31,2.8445809337171286,2.572760719736267,3.583082928981259,3.4764039876758397,4.301851894094472,4.0676761792664236
2018-02-01,2.8413518648749303,2.556093631244659,3.5832375660000313,3.476519443899444,4.2876997652374556,4.054219762829424
2018-02-02,2.779495892615369,2.5132189409872328,3.5059949740251586,3.401543505850636,4.187016490289715,3.958946120163492
2018-02-05,2.6632501121337806,2.4596529353853867,3.3744676864020273,3.273902150062354,4.015724781131004,3.7969148829324864
2018-02-06,2.71572226274527,2.4826168357315095,3.4097099328794807,3.308061209419971,4.1155250915801105,3.8912055763553672
2018-02-07,2.700989516211909,2.4650984361942525,3.3916420815732558,3.290499262014279,4.060246162116352,3.8388689560777807
2018-02-08,2.5996786806962335,2.4085417742193833,3.2895822542031588,3.1914512390864425,3.9051502355479166,3.692161335577958
2018-02-09,2.63873036830297,2.4241626196088317,3.330052665440961,3.230682252053445,3.9807265363583766,3.7635463467143464
2018-02-12,2.6774786710311833,2.449795985532275,3.3723814227100584,3.2717153584827083,4.049080246216567,3.8281003114282575
2018-02-13,2.684138483769964,2.4578367277876003,3.380041027773515,3.27911370981191,4.058036316526285,3.8364969380936067
2018-02-14,2.7203642781838795,2.466833485606756,3.414460733273271,3.3124727048884006,4.131169998013198,3.9055661152821983
2018-02-15,2.7550764629335815,2.4890734648797896,3.4551059949048675,3.3518705782741236,4.18992303882529,3.961037685809493
2018-02-16,2.7558826397729463,2.494907550431123,3.461585134579223,3.3581227279186856,4.1819423373548,3.9534201341211146
2018-02-20,2.738628257222235,2.4811636400088712,3.4290520107110725,3.3265288930059085,4.197436506663764,3.967994539619831
2018-02-21,2.7250062936224886,2.4615828483855755,3.404592563338503,3.302767894915663,4.173160234663583,3.944972605961442
2018-02-22,2.7285377005868727,2.466448724776621,3.413157063245184,3.3110433164708057,4.170047051465604,3.941957045558373
2018-02-23,2.7720285073621076,2.498799866014324,3.467564498269289,3.36378955156374,4.248712474276724,4.01624571417949
2018-02-26,2.804217485959953,2.516548168227322,3.4993182447013504,3.394559231515897,4.310880315715057,4.074937009954191
2018-02-27,2.769203486466234,2.4962469265405685,3.4572735602268785,3.3537398821807916,4.2706112228994915,4.036797574715959
2018-02-28,2.741151637833481,2.4874214027674655,3.4699845180874465,3.3660367117858816,4.280656598320821,4.046218445442438
2018-03-01,2.701292552171653,2.472511439778653,3.4847531946419728,3.380329353714806,4.296161748454206,4.060799632667856
2018-03-02,2.715217551731143,2.472118496813323,3.4704544163106514,3.366425569630812,4.2812762189032005,4.046655062212101
2018-03-05,2.7466005279490138,2.4865891258643256,3.463274443084161,3.3594274079686275,4.277636735891515,4.043140559858615
2018-03-06,2.7535619809724214,2.4912972113797807,3.47225678562258,3.3681069144733433,4.286268484005333,4.051224505305976
2018-03-07,2.752553431241115,2.489653461933885,3.4659012797084867,3.361908604198944,4.27717814146869,4.042558186951941
2018-03-08,2.7658728822592864,2.5026197989400885,3.4763738158730817,3.3720333794327044,4.291071984325606,4.055615199257442
2018-03-09,2.8140058789325204,2.5221725912377546,3.463370342066975,3.3593867821406294,4.27952891777262,4.044631019405293
2018-03-12,2.8104742975087467,2.5260913135711185,3.475803247311007,3.371412872821713,4.293749227921755,4.057996052053423
2018-03-13,2.792310283700635,2.5214080846856874,3.487660226248182,3.3828801002594395,4.306971775379524,4.070417628977108
2018-03-14,2.777982108491768,2.522530291758873,3.50462412615303,3.399300543227072,4.325935247384759,4.088264259660312
2018-03-15,2.774954714703953,2.5208808874999677,3.499753237637289,3.394542276826484,4.319259644768744,4.08188023830645
2018-03-16,2.777964313634029,2.5189149703950573,3.4905839746223597,3.3856149911321802,4.310619040619019,4.073639476653161
2018-03-19,2.740376689224857,2.4952700580109015,3.485538939390232,3.380688046730506,4.3011366956123345,4.064603566315501
2018-03-20,2.7450375462775436,2.4938051258073526,3.47336362769386,3.3688454830633936,4.287272858393527,4.05142752363138
2018-03-21,2.7397700939272003,2.4920237944718067,3.4881024765018602,3.3831071725160675,4.304414769637698,4.067551529757557
2018-03-22,2.6712832691875326,2.4645248809832565,3.5069295302516563,3.401333684479399,4.322274523397723,4.084353269155801
2018-03-23,2.6143456560397142,2.4322691223388655,3.516128756642271,3.410221998985098,4.328238131427596,4.089913277462575
2018-03-26,2.6858719122650796,2.468471767484356,3.5102155561404125,3.4044530456592943,4.326654345449701,4.0883413974681515
2018-03-27,2.6401799513711985,2.4538331143404695,3.5306214437102894,3.4242100489529115,4.350008720529349,4.110333702351722
2018-03-28,2.6323789997650118,2.452079289208125,3.5253371427585964,3.419051009308383,4.343867979248518,4.104455702656269
2018-03-29,2.6660140722432932,2.475648310139035,3.5364033664846097,3.429749483489819,4.359763031247428,4.11939882516826
2018-04-02,2.6084693404196497,2.4455405897739717,3.5104298737368334,3.4045254608355333,4.326758999536151,4.088139087025816
2018-04-03,2.6419018655465996,2.456802801433794,3.5179601049680493,3.4117945832117735,4.337517661185651,4.098228926788548
2018-04-04,2.6701686481473463,2.470543174845047,3.535012853038121,3.428298613721545,4.358066265105654,4.117568081621764
2018-04-05,2.6912412488989523,2.4748720619446556,3.530955774748745,3.424329951946666,4.354545309551789,4.1141656512899925
2018-04-06,2.631264378724826,2.4526050411988978,3.5197947731745396,3.4134720343025853,4.339625793118195,4.099994205852077
2018-04-09,2.644232817451112,2.4614780014559314,3.5291771505215945,3.4225369574865288,4.351354498160503,4.110999539672703
2018-04-10,2.686276658048963,2.4831749839976185,3.534209424364911,3.427383084375435,4.360010309896167,4.119101363703565
2018-04-11,2.6721948194982184,2.4788920141209725,3.5338597468124924,3.427009891925141,4.36039624568847,4.119390101355461
2018-04-12,2.69417931947929,2.483866232896355,3.516689614929924,3.4103249980599655,4.339575961069886,4.099645077616306
2018-04-13,2.6862766580489637,2.481800589703622,3.528751054342878,3.421987596782061,4.35504729822411,4.1141852420728595
2018-04-16,2.708362867854175,2.4943726005089446,3.548359984621525,3.4409690295759194,4.379609237321876,4.137312544688887
2018-04-17,2.7373379555767174,2.513106375295289,3.5633237573789445,3.4554455572266685,4.398052324551368,4.154658766804433
2018-04-18,2.7393646503057583,2.506182153017722,3.548220991098986,3.4407657999529495,4.380974336345704,4.138449670597321
2018-04-19,2.7241676673366584,2.4896737488092398,3.5164088059432084,3.4098831087394785,4.342489814457927,4.102020044860261
2018-04-20,2.7010687207747908,2.4698294737614246,3.4873888964185698,3.3817086913001044,4.306922808299095,4.0683476642447625
2018-04-23,2.700662230397011,2.4698566536162834,3.4862347074236713,3.3805558559498676,4.305992969933358,4.0673944169260485
2018-04-24,2.6642921580678927,2.4453972522095686,3.479204494102191,3.373705196508134,4.29664380878845,4.058488548523976
2018-04-25,2.670877651106702,2.44247259343363,3.473764532431933,3.368396688398666,4.290652634359845,4.05275480791895
2018-04-26,2.698028242532756,2.4642073860840035,3.4967329127146782,3.3906346584693,4.3196279258101375,4.080048397895991
2018-04-27,2.700561916247989,2.473198839150274,3.517255538955128,3.4105006647442555,4.34371595755787,4.102724868504793
2018-04-30,2.6797933982124644,2.4635343267820264,3.50245244752251,3.396113096009291,4.325749169684628,4.0856796325088425
2018-05-01,2.684555092792343,2.462611592180693,3.488815505607657,3.382856545468606,4.308737206823754,4.069536840729739
2018-05-02,2.6665208767700976,2.4516043501999767,3.4678404468869033,3.362485078493165,4.283606761187643,4.045726999778924
2018-05-03,2.6606447356094227,2.452756983698736,3.4682458731984736,3.3628447414671654,4.283922809013472,4.045950975739184
2018-05-04,2.6950903464118086,2.473295932288328,3.4859113787021725,3.379939770221462,4.305728140468063,4.0664701225851685
2018-05-07,2.704209164247071,2.4767370908445874,3.4768160165692854,3.3710873786550204,4.294797200120712,4.056071878592911
2018-05-08,2.704209164247071,2.475819900585443,3.4540015551165153,3.348933388351967,4.267715478578597,4.030421253481718
2018-05-09,2.7303482401321952,2.4842545554632807,3.4470257968961024,3.3421365872761446,4.260797457269672,4.023813775967645
2018-05-10,2.7558775804506497,2.506193091149646,3.4765697130916813,3.3707479897331045,4.29723458149804,4.058149537772738
2018-05-11,2.7642865230296096,2.5133101166912857,3.4877602959376612,3.381564315130736,4.310930497385802,4.071008472177664
2018-05-14,2.7656040403399063,2.508716669439848,3.482018599388192,3.3759638661478273,4.30448943511062,4.0648510139970435
2018-05-15,2.746557087561004,2.4869277854685974,3.449015676788012,3.3439328828643666,4.264436374214046,4.0269536057275594
2018-05-16,2.7581071714498013,2.489384730934371,3.4468702806319382,3.341819614412332,4.262095897311073,4.024669339022689
2018-05-17,2.7557765684640683,2.4830929215479167,3.439926658538025,3.335054444084602,4.254806256414555,4.017711777915503
2018-05-18,2.7488868182497885,2.4879149512541923,3.4474748184220605,3.3423392427738605,4.263390130258953,4.02574317595821
2018-05-21,2.7695544987581213,2.4996473912673545,3.454392467287134,3.349012619606003,4.272569397712626,4.034336472022754
2018-05-22,2.761854559138516,2.4939431049229186,3.4526210454040926,3.3472619455714048,4.269406298657858,4.031275492656933
2018-05-23,2.7694536612309295,2.5053022123669977,3.4708126211136965,3.3648649265672392,4.291491653406242,4.052054379259365
2018-05-24,2.7637802418809754,2.510210054396862,3.4840413077673027,3.3776562096979443,4.306302585434172,4.06596406825057
2018-05-25,2.757194574382777,2.5128712375502706,3.4930867061870545,3.3863917267427586,4.315293595469824,4.074378237641134
2018-05-29,2.7254846612687866,2.517546471208176,3.5105618559516136,3.403299256270175,4.3362614768752925,4.094100110836331
2018-05-30,2.761854559138516,2.530948189907079,3.5246842646390166,3.4169561809007365,4.3557289989128884,4.112404711438436
2018-05-31,2.7449365342909626,2.5199790573498078,3.5072832481661664,3.400053191011245,4.334021112683411,4.091834127828517
2018-06-01,2.771884752825075,2.5294966619390373,3.496765223039547,3.389823024594674,4.321619926198452,4.080050776053833
2018-06-04,2.785056087821472,2.5293911647326013,3.4905839972611203,3.383797185756207,4.313452374284617,4.072264766942912
2018-06-05,2.7870831314692923,2.532867966499801,3.4884486727842736,3.381693553203758,4.310678207946649,4.069570762749228
2018-06-06,2.8103841020043228,2.5373634976057677,3.4728726007311455,3.3665606641446915,4.292138475836404,4.0519933738766385
2018-06-07,2.8100798448288518,2.5470283112500876,3.4917389448324507,3.384815805033304,4.316197342554449,4.074631098097033
2018-06-08,2.8183870775836724,2.548486970818844,3.499143653963096,3.3919600332650814,4.325038226980097,4.082901979910145
2018-06-11,2.822134639731777,2.548643937927189,3.502362123426649,3.3950461500699443,4.329345668239092,4.086892995075426
2018-06-12,2.8257827600278067,2.550877162825389,3.5086306031936956,3.401088730601598,4.336368819258854,4.093447438793208
2018-06-13,2.816766524313632,2.545480599137326,3.5053936376776784,3.3979171852094283,4.3321477949134675,4.089387553328958
2018-06-14,2.8238581240416845,2.557776841654491,3.526182095008801,3.4180342669000296,4.357271466692533,4.1130276154209415
2018-06-15,2.8202562354839,2.5567545678949872,3.5344521646035436,3.4260166193709622,4.365644677232079,4.1208555708570165
2018-06-18,2.814455111860755,2.5526651028681844,3.520913718238799,3.412859583350876,4.349994410830988,4.1060072143878195
2018-06-19,2.8036681133420895,2.552737848408764,3.5369659531018622,3.42838508940786,4.369298258791621,4.124152365947245
2018-06-20,2.8084512664268892,2.5464031205812403,3.528219659124611,3.419873283383082,4.359028967908676,4.1143834673585316
2018-06-21,2.790845173746734,2.54217678046662,3.533393685082787,3.4248543597587777,4.363872324811573,4.1188791322612195
2018-06-22,2.795933456303953,2.5448735873840445,3.5458441337997413,3.4368881710657155,4.380523961923665,4.134519773630435
2018-06-25,2.757872523570783,2.526367477044106,3.5545629644889996,3.445304824994169,4.389538293572226,4.142951565306165
2018-06-26,2.763978253288178,2.531145986493884,3.5505537715623676,3.441384637013625,4.385661250626687,4.139216080418492
2018-06-27,2.741081505158862,2.52810619716553,3.5555204391057695,3.446164319180519,4.392732930650908,4.145814018519918
2018-06-28,2.7567538899646356,2.5370274220526587,3.5546952860701757,3.445330278545794,4.391628220308335,4.144695065155023
2018-06-29,2.760721794321811,2.5357289117467485,3.554294676333928,3.4449077317185868,4.391628481295565,4.144618973224688
2018-07-02,2.766623581012758,2.538187619674976,3.5547654526821013,3.445329752869038,4.39342156335326,4.14623483441208
2018-07-03,2.7568549019512165,2.5382486031747127,3.554529676789589,3.445066971511291,4.3762518097633345,4.129955033153603
2018-07-05,2.77934620645909,2.553586381244615,3.5762687982735115,3.466102157667183,4.413808419425755,4.165321225905216
2018-07-06,2.8028537369114126,2.5698847118661705,3.5984056636936033,3.4875224126983992,4.44949477348849,4.198921182453005
2018-07-09,2.8280905088334998,2.5771520580462868,3.6109557557053393,3.4996509724161924,4.4842747509421175,4.23166458168269
2018-07-10,2.8382677717854956,2.582632402116,3.62472593841154,3.512961761162225,4.498573692025165,4.245079839831335
2018-07-11,2.817507976719451,2.5752796714582114,3.6049381656115784,3.493749372990545,4.455994549889981,4.204822577905513
2018-07-12,2.8430516227078537,2.589204174739296,3.622583435446473,3.510815483624253,4.49094952427727,4.237729184772025
2018-07-13,2.8452899366764854,2.5930503926101363,3.628785665772915,3.516791378546922,4.494799189786832,4.24128366980223
2018-07-16,2.8427457953978763,2.58734831582486,3.621901074577318,3.51008435410947,4.485011257715256,4.231969849234927
2018-07-17,2.854246507279416,2.591681260197288,3.628575720801126,3.516517963479709,4.498702927963149,4.244810860740897
2018-07-18,2.860249654875723,2.5907870539216415,3.6326006446685954,3.5203835764979314,4.510919470756333,4.256259547338182
2018-07-19,2.849462481897668,2.5914931309791602,3.6288219908725465,3.5166866753036716,4.499664873128669,4.245562120473462
2018-07-20,2.8462054995531325,2.5769976014386993,3.6223344319049664,3.510364676926022,4.491309142275522,4.237600199310646
2018-07-23,2.8514977251367997,2.5671538081991194,3.6148878950134646,3.5031134781801345,4.488406770056952,4.234783779840404
2018-07-24,2.865847009931809,2.578435192136158,3.6326909531613336,3.5203310429738357,4.502822161620892,4.248306363805374
2018-07-25,2.8902706266389475,2.589982110751306,3.658294267517476,3.545107182370731,4.537223618467595,4.280684481477401
2018-07-26,2.8834529281525745,2.58432251414964,3.662928449514874,3.5495626801912565,4.535720686115895,4.279187709600195
2018-07-27,2.863913476516817,2.575548278180339,3.652138896909371,3.5390718598122404,4.51294215845622,4.257619078823846
2018-07-30,2.8489537583175797,2.563940945004079,3.6407135321167035,3.5279651258912237,4.491662137945438,4.237464943058038
2018-07-31,2.862996866883832,2.577123097262546,3.6610122594123298,3.547599942898535,4.508414862144079,4.253191240253081
2018-08-01,2.858213888258422,2.566142023359618,3.643304004153931,3.530405148392037,4.511819716678088,4.256324948552901
2018-08-02,2.873784912158835,2.576002741217782,3.6547255729753996,3.541437562706188,4.5458679526684564,4.288366119382896
2018-08-03,2.8860980814177646,2.5877499415975804,3.6722137801539314,3.5583482854024937,4.558596015507165,4.300293992336709
2018-08-06,2.896681485828761,2.594051250175876,3.68096993471733,3.566797460427369,4.578286280539286,4.3187890090187455
2018-08-07,2.906248664295308,2.5937987530856264,3.689126387027062,3.574665371497062,4.598927133491627,4.338180035028422
2018-08-08,2.9050279719462417,2.5941942727853355,3.680694537863381,3.5664596625452707,4.602759266468872,4.341714927641324
2018-08-09,2.9010576251576117,2.6008022138631968,3.6704650936713183,3.5565123293275414,4.583094419541626,4.323085742223787
2018-08-10,2.8816209301023314,2.597902690186945,3.6530249225743625,3.539578399463154,4.533541486385327,4.276265289188231
2018-08-13,2.8708334082054976,2.589914728132965,3.637025107968954,3.5240404177038807,4.521602183447956,4.264924981566655
2018-08-14,2.889151295195241,2.5975067184560876,3.6563167527882885,3.5426975299069343,4.538305257822865,4.280601031848058
2018-08-15,2.867576774779742,2.591922689732253,3.6310917310768906,3.5182213785318512,4.48248543689061,4.227873025490826
2018-08-16,2.8907800480565933,2.6044202883068994,3.666796352735624,3.552780807733013,4.502985909759532,4.2471308120240705
2018-08-17,2.9009562642522515,2.6112142037915804,3.682449211795436,3.5679114702653796,4.502274276929328,4.246381400882169
2018-08-20,2.9071638782531757,2.6215606307455106,3.6905339618888413,3.5757091915184396,4.505627196180753,4.249465483039318
2018-08-21,2.913982100117717,2.6217192831931366,3.692931257347366,3.5779963130874375,4.5400104815744164,4.281815085192228
2018-08-22,2.912252858647953,2.6249326346278834,3.687847193616096,3.5730349437380187,4.5489761053178235,4.290191804542516
2018-08-23,2.9083850939804106,2.6244784829234553,3.6794310082802855,3.5648453208168687,4.543821161166368,4.285251188791376
2018-08-24,2.9258887789988672,2.6360194252088807,3.6990365753088876,3.5838046829302055,4.5878003085550265,4.326647974766194
2018-08-27,2.9489896446140205,2.6424713697902833,3.720151571428507,3.6042260605756034,4.636594464297313,4.372584073342279
2018-08-28,2.950415326745872,2.6368921175365023,3.7134402876997616,3.5976881286128366,4.639913837127825,4.375633845926931
2018-08-29,2.9662904333623668,2.6468009672541832,3.7296917678296024,3.613397093461262,4.67107724591326,4.404941117737517
2018-08-30,2.9542820446570768,2.6426468580198654,3.7166347505345207,3.60071139208095,4.64659373650282,4.381771857872735
2018-08-31,2.954383580021827,2.6402607529914044,3.710254817627461,3.594494701736936,4.650691861331244,4.385555643572838
2018-09-04,2.9492952974646083,2.631426602978588,3.7060146155057847,3.59035108516776,4.650538281833411,4.385330047838007
2018-09-05,2.9413570463188026,2.6243706575787167,3.7184941818558572,3.602405339412901,4.627896542424762,4.363899131493592
2018-09-06,2.932504279052688,2.6234899155951883,3.7093543736342047,3.593515129334339,4.576411113659663,4.315271197048794
2018-09-07,2.9268046907942935,2.6115220335757314,3.6985750545571863,3.5830368008832596,4.56192906166889,4.301536293822011
2018-09-10,2.93189367118907,2.6181040511957434,3.7048424695399937,3.589072734457543,4.580299260655424,4.318778384457756
2018-09-11,2.9415611638046406,2.6153141484689564,3.710855926928185,3.5948625281893287,4.58121718755456,4.3195643400806825
2018-09-12,2.9422733070330085,2.618162149706116,3.717672609049407,3.601430316310259,4.564229237125023,4.303467379920976
2018-09-13,2.959675282227326,2.6290384166756993,3.734864425536891,3.618048603423053,4.603014299261075,4.339956652130379
2018-09-14,2.960184005807414,2.62427706808215,3.7363625077755764,3.6194638314633356,4.614910610358209,4.351092959776048
2018-09-17,2.9445130166767575,2.615941434081885,3.731461988937041,3.6146806830601648,4.573797627818063,4.312250831085489
2018-09-18,2.9604893097392226,2.6135126966519424,3.744800239461023,3.6275654153664054,4.604075932165246,4.340717759015168
2018-09-19,2.9636449311783974,2.6089464755627993,3.741273576343988,3.6241131133328506,4.610063617283161,4.346282889385243
2018-09-20,2.9876610107514185,2.6264637975041225,3.7656753871753765,3.647714485808067,4.6539824469475155,4.387607937604129
2018-09-21,2.984932814816776,2.624576523105982,3.7708301886247924,3.6526714827994637,4.641479140609233,4.375739673106
2018-09-24,2.9750154963552915,2.616655164770733,3.7550164137112163,3.637317055382805,4.64869010718627,4.382457069977092
2018-09-25,2.9722555488117406,2.6141232611208616,3.742855064807342,3.625500840141852,4.627059644221261,4.361985053683286
2018-09-26,2.9633623069672375,2.616778722588357,3.7253514698648784,3.608510166858746,4.606244085415011,4.342281995873155
2018-09-27,2.971642498516669,2.621878653983521,3.732821054157555,3.6157095152007948,4.627140984328841,4.361901051940071
2018-09-28,2.971949198123595,2.6192757152899615,3.7385751644993586,3.6212470829218546,4.633689480274275,4.367993718314592
2018-10-01,2.982274402637976,2.6170445763408123,3.754659235552787,3.636790215133066,4.651370048927887,4.384579725140964
2018-10-02,2.980536089279952,2.6225283119636758,3.767749619004759,3.649433359089289,4.65212371831571,4.385209396448562
2018-10-03,2.9821707737605507,2.6051684807077056,3.76705899008345,3.6487281280016974,4.664124554320588,4.396440711323956
2018-10-04,2.9588636971468842,2.5856011896467006,3.7540890460713245,3.6361294316428125,4.6013740922716035,4.337211743723344
2018-10-05,2.942304360804359,2.568030030221545,3.74966687671704,3.631810092792053,4.550220807361907,4.288916144684165
2018-10-08,2.942304360804359,2.564576795895671,3.757424658546287,3.6392878420442347,4.526418226772692,4.266401889033461
2018-10-09,2.938008821713505,2.572710587396275,3.755860014307526,3.6377362114037006,4.526599544390787,4.266494207992745
2018-10-10,2.844982364772612,2.5210313339571373,3.662181054996155,3.5469682279175077,4.355680320486603,4.105320649812654
2018-10-11,2.7823177732422315,2.499976038016561,3.580600767367837,3.4679199784842067,4.288882335716769,4.042287685632072
2018-10-12,2.8209594812833965,2.5173258432485306,3.6102067413334864,3.496559482270179,4.365122768838834,4.114068804217237
2018-10-15,2.8051147306006934,2.508402729756149,3.5998294180239148,3.486474155405305,4.327222834896862,4.078273516011426
2018-10-16,2.866450290501063,2.5435908684939865,3.6587923179350135,3.543545125307281,4.436616589345339,4.181296728065072
2018-10-17,2.866961630971995,2.537830416881922,3.658773463032097,3.543491621421556,4.430521162789636,4.175475176536638
2018-10-18,2.8255592775497207,2.515484498931577,3.6243035294724995,3.5100728673919086,4.346927339194161,4.096618034538965
2018-10-19,2.824026128433872,2.512458602418599,3.634371130515403,3.5197881510269573,4.327617223471178,4.078344736481929
2018-10-22,2.811349909185174,2.5043659907806743,3.6093708776013655,3.4955413299674296,4.327548941005931,4.078205272121338
2018-10-23,2.7970383076183194,2.499892426075983,3.580431727263786,3.467480353280527,4.300745741074041,4.052871764100641
2018-10-24,2.712291867767468,2.461995564296348,3.508848636755874,3.3981216873519173,4.1140900891840495,3.876902624970378
2018-10-25,2.760952953013036,2.4843791182987705,3.5413697860366975,3.4295824733184603,4.210839611027827,3.9680012125184376
2018-10-26,2.712394275429166,2.46416141648218,3.493421579284596,3.38311415773331,4.136936187258046,3.8982879853672228
2018-10-29,2.6973665180679824,2.453741291816061,3.485452295662862,3.3753629395413,4.089533573203748,3.8535489175364193
2018-10-30,2.7373374321985477,2.470681683087736,3.5353047697333113,3.4236067534396857,4.180545499704782,3.9392364872626753
2018-10-31,2.766574209005498,2.4814937130033603,3.5197279471336205,3.408488180654245,4.161171116778196,3.920908212657025
2018-11-01,2.796016847892182,2.4982592124679663,3.5313110692946124,3.4196712109109204,4.1744958319292484,3.9333911210206147
2018-11-02,2.779455243577592,2.4769563189393837,3.5035787684466957,3.3927819028408615,4.1420800791571715,3.9027757082899517
2018-11-05,2.79479004946448,2.4890480735358476,3.5094093065468233,3.3983942567418026,4.150742720616073,3.910865841815334
2018-11-06,2.8124746488699572,2.497878159854855,3.5051688644833496,3.3942541962833013,4.14688045472377,3.9071548168706185
2018-11-07,2.8726861669231023,2.531297542666116,3.507447563927257,3.396427010232971,4.150807025079143,3.910782366131089
2018-11-08,2.867472273605368,2.5284512345198196,3.5043068182494874,3.3933519283384936,4.147128946772438,3.9072450103247096
2018-11-09,2.8394629930636786,2.5211834458583984,3.5136275754330777,3.402343728587638,4.158283439592054,3.917682131254052
2018-11-12,2.7864065779564022,2.4995018064147905,3.523220351696709,3.4115987506953243,4.168808487309206,3.927525852361978
2018-11-13,2.7811925101792783,2.496082000718297,3.523228976563902,3.4115731714599815,4.169000972689536,3.927634855367399
2018-11-14,2.7621787046844006,2.4864562478956267,3.5323435259147704,3.4203648503453734,4.178072097489358,3.936108305707413
2018-11-15,2.7910068976008957,2.5015905745519813,3.533106699215078,3.4210698050167507,4.178150667313626,3.9361098275463795
2018-11-16,2.7982647571272423,2.5112848342174843,3.55182226126414,3.439157680368672,4.200913413337496,3.9574810331624506
2018-11-19,2.750933924727412,2.488601451285712,3.5586648774140768,3.4457489764759264,4.208959270853346,3.9649876237677
2018-11-20,2.7000254536249524,2.461315318115847,3.559072804449159,3.446109685701936,4.207903379200961,3.9639199266929563
2018-11-21,2.709225046157602,2.4660048518891533,3.559412833342888,3.4464046449762664,4.206504344928636,3.962529027097723
2018-11-23,2.691130641645943,2.457151430360027,3.56134822647586,3.44824429552436,4.209000086398112,3.964806990358881
2018-11-26,2.7345774846549977,2.478733981318186,3.555684294900883,3.4427260025852036,4.203130111278307,3.9592046497781688
2018-11-27,2.7437779494845955,2.484860291526293,3.5545077450967013,3.4415526008281176,4.20304355549954,3.959050196879896
2018-11-28,2.8069538814859083,2.5143490810621283,3.5484078768554492,3.435612404253236,4.196620579907937,3.9529272776874187
2018-11-29,2.800820412725566,2.5150068430047545,3.560329243980553,3.447120534985408,4.210289130518835,3.9657290667399336
2018-11-30,2.81789248521414,2.527969767583371,3.58875492115752,3.474607795777321,4.243904088980377,3.9973178319127607
2018-12-03,2.855205685003463,2.5552337296201193,3.6026908780035307,3.4880658015734056,4.260384140012551,4.0127664223655595
2018-12-04,2.7626895217771645,2.522667988530695,3.5993551426902672,3.4848015385728535,4.256439445808927,4.008977157764863
2018-12-06,2.7584983094012947,2.523540274176204,3.6026544857662985,3.487961185680121,4.260341104149754,4.01257807397017
2018-12-07,2.694402453038595,2.490237090267204,3.588178589695644,3.4739115901315842,4.243222544683985,3.9963814480464297
2018-12-10,2.699513589775852,2.497193120810641,3.5944353520090426,3.479934492555899,4.250621517238246,4.003276265073439
2018-12-11,2.7001273379084827,2.49736628021856,3.6017012298192395,3.48693423520444,4.259213825497284,4.01129470111772
2018-12-12,2.713723132599788,2.50045753628094,3.597547485169771,3.482878208188599,4.254301789348331,4.006594787366932
2018-12-13,2.7128033826977904,2.4975826495375415,3.6044338095870025,3.4895103298943377,4.262445254420308,4.014190162727064
2018-12-14,2.6627122538356303,2.4733815594277577,3.5753912121457456,3.4613592982948487,4.228100753125746,3.9817726291846123
2018-12-17,2.610474227724991,2.450028948227707,3.5398142971743587,3.426882974274275,4.1860290546572205,3.9420794099207574
2018-12-18,2.607611523600963,2.454286438644378,3.5311702130389087,3.4184806643343255,4.1758069400760185,3.932380581459561
2018-12-19,2.568560359372395,2.4452025153722317,3.528164251824799,3.415536661504,4.172252222250997,3.9289607178352446
2018-12-20,2.526749596519056,2.4177694577499325,3.5106413310676303,3.398539313807591,4.151530385099676,3.909375202772497
2018-12-21,2.4749777258974412,2.3878857481727147,3.493585203732993,3.3819941871262773,4.131360557366137,3.8903102094517963
2018-12-24,2.4095814492446257,2.3547762005008614,3.447956063918819,3.337789322152507,4.077401538907565,3.839428792752978
2018-12-26,2.531325666308394,2.416068085210697,3.4841417121549885,3.3727852461482706,4.120193098622752,3.87965141550367
2018-12-27,2.550759046635272,2.4273585587456266,3.505122365631526,3.3930615913471707,4.145003898756699,3.9029418452821782
2018-12-28,2.5474687425473217,2.4336488720975824,3.5188978614976794,3.406362797671385,4.161294195675399,3.918208645053604
2018-12-31,2.5697815750996296,2.450137682438967,3.5306545319249945,3.417709495522792,4.175197118219685,3.9312270086632086
2019-01-02,2.572454816326547,2.456829101081618,3.5426555458386746,3.4292924919628125,4.189388990648731,3.944516952000026
2019-01-03,2.5110690121219705,2.4328361051265337,3.577683452704963,3.4631650808534964,4.230811456223593,3.983444882558752
2019-01-04,2.5951788496601536,2.470465727311155,3.5425233530816502,3.429096318695104,4.189232665295121,3.9442244681121332
2019-01-07,2.6156410170075315,2.4792393424298034,3.536799003235629,3.423521205472248,4.1824633003616,3.937778482458752
2019-01-08,2.640216238924237,2.4906090696158762,3.527585946425089,3.414569266918583,4.171568343662342,3.9274485703782394
2019-01-09,2.652555228172828,2.4960341065246054,3.5299657953940384,3.416838887142676,4.174382648621127,3.9300257967564876
2019-01-10,2.6619120086155124,2.494893892995296,3.513945256708693,3.4012979395092993,4.155437462580818,3.912117553793951
2019-01-11,2.6629404467172337,2.499366103875384,3.5251613376088673,3.4121205277372035,4.1687011076723115,3.924532267129878
2019-01-14,2.6466933926821015,2.4864961090468825,3.5196712201912,3.406772577969406,4.162208735730038,3.9183479952583276
2019-01-15,2.677027170130888,2.499962631147392,3.511019660801895,3.398364730616029,4.151977781241654,3.9086444729352796
2019-01-16,2.683504672807531,2.504591251583144,3.5144132219570916,3.401615573810723,4.155990857748449,3.912350296495731
2019-01-17,2.703864083574432,2.516242760658611,3.5120052853909347,3.399251113420502,4.153143337629738,3.909597699756743
2019-01-18,2.7398526132184844,2.531061785323669,3.4931800550374925,3.3809966470026467,4.130881446297465,3.8885696520462263
2019-01-22,2.702835471013321,2.51740315190985,3.5111431292116295,3.3983490380793158,4.152123789564999,3.9084939596862798
2019-01-23,2.7084916188837043,2.5201457037906687,3.5089231550692612,3.396166602111226,4.149498545560544,3.9059508120817683
2019-01-24,2.709931083307335,2.5275678291941377,3.5226918513958454,3.409458942122607,4.165780801642125,3.92120518567353
2019-01-25,2.7328606298018965,2.535558090505479,3.522118091306103,3.408869720932039,4.165102298137582,3.9204943073659924
2019-01-28,2.7120900182536967,2.5229856251014846,3.52313499230105,3.409820011600829,4.16630484063083,3.921553997293891
2019-01-29,2.7084916188837047,2.5260898629971744,3.5390565029984473,3.42519537065158,4.185132920518112,3.93920346114088
2019-01-30,2.751369549823258,2.5493329631877715,3.544240417636244,3.430178388673647,4.191263190489619,3.944900840558183
2019-01-31,2.775532698661716,2.571535110417815,3.564708960900681,3.449953893284959,4.2154683915590185,3.9676101825069505
2019-02-01,2.7768699298830386,2.566066466572787,3.54679393340588,3.4325814463415187,4.1942828661860965,3.9475975996961883
2019-02-04,2.796405194493446,2.572315564126825,3.533449660997347,3.419632870021913,4.178502515205547,3.9326729300042413
2019-02-05,2.8081279931779526,2.5834849556506705,3.5451804389886403,3.4309516615346496,4.1923748184911975,3.945656424567955
2019-02-06,2.804425790471145,2.581953799739785,3.5420841141535457,3.4279210095169903,4.1887132406133105,3.9421377192331537
2019-02-07,2.777692156986247,2.5740127515743403,3.558982427225463,3.4442404259335424,4.20869644412492,3.960871624606899
2019-02-08,2.7810850431952847,2.580294182410147,3.570712343491395,3.455557800040103,4.222567728371973,3.973852919392005
2019-02-11,2.7826279620369507,2.577103444633755,3.558561852377546,3.443764908076385,4.2081990907653255,3.960257670934973
2019-02-12,2.818409931763711,2.594364684744374,3.5541020627819364,3.4394147807000404,4.202925139292848,3.9552216037756773
2019-02-13,2.827561722423609,2.5954922936305684,3.541908295240515,3.427580403658195,4.188505324881998,3.9415790368160604
2019-02-14,2.8212897329079207,2.5979539830743716,3.5609652954369935,3.4459879971611516,4.211041297060184,3.9627134508603254
2019-02-15,2.852033141003499,2.616560718401089,3.5669685989307305,3.4517631339835626,4.218140540336525,3.969320937648442
2019-02-19,2.8569696438917616,2.6219378152943684,3.584206351194991,3.468409647541211,4.23852514974182,3.988429638612007
2019-02-20,2.8627273271268945,2.622107084772316,3.5776274418141356,3.4620088537204596,4.230745220201957,3.9810354410078386
2019-02-21,2.852548319581002,2.6071377181909687,3.550367228299648,3.4355954418166488,4.198508487925099,3.950628640776922
2019-02-22,2.8702343146615967,2.6230490672076607,3.5666637412242093,3.451330815385202,4.217780028990477,3.9686892926318014
2019-02-25,2.874140460394852,2.6220839611365796,3.5590075115186957,3.443887908038078,4.208726107709354,3.960097131971454
2019-02-26,2.8720848054071366,2.626150460484874,3.5721776960594025,3.4565977113300237,4.224300590016689,3.974678349190209
2019-02-27,2.8708498073881232,2.613571931393548,3.543093809433499,3.428420753152395,4.189907261944205,3.9422447798192706
2019-02-28,2.865503848312458,2.6070927166742894,3.536022438008575,3.421544218288244,4.187774977987815,3.9401659611769078
2019-03-01,2.883395879932176,2.6072210101004587,3.5486203012698643,3.4337000766096595,4.195209980266142,3.947088656832013
2019-03-04,2.8729079048072936,2.609704825143081,3.5410360451316296,3.4263273550714413,4.196204043553854,3.9479512113921253
2019-03-05,2.8689989677238046,2.6097563260618593,3.534404915535473,3.419877021536731,4.189005394857667,3.9411058542102424
2019-03-06,2.85162228914098,2.6041051957549692,3.5160462781617983,3.4020794360178033,4.170736224988587,3.9238455566281973
2019-03-07,2.827767235584564,2.5977894302870177,3.5017317025984807,3.3881951454778827,4.15609497910577,3.909998996256009
2019-03-08,2.8221123089299085,2.599050069269904,3.4972967410030384,3.3838703232035336,4.161988773529988,3.9154716821659257
2019-03-11,2.8630355968683276,2.6185848196834494,3.5304229861879852,3.4158882244404505,4.20442568255268,3.955322175960818
2019-03-12,2.873832190653421,2.631854504963347,3.5427888429408085,3.427818812910989,4.2215669912430815,3.971374750322646
2019-03-13,2.8928548935771685,2.640323508855944,3.563167999618748,3.447502340183596,4.2378246064895535,3.9865954262046204
2019-03-14,2.8910045772910182,2.631681720133487,3.5589951400703654,3.443430690075697,4.227848064342001,3.9771370657706697
2019-03-15,2.905287741977367,2.646445577883241,3.574492405917679,3.4583903463287538,4.261463694837065,4.008685457959018
2019-03-18,2.915821948840495,2.651594227174178,3.588040317097275,3.4714636851908915,4.265795595059193,4.0126864936183795
2019-03-19,2.916545431929187,2.6496355709664146,3.5808328910035243,3.4644559739711256,4.258081852717579,4.005356669558128
2019-03-20,2.9077662865254847,2.655936364186735,3.5747570927939822,3.4585432409382117,4.255992256827481,4.003317359463115
2019-03-21,2.9406079176998423,2.6762731439637966,3.601409532665378,3.484294567057018,4.307991186615439,4.052154518703861
2019-03-22,2.884011896036871,2.661998629046341,3.562376946677125,3.4464970114357767,4.269351131109405,4.015735197814396
2019-03-25,2.881843540283471,2.6625029973627314,3.563109726844956,3.4471716702180375,4.26317618281855,4.009853209241418
2019-03-26,2.9033240270879737,2.6736438856650313,3.5867886045134107,3.4700455615756756,4.285845988234291,4.031101700584216
2019-03-27,2.8881446645172235,2.6750978837669055,3.5757329412817143,3.459315333147047,4.267852383878536,4.014103674882094
2019-03-28,2.8990919912149358,2.684915268358101,3.5829486341181953,3.4662616249129727,4.262021475704391,4.008545616240835
2019-03-29,2.917371322679577,2.6940541978707677,3.6011673315235146,3.4838523385727718,4.289762345150486,4.034562337537761
2019-04-01,2.9519683642321404,2.6979169896417057,3.620023730066202,3.5020596226387455,4.320243374214334,4.063155197855998
2019-04-02,2.953413585815628,2.700705448856635,3.615940156812985,3.498074327799628,4.326745757168605,4.069195689260916
2019-04-03,2.9580622307110422,2.6938920392844823,3.6081092650591007,3.490463977702381,4.340105599531969,4.081685106294725
2019-04-04,2.965910460811812,2.7012338166377137,3.6157516579323286,3.4978223955753656,4.341292137639604,4.082725796769278
2019-04-05,2.980266375063626,2.7104744963747294,3.6353625804936938,3.5167587226348553,4.362263998776765,4.102373018649218
2019-04-08,2.9825381852350623,2.7078680987764927,3.635169163540059,3.5165366411188774,4.358625510886069,4.098875805550943
2019-04-09,2.967253100274212,2.7029595865725384,3.6207648511239703,3.502567572726493,4.343619192892077,4.084688545782481
2019-04-10,2.9773745362215345,2.711107387546429,3.6282140593756527,3.509738699716089,4.355696378785499,4.095970347550715
2019-04-11,2.976548296552365,2.7042860195854925,3.62736304394652,3.508880574611643,4.3536611533969625,4.09398107515432
2019-04-12,2.9966868417320263,2.707559641228679,3.6401959369399917,3.5212592782941767,4.375394205217508,4.114342048770561
2019-04-15,2.9947255692740873,2.7092335569051107,3.6376243215547577,3.5187366889977603,4.369141172253746,4.108386423928574
2019-04-16,2.9966868417320263,2.703512575479599,3.632933394735393,3.5141641234503234,4.373518939704991,4.112427176492833
2019-04-17,2.989355011424488,2.6999863695714885,3.624733110560821,3.5061970541917598,4.377123814743406,4.115741040172402
2019-04-18,2.9952412712297596,2.7088297129828702,3.6312784723920952,3.512493434953015,4.3885874322340666,4.126444096857187
2019-04-22,2.9978232701959135,2.705028823474398,3.636494612643198,3.517503962335314,4.385750799881503,4.123700952001757
2019-04-23,3.024778990483779,2.721923007155109,3.6538553562994927,3.5342614896670694,4.416848399497513,4.152863971161098
2019-04-24,3.0180664910093378,2.7271817861685625,3.652359167497739,3.532779136083917,4.428445689624498,4.163691429559428
2019-04-25,3.0162074517537074,2.7245850883675424,3.6460297169498164,3.5266218397488127,4.416342873314976,4.152235700591609
2019-04-26,3.0302538750483627,2.7359074464348567,3.657336256954377,3.5375229057914948,4.421428670524473,4.156940790569248
2019-04-29,3.035003706389748,2.7314974677950907,3.656134954839638,3.536325786392952,4.414367209517105,4.150225301488434
2019-04-30,3.036552556850661,2.7379289742549986,3.676042597830313,3.5555457060740667,4.425639711072271,4.160746656563268
2019-05-01,3.0137287327462,2.7300994561828147,3.6440939511900994,3.5246092480913584,4.401246371443401,4.137737148889123
2019-05-02,3.007221746432714,2.7213624602442716,3.6333053559801676,3.5141394447516756,4.404476653768845,4.140697763346622
2019-05-03,3.036656185728086,2.740433575214676,3.6642511009706906,3.544034976414674,4.452170557185987,4.18545824492707
2019-05-06,3.0241596596506817,2.7366815102514193,3.651972812255364,3.5321243818680483,4.41453200879523,4.1499980390258875
2019-05-07,2.973656457710274,2.7176462674739783,3.603283560515976,3.4849983260248223,4.332686053152368,4.072981556294816
2019-05-08,2.969525957201987,2.710684000814691,3.595471184672348,3.477407821943408,4.315903550200709,4.05713028251241
2019-05-09,2.960540600799772,2.710207115822685,3.5880963200283866,3.4702406090759297,4.2872589965703005,4.03012897167716
2019-05-10,2.975412914844817,2.7169008934914367,3.6122656198676815,3.493581290199245,4.298099732147311,4.040245114105601
2019-05-13,2.900639446000734,2.6844723020792416,3.550171013062816,3.4334927103025894,4.162120934911954,3.9123519921821934
2019-05-14,2.9268729044156347,2.6958789548248596,3.5739031720002896,3.4564105221229924,4.217911500627562,3.9647215403954448
2019-05-15,2.944016505253947,2.711976691978979,3.58489521831385,3.467006720937045,4.250691060802811,3.995459840201761
2019-05-16,2.9712817164989715,2.7234341663276505,3.611126477204335,3.4923406364502285,4.259764404170932,4.003914631260534
2019-05-17,2.9520719931095676,2.715296264785084,3.592139736937393,3.473943902443215,4.214236101300419,3.9610478901012183
2019-05-20,2.9325524298442254,2.7022830855692352,3.582425875149457,3.464515208345587,4.138433286498368,3.8897276092733066
2019-05-21,2.9589914014200804,2.7151809966194738,3.6089637871367395,3.490144948804466,4.192643606527948,3.9406074939686078
2019-05-22,2.949903462896778,2.7164068047219785,3.6003978616488754,3.481826411896189,4.162862723844971,3.9125447922107774
2019-05-23,2.9138594551668313,2.7087132402419902,3.564694671695423,3.4472647447714277,4.110123591975437,3.8629057781663447
2019-05-24,2.9204686746826263,2.713333028415616,3.5690576958281346,3.4514497125585293,4.104980654755823,3.858001121830457
2019-05-28,2.893307266774417,2.7060061079443813,3.5290552016577057,3.412731442620824,4.074073156374901,3.8288826756673555
2019-05-29,2.873890809008331,2.698390730713734,3.505677395216041,3.3900904918959913,4.057477449483318,3.8132155161448353
2019-05-30,2.881740085865438,2.7120937181139575,3.507835185492346,3.3921433993145924,4.0765363708594835,3.831056519193042
2019-05-31,2.8429082170896036,2.7037477083529966,3.4720173301812842,3.357473458615475,4.050552602494643,3.8065673231274686
2019-06-03,2.8356793178219317,2.7068566909409033,3.4902391444250442,3.3750605569021626,4.072973924871389,3.8275675972160483
2019-06-04,2.897230858446633,2.7297648015469473,3.5511542447839424,3.4339312935844846,4.1253880698574426,3.8767522612977365
2019-06-05,2.9223282373164254,2.737782288869203,3.579773098307136,3.461571015873568,4.180243209837232,3.9282289470485154
2019-06-06,2.9413308774103686,2.7519960438157485,3.608248994945213,3.4890719528749083,4.208928696278689,3.955112224191638
2019-06-07,2.9707653167057413,2.7780439166004283,3.6299994673438873,3.5100691173255427,4.227991654429953,3.9729524277380337
2019-06-10,2.9843979223282537,2.7752334148075937,3.6378889691843743,3.517662974527074,4.227735420031168,3.972638479212465
2019-06-11,2.9836753115365098,2.7755111417224185,3.632388959329443,3.512309797810919,4.217898489455885,3.963322099290455
2019-06-12,2.978408033645556,2.773421239122616,3.6292780763379198,3.509266851592568,4.236046525183714,3.9803014765250855
2019-06-13,2.9906969530493304,2.784107135541569,3.6432092909403133,3.522702359358207,4.245164617843428,3.9887956096273918
2019-06-14,2.987392692210212,2.785064294780392,3.6390323889554748,3.5186286217260494,4.252335414433506,3.995459764937635
2019-06-17,2.988528073917761,2.7876486536918885,3.6366171374282894,3.5162583110001044,4.245844456830991,3.989287436727603
2019-06-18,3.019821552468764,2.8107510746135627,3.6689902541107275,3.5475247120338427,4.263035625881531,4.005366048428294
2019-06-19,3.0266376808206306,2.8161713647512125,3.6803161057003457,3.5584402185692734,4.285258121972567,4.026171199247521
2019-06-20,3.0555557203227726,2.8352903562576235,3.7235640871063036,3.600220209892385,4.324395979917985,4.062867947822608
2019-06-21,3.0511136353446506,2.8203575075798937,3.7249242123827555,3.601499460898154,4.326070668775302,4.064366495825615
2019-06-24,3.0473774130568705,2.826696746198152,3.719760982642577,3.5964715441108615,4.326615032117535,4.064803059950502
2019-06-25,3.0174890304297457,2.8135640267342175,3.695914295531064,3.5733797022216796,4.301654958200775,4.041278934263037
2019-06-26,3.0144792570402803,2.804677405194801,3.683305164907528,3.5611531970239882,4.2553640515105045,3.997716349753382
2019-06-27,3.0251683838413768,2.818550419251535,3.6907510769157605,3.5683166853676496,4.267615734784925,4.009152392483703
2019-06-28,3.0407353951758287,2.8264890102490066,3.7127745370385465,3.5895738534348873,4.282890188915952,4.023427660433326
2019-07-01,3.0683404533118037,2.8392409954896163,3.728630671178057,3.6048679814904503,4.338831330169827,4.075904748888724
2019-07-02,3.076333484705945,2.8524385846381657,3.737788079208672,3.613685490947337,4.342138002204842,4.078935913176183
2019-07-03,3.1009277226961176,2.874255209783616,3.7650404811127776,3.639996851894409,4.361994829807877,4.097513633026548
2019-07-05,3.097400153838305,2.8570453493192005,3.7562200604422205,3.631433255399559,4.345181961166405,4.081645002105576
2019-07-08,3.0803798957884436,2.8491788617335096,3.7427691415261215,3.618393206695589,4.32057457262481,4.058455309928842
2019-07-09,3.0842200958724284,2.8508803493684622,3.7435428218564315,3.619105181934666,4.335116295680658,4.072039818858997
2019-07-10,3.0989570294311397,2.8527738796367155,3.7600970310792055,3.6350729654377627,4.365295068553026,4.100311671124024
2019-07-11,3.1062201227391744,2.8415510286247336,3.769505654064795,3.644132505766199,4.372731325194578,4.107220880554281
2019-07-12,3.120127676359704,2.850495051983047,3.781386848119508,3.655582175509721,4.408088436017939,4.14035486247083
2019-07-15,3.121164662971516,2.8576308640836157,3.7778157816328246,3.652093593430168,4.422552334826353,4.153863760558414
2019-07-16,3.1110990540288674,2.848697409444762,3.762698835007052,3.637443547383244,4.397350636696889,4.130117099987254
2019-07-17,3.0899273603439656,2.8493697638543063,3.7446216232054805,3.619932098999467,4.388628978204403,4.121849550788831
2019-07-18,3.1012393071659523,2.855714678196156,3.766510680908529,3.641056075105771,4.425092362206051,4.1560198217158195
2019-07-19,3.084012838117578,2.843515054838313,3.748658513333782,3.6237624847089283,4.403573115696695,4.135732901756613
2019-07-22,3.0915882137330053,2.849864696621402,3.7532249563688183,3.6281407003668376,4.4390875558364575,4.169010446003217
2019-07-23,3.1136929162335143,2.855870029970609,3.7717942450142163,3.6460548647558,4.469139342870313,4.197156555935693
2019-07-24,3.1283262209148006,2.8688851789035406,3.7839217078160607,3.6577416581060933,4.515878822362304,4.240973452219174
2019-07-25,3.11338133176368,2.8551762876100923,3.766935458373894,3.641285622878467,4.47606541523724,4.203506274378603
2019-07-26,3.134241440978747,2.869353524918051,3.7797107967408543,3.653598489285266,4.494135358893007,4.220398158675708
2019-07-29,3.1285338275884307,2.8665675408750686,3.7793962012902926,3.6532580558961585,4.495875394097909,4.221954445905655
2019-07-30,3.1208541252580195,2.865135827886339,3.7786521816310934,3.6525025409606386,4.480554362835237,4.207489385433754
2019-07-31,3.086709631362092,2.855542790688916,3.7406881140514896,3.6157699353679886,4.4019658739052625,4.133614294169775
2019-08-01,3.059830673205653,2.8633079608255407,3.7135376704080225,3.5894904651581068,4.36047121701486,4.094573808045395
2019-08-02,3.036792612970757,2.860957440433719,3.6927830722960633,3.5693936542152804,4.314554489727922,4.051382418390119
2019-08-05,2.9454655649440054,2.8291177443988103,3.596576677257782,3.4763672921909747,4.169092320353673,3.9147208064307644
2019-08-06,2.9867702211081006,2.861967183944539,3.6376253578981532,3.5160090217822466,4.229106478765174,3.971000141936197
2019-08-07,2.9885350522933445,2.8633904466954583,3.639967291645905,3.518237666194988,4.247323812682317,3.9880322007425124
2019-08-08,3.0471708531395776,2.8995526623907324,3.703161180671231,3.5792825943936717,4.33458131538337,4.069887825328058
2019-08-09,3.026415070639494,2.885388945058214,3.6837968872014413,3.560530665207052,4.291429317221263,4.029296712488408
2019-08-12,2.9895727367427147,2.8883774779919964,3.647233447059852,3.5251556405572204,4.244618406564507,3.9852717409800755
2019-08-13,3.0360661640724413,2.911369343535007,3.6877358769632536,3.564266950168617,4.328847302914701,4.064279383722782
2019-08-14,2.946296340557304,2.8859561307975246,3.5939321649160982,3.4735693287289378,4.207659455887667,3.9504254621121953
2019-08-15,2.954080369602699,2.903366700648332,3.6084328770829863,3.4875497172819494,4.212745839319856,3.9551280429473277
2019-08-16,2.9976673035016064,2.9197680489159303,3.6554027156932034,3.532910920074226,4.2860621435186115,4.023886794638755
2019-08-19,3.033782490662512,2.9241693507969733,3.6945505809953407,3.5707114348249496,4.342067610924658,4.076391366167736
2019-08-20,3.010536125916428,2.9228249746536705,3.668916298319659,3.5459011312620627,4.313854424193947,4.049829855341739
2019-08-21,3.0350291774606295,2.929299812546897,3.691108705355687,3.5673139688239086,4.348890812063528,4.082646684019614
2019-08-22,3.0340937262135674,2.92097725317418,3.692034459239686,3.5681731858232753,4.3445192560955626,4.078467639941589
2019-08-23,2.956156087420219,2.8951597214057236,3.6105254351851905,3.489363941863295,4.215214983003621,3.9570088771217886
2019-08-26,2.988846636763179,2.909688807070518,3.644716705816138,3.5223727939075906,4.264020515045521,4.0027510650364055
2019-08-27,2.9771198255127116,2.920773204145691,3.633510342587633,3.5115076751382444,4.254235866651887,3.9934923969846228
2019-08-28,2.9980828657676457,2.934616703179675,3.658167794736078,3.535302040607641,4.276601048304405,4.014412869515173
2019-08-29,3.036376701785938,2.9526586573928872,3.696380737520173,3.572196008685181,4.34071370007581,4.074519880878884
2019-08-30,3.035029177460629,2.9521934943893284,3.699666192850131,3.5753355252599324,4.347378778126307,4.080701062744752
2019-09-03,3.0172814237561147,2.943361656784692,3.6924521370138588,3.5683284144611984,4.331565504405211,4.0657829236034235
2019-09-04,3.0515284997731307,2.9651662080563996,3.721948892365435,3.59679784779127,4.3785848979286905,4.109841534184454
2019-09-05,3.090757787038485,2.9665572705378698,3.7391283227996728,3.6133636796872066,4.410204623495601,4.139444300444341
2019-09-06,3.093144391488281,2.97637521156841,3.7438207543059123,3.6178622998727215,4.4120744867143085,4.141123091333807
2019-09-09,3.0947019649186744,2.9561234465514525,3.7426294161977443,3.616675072816871,4.397704436650738,4.127559501234116
2019-09-10,3.09397516710158,2.9349811018103944,3.7419057124408575,3.6159397611225415,4.38691833044764,4.11736013452902
2019-09-11,3.1159755428871057,2.945417258781746,3.7639868075897054,3.637241352200635,4.4194428881022,4.147809794075871
2019-09-12,3.126768996403186,2.943820503203833,3.7666541018771906,3.63978262959238,4.42630369970368,4.1541724040503585
2019-09-13,3.124693627504445,2.917497433546985,3.757209203939013,3.6306197528539768,4.404715591475495,4.133835403549727
2019-09-16,3.115042882990277,2.9269629238240666,3.770364990907711,3.6432960540673416,4.401335750529982,4.130587335487461
2019-09-17,3.1229284474004224,2.9377582996167946,3.77577959249083,3.6484918854099915,4.41917539455045,4.14725318604615
2019-09-18,3.1247965585443125,2.9437997026498692,3.777517671586294,3.6501350674727795,4.423701601151312,4.151424420967971
2019-09-19,3.124589649708241,2.9472251006440757,3.77888472292261,3.6514197038144776,4.426243999974731,4.153733829968039
2019-09-20,3.109825500484751,2.954442409026404,3.778751725381086,3.6512548777136087,4.411500474110763,4.139821767562685
2019-09-23,3.109096260236202,2.9537774863940918,3.780762517447334,3.653161491073449,4.419196466673142,4.1469674271183905
2019-09-24,3.0847005570314003,2.9541134713286503,3.7713734301150934,3.6440530431100586,4.4063217403591555,4.1348096454223455
2019-09-25,3.1029458689150684,2.947313015981812,3.7728557583080313,3.645449071430071,4.420501459861301,4.148039226910197
2019-09-26,3.096482148530204,2.9512132640379587,3.770959327495225,3.643580443400832,4.427149310520879,4.154200815611037
2019-09-27,3.079799992777397,2.9445750055934425,3.7611854535678653,3.6341005761840695,4.395792415502293,4.124701206186599
2019-09-30,3.094083680841915,2.9556568341593166,3.7671227832684817,3.63980109155794,4.416356618476168,4.143920876789166
2019-10-01,3.0572800769296284,2.938122150698502,3.7287607606005073,3.6026998016172875,4.385737373165007,4.115114673442445
2019-10-02,3.0032740793647323,2.909852486477139,3.674876243391584,3.5506016843315913,4.330350108889269,4.063070253871414
2019-10-03,3.0278794827558393,2.9347745290082825,3.701897793311332,3.57667386425376,4.367556791704703,4.097904970915353
2019-10-04,3.068853712836023,2.967269956359436,3.746796102769545,3.6200173966322526,4.42429967206304,4.151068103566128
2019-10-07,3.055611896246226,2.9497506185416618,3.7252129735943837,3.5991287701447123,4.402127437266552,4.130189087479415
2019-10-08,3.0081742946999572,2.9254527035540434,3.6804480467115823,3.555843598991641,4.347466792178796,4.078829939091026
2019-10-09,3.036741321910214,2.9355115170810984,3.7048830188323687,3.579415705834826,4.380297358817714,4.109556160628521
2019-10-10,3.057280076929629,2.929934901672008,3.7170538052597415,3.591138607042451,4.3912892567123825,4.119792780836974
2019-10-11,3.0889751609955027,2.933654628836369,3.738017169258942,3.611355919230021,4.421163849160547,4.1477439466712
2019-10-14,3.085533426157376,2.9402160975138534,3.735619774947036,3.609003865226974,4.420986110809733,4.147500808946026
2019-10-15,3.116081963114766,2.9434651144689066,3.750987231817909,3.6238144124071376,4.446281501066661,4.171154581625965
2019-10-16,3.1110774210645578,2.9420610492531276,3.7429791884057244,3.6160419078485617,4.435091781518784,4.160580627089929
2019-10-17,3.120251193607546,2.94440632770769,3.7506760219258113,3.6234416772515115,4.441868108783733,4.166860783917234
2019-10-18,3.1065941636704895,2.9366739030657105,3.7421826332788313,3.6152004541044294,4.42410513082824,4.150121117411823
2019-10-21,3.12765594793994,2.939783814798716,3.7622837256823263,3.634583314276276,4.4494507240986385,4.173820186684124
2019-10-22,3.1174378614907767,2.9408969157580453,3.770058591609356,3.64205806047404,4.442646744120603,4.1673609363672055
2019-10-23,3.1265080051563396,2.9472122830974277,3.7832600025946954,3.654774909208091,4.4415137301741705,4.166221392786538
2019-10-24,3.1316168739215318,2.9477353353458944,3.789068967649317,3.6603501880954568,4.472354787744839,4.195073603256917
2019-10-25,3.144440336895056,2.949217825809928,3.794723844370182,3.665776503415501,4.489545580056363,4.211121021822803
2019-10-28,3.162164713041363,2.948461505357281,3.7939545149133806,3.6649968649502402,4.501178543643996,4.22195479054649
2019-10-29,3.161225772606509,2.9487096981399086,3.800977550149309,3.671744666647763,4.494101426176367,4.215239052309973
2019-10-30,3.1709218765619744,2.9713963500857474,3.8110007449362815,3.6813904593403053,4.519573113034613,4.239052124266476
2019-10-31,3.1624766464299765,2.982682241146981,3.810378119500226,3.68075240103606,4.522815080603338,4.242014737162433
2019-11-01,3.191774309563899,2.995588800930216,3.8403113757484024,3.709630458912627,4.55710531218563,4.274097326278642
2019-11-04,3.2045974236186443,2.987039656300631,3.849099734834204,3.7180827819668547,4.563978546127622,4.280464874337537
2019-11-05,3.2010531066594297,2.9716201415203702,3.8380915709011845,3.707412444411782,4.54923004494764,4.266553963748623
2019-11-06,3.2017826958267572,2.979219077239949,3.8396279387764394,3.7088596145137913,4.554652720941152,4.271561013897423
2019-11-07,3.2130423048318626,2.963914124766476,3.8381551910904457,3.707400151916707,4.545908860056278,4.263282098583401
2019-11-08,3.2209665992264997,2.963312343396534,3.837727945708078,3.706950592951012,4.548907949906969,4.266016155785378
2019-11-11,3.2148158589865865,2.9607074530123842,3.829205016890192,3.6986813115996986,4.540629243989152,4.258173864099444
2019-11-12,3.2215922105976227,2.9698903962558028,3.83626881752602,3.705467479033374,4.552641522396761,4.269360268270811
2019-11-13,3.2226344309911226,2.9781752133938126,3.844460573969834,3.713342997330064,4.56727516552197,4.2830044679023125
2019-11-14,3.2273249461400417,2.993081708585212,3.8516683343875946,3.720267931791742,4.576283414972744,4.29137299576901
2019-11-15,3.2506798246264603,3.0047751567767578,3.873620727391204,3.741434203118813,4.601531941071478,4.31497012233293
2019-11-18,3.2530779433959705,3.0082862829729606,3.8718518186486106,3.7396884638056385,4.606845693858158,4.3198733933376525
2019-11-19,3.2521397007986748,3.0177931844138937,3.871109042649131,3.738933855303682,4.611746617995944,4.324389376901148
2019-11-20,3.2400447802361407,3.0235501187266167,3.8746601061711337,3.7423264508151677,4.604338021155864,4.317362888669994
2019-11-21,3.2348326315123024,3.0130622943141234,3.8730389572788613,3.7407234655026937,4.585450876076489,4.299573732666754
2019-11-22,3.2420269878208328,3.0186354215442726,3.877784953230318,3.7452700732008664,4.5892457263946085,4.303052738974808
2019-11-25,3.2671522801929624,3.0362101186382313,3.8956660058519947,3.762502658549094,4.625471792956766,4.3369398073144545
2019-11-26,3.274554941012681,3.0474358941224167,3.9007584640874122,3.767383574491355,4.634824184245998,4.345628765863478
2019-11-27,3.2891505624658124,3.0520439408483058,3.9077549674995598,3.7741033166713236,4.646973390671179,4.356939659069566
2019-11-29,3.2769530597821905,3.042651354178476,3.8968366947987265,3.763521035606889,4.631506561642974,4.342358188171845
2019-12-02,3.24911631957682,3.0109159552621874,3.872503973893647,3.7399835703710393,4.584069120878288,4.297803142164156
2019-12-03,3.2273249461400413,3.024051696500835,3.848008759940634,3.7162896421206586,4.54408590871246,4.260238334101475
2019-12-04,3.24723948546345,3.0231704484942235,3.8770681414512804,3.7443170673163078,4.580291798612444,4.2941035215978545
2019-12-05,3.25307794339597,3.020549481042735,3.8799736758770664,3.7470858482509737,4.5940390625435885,4.306912494057438
2019-12-06,3.28279186663349,3.0304160519741528,3.911444687098494,3.7774414179380074,4.642005101813978,4.351800510742768
2019-12-09,3.27247050022568,3.0273282712526366,3.899579221664885,3.7659449994116563,4.620402723236161,4.331468869969455
2019-12-10,3.2688211587139233,3.0253904700930567,3.9005109961524354,3.7668073790853853,4.624557559160845,4.335284035921413
2019-12-11,3.2781003047282327,3.0400551475148814,3.909287688564271,3.7752456718878897,4.666843210670033,4.374844073151219
2019-12-12,3.3063540028747584,3.0357633229928727,3.9414632796612126,3.8062801668187807,4.729834250809121,4.4338121698774255
2019-12-13,3.3083348147843337,3.050901706556799,3.9441424701230012,3.808829585330053,4.733189844672688,4.4368760288448295
2019-12-16,3.331063035143291,3.0525060957454073,3.9721609928440462,3.835848717529882,4.768304758807813,4.469710303694478
2019-12-17,3.3317936710669565,3.0512244340859396,3.9731195005395246,3.836736172765168,4.7756252296730795,4.476489910890443
2019-12-18,3.332002324496924,3.041315968653118,3.972649187169678,3.8362438490669217,4.769438809775448,4.4706086530519205
2019-12-19,3.3456597033527604,3.0507417375779387,3.9833645852966963,3.8465530649762765,4.793728689665799,4.493293885227159
2019-12-20,3.3603275509931887,3.060376243872912,4.006686655351971,3.869035641083238,4.822744913635344,4.52040833107802
2019-12-23,3.3654608440729255,3.0613896280347115,4.012450555647176,3.874562985062023,4.836605717121821,4.533316706992753
2019-12-24,3.365566217544247,3.0649475092000373,4.013997678070161,3.876018390600695,4.841045271403733,4.537394297537028
2019-12-26,3.383482847937899,3.0776936191911877,4.0247748749865195,3.886386473173871,4.864987387894412,4.559750678125628
2019-12-27,3.38264334935512,3.0785815093780524,4.024677382305439,3.886253680760917,4.859774327080755,4.554780799812437
2019-12-30,3.3639946873626854,3.063914271903863,4.009824033864768,3.871872685600029,4.832075271404409,4.528736690019722
2019-12-31,3.3721663651717826,3.0563767936517574,4.020179717091394,3.881833490742241,4.84036861294709,4.536425853576595
2020-01-02,3.4037030401118953,3.087333649482298,4.042689891042806,3.9035301995372365,4.913564416056861,4.604940633302306
2020-01-03,3.3779291077292144,3.0923252067690625,4.02597254130757,3.887349640761486,4.867905079962161,4.562065159109751
2020-01-06,3.390815725001776,3.0923790229712784,4.03845723029446,3.899365672690415,4.867657929206604,4.561749515080446
2020-01-07,3.3812818682786427,3.0810819386646466,4.026759029195972,3.8880317085597973,4.884937082875938,4.577858440810164
2020-01-08,3.399303523224837,3.0827870077224486,4.032932836695611,3.8939540914811377,4.908356727916431,4.599721151237974
2020-01-09,3.4223513531855505,3.099656424920272,4.057060971326775,3.9172117875450123,4.940907934640585,4.630140269761936
2020-01-10,3.4125027717235703,3.105328039948187,4.047076785254789,3.9075328984352726,4.920608751200775,4.61103291255669
2020-01-13,3.4359717466507904,3.1143736107422133,4.06601933398895,3.9257832598227815,4.968947709648628,4.65624490559595
2020-01-14,3.4307334290185114,3.117933249005731,4.0674714992415595,3.9271462815856037,4.965112714477208,4.652565558087318
2020-01-15,3.4384867532113357,3.1304319944686276,4.079460553229354,3.938682547343503,4.952222947810734,4.640401714981113
2020-01-16,3.4670897190558514,3.1421111149283436,4.1057737954468445,3.964048320855733,5.005154915338208,4.689914391072911
2020-01-17,3.477881427978036,3.1372350330606844,4.112862169260935,3.970852520745506,5.024402680806205,4.70786315881676
2020-01-21,3.4710705334078575,3.146732628659113,4.099589411599297,3.9579986817645234,5.0201974111128065,4.703836184653169
2020-01-22,3.471489933780468,3.1513827911718115,4.09784608388301,3.956276216358684,5.037134918732537,4.719619400759852
2020-01-23,3.4754710970512535,3.1623776050266406,4.104987610580017,3.9631316054348735,5.057078714372987,4.738218768813798
2020-01-24,3.444562824832498,3.155734805259087,4.075709518688877,3.9348261411706456,5.024997058961528,4.7080732160970555
2020-01-27,3.3893492193727566,3.1450187698084253,4.022047084959464,3.8829800153809964,4.910348861144653,4.600571081760361
2020-01-28,3.4248667086648754,3.15494173549431,4.048861814214082,3.908828716965901,4.983552382181601,4.669070435200066
2020-01-29,3.422037326284262,3.1657187526829866,4.044738962711298,3.904809621065247,4.9667917914544795,4.653281797190871
2020-01-30,3.433143411026515,3.1720583617040568,4.069120014778381,3.9283081308093597,4.980477460344891,4.6660176681653915
2020-01-31,3.370804884095306,3.149084645375569,3.9936352486801363,3.8553971697391707,4.867677119759188,4.5602553762826
2020-02-03,3.3958446913665297,3.1620993001748943,4.002737609572129,3.864146024012619,4.917853097889247,4.6071775955136
2020-02-04,3.4476026052369764,3.1739825717081285,4.039422025294004,3.8995214873134003,5.022639446618124,4.705257612459073
2020-02-05,3.4874149357823905,3.1820915343286447,4.100960712278165,3.958889481312772,5.0803580523914675,4.759241306447485
2020-02-06,3.499149423246001,3.1942518527057446,4.104096028629815,3.96187677557318,5.101826225311786,4.77926450221737
2020-02-07,3.480500412334787,3.1999808514069654,4.084137263774891,3.9425704298128847,5.051599669239193,4.732126348615596
2020-02-10,3.5064826492286563,3.2178587658631033,4.101529445569308,3.959320374650826,5.1060121714276745,4.783009598225823
2020-02-11,3.512560465443715,3.214716834498563,4.112606180173374,3.969973569843502,5.137585026157466,4.812496537756397
2020-02-12,3.5351906396257142,3.2206299314803677,4.132461140254103,3.9891002492219134,5.182886682108612,4.854842243096517
2020-02-13,3.5314184787036758,3.223510435345524,4.1339517553781935,3.9904994640682427,5.183387789257962,4.855222206697553
2020-02-14,3.5370765456273445,3.232253352184135,4.139750896962527,3.996057625574019,5.186303753023183,4.85786408256704
2020-02-18,3.527961042520485,3.236110565556022,4.128178188139073,3.984846979988837,5.158925194975595,4.832130360106268
2020-02-19,3.5448295209013905,3.245305043544765,4.143367655655297,3.99946928806913,5.2197799818213015,4.88904021894371
2020-02-20,3.530265999975946,3.2474746174080646,4.13461221066595,3.9909782245090053,5.175256904755964,4.847248968017893
2020-02-21,3.493910407776165,3.2395415027185868,4.110291137335571,3.967462591279674,5.08952674472357,4.76686458892091
2020-02-24,3.378035179038097,3.1944227283601827,3.9919820359950866,3.8532262905842996,4.907285546546243,4.59609233337665
2020-02-25,3.275672527862493,3.1431467625259675,3.868969866101175,3.7344527105387186,4.765630474250563,4.463338042490579
2020-02-26,3.263623664578815,3.129551298852047,3.8400882112803254,3.706538354629463,4.775693204067258,4.472680094744277
2020-02-27,3.1170491659707382,3.0588001610653763,3.679763875131798,3.551754422649483,4.563421914179767,4.273798495096462
2020-02-28,3.1039521506743135,3.0787197129510737,3.620959099149005,3.49496055227749,4.560603108474838,4.271079921026103
2020-03-02,3.2383731103649493,3.149656086802726,3.6108989352260106,3.4852157886830377,4.554759727513987,4.265528933280171
2020-03-03,3.145652131815254,3.1151081723776053,3.674218877085349,3.54629650731425,4.63133024598285,4.337157279584637
2020-03-04,3.277871762927854,3.1804377423279417,3.653578930226022,3.5263400928422346,4.6123280913601405,4.319282549051988
2020-03-05,3.168910010881052,3.1486709569349016,3.7245771413690845,3.5948299804450468,4.698052520167646,4.399479420115103
2020-03-06,3.1165243921268067,3.1829881367227983,3.8331255662077854,3.6995602815998554,4.830718882118345,4.523631180654593
2020-03-09,2.8731416803893692,3.0683520316390247,3.8966507666502004,3.760834541492241,4.902451495962722,4.590719213737233
2020-03-10,3.0218117851853807,3.1007038392566137,3.758879356078252,3.627829017390705,4.73443532527977,4.433305035243517
2020-03-11,2.8745029870064567,2.9643714473578324,3.6757905570585296,3.5476017594881224,4.626543203254106,4.3321955194413295
2020-03-12,2.599479099154533,2.8015455058184293,3.6584154558006583,3.5307974774630257,4.593863386316216,4.30151561387336
2020-03-13,2.8216983167983805,2.919911800311123,3.587586663450021,3.4624049979587954,4.5131632717166745,4.225873319712981
2020-03-16,2.512937646644036,2.8038509632654796,3.723981462261031,3.594004827618817,4.668130612778627,4.370895552705953
2020-03-17,2.6486166329931127,2.8198954748982303,3.5819042869423345,3.4568521339030953,4.508862248897231,4.221690565806043
2020-03-18,2.5145097002037664,2.6705961823098545,3.451683512203214,3.3311445217605073,4.344155949811687,4.0673995770046725
2020-03-19,2.519852867929198,2.7030851045770325,3.489018659346544,3.367142369527637,4.38386233797162,4.104500761454077
2020-03-20,2.4112618420853065,2.7144962999456927,3.6573284846127763,3.5295377936576937,4.581757716149063,4.289706248405073
2020-03-23,2.3496101617709724,2.717598616029308,3.7779876898277736,3.645944784495521,4.723565355800206,4.422393297985098
2020-03-24,2.5624924873425505,2.8450984134394406,3.7717863143102712,3.639923948736819,4.728332762522775,4.426775202170626
2020-03-25,2.6008533157664515,2.868067774600351,3.7578365731219354,3.6264258254132353,4.714200936936649,4.413463368094275
2020-03-26,2.752716550770403,2.974194148893327,3.7794501277506973,3.647247283800507,4.75041645186712,4.447286638769079
2020-03-27,2.6707249991408037,2.9527967955353396,3.8334120105889995,3.6992848207461297,4.817219261636786,4.509743617196353
2020-03-30,2.7574588803580355,3.000614010717274,3.8236750100166415,3.6898518093687502,4.809608987420486,4.502536164405846
2020-03-31,2.716357992760999,2.96403643209336,3.7858832299514438,3.6533463525083247,4.758513441635431,4.454620801140131
2020-04-01,2.5941088902237133,2.9006106389758552,3.8241895227405536,3.6902749089800246,4.798546181624855,4.4920141960182
2020-04-02,2.6539683492286357,2.9481321413131103,3.849049102182773,3.714227020237809,4.832629600845777,4.523837037419065
2020-04-03,2.615607869723514,2.92537095985966,3.858282870698111,3.7231003248497423,4.839745713285977,4.530415004552976
2020-04-06,2.7912884750557265,3.0402071701163,3.8694074402367353,3.733797987527462,4.862439638723785,4.551574621617507
2020-04-07,2.7941342566189626,3.029331485437781,3.8398389989661976,3.7052289671615295,4.824703555271472,4.5161678961064355
2020-04-08,2.8879286837928975,3.0815288509649488,3.8175987107896168,3.6837317005215318,4.8038186408576,4.496535734007097
2020-04-09,2.9318741317374433,3.111903384239727,3.8434802073485854,3.708668756957468,4.841098410211051,4.5313473900723595
2020-04-13,2.905107002049741,3.0834926231321234,3.836632254714574,3.7020241791025335,4.828952070138304,4.519894966539114
2020-04-14,2.9907873230131483,3.1377563738523047,3.843727059880564,3.708833175995111,4.841109760851676,4.5311910961700566
2020-04-15,2.92723839683686,3.130999462262676,3.9010173005458717,3.764075404488445,4.907634956448082,4.593372871244745
2020-04-16,2.9413601865878243,3.1542862418329074,3.923742285024275,3.78596499322406,4.935549865700574,4.619415156380485
2020-04-17,3.0208222515275414,3.1885021199551233,3.879120940400707,3.74287324528358,4.884648740711758,4.571690175527985
2020-04-20,2.9676016701346466,3.165058170011482,3.903312197037967,3.7661773664403033,4.909882711124925,4.5952227722492776
2020-04-21,2.877495314456961,3.1233378850786746,3.925819394915545,3.7878561470100274,4.935540786401914,4.619151418478895
2020-04-22,2.9413601865878243,3.15216615922349,3.917552901176482,3.7798425652327783,4.928895363797171,4.612847033645847
2020-04-23,2.9411494396451814,3.158723931041244,3.9365216609760414,3.7981067574466683,4.950171047747317,4.6326731605738205
2020-04-24,2.982144255933338,3.188105923753364,3.9380570580296794,3.799550377687936,4.952801666011059,4.635049682906016
2020-04-27,3.025142214932939,3.1919492486605816,3.889888704941609,3.753038842344123,4.894950907777271,4.580826025794737
2020-04-28,3.011231521043397,3.1978399583105,3.913901214116633,3.7761690123070553,4.924877650861746,4.608747385818077
2020-04-29,3.090060647317627,3.2414310503774497,3.9075006717160385,3.7699562130327204,4.915927483951332,4.600287003398337
2020-04-30,3.061290898296649,3.2081843841170303,3.867742195782879,3.7315601264979352,4.864373088287107,4.551958956888624
2020-05-01,2.9802485802058905,3.168214390042353,3.890679668482421,3.753652644396575,4.889673197911524,4.575549892765698
2020-05-04,2.9884684088065185,3.1674962855589794,3.884448221287472,3.7476033914810647,4.882924471127435,4.569150561419843
2020-05-05,3.0160790496429613,3.1769448828864446,3.8744489972160197,3.7379192524259572,4.871629244189237,4.558497197932275
2020-05-06,2.995634502693933,3.143518834917678,3.8289284035398574,3.6939659964052987,4.8117598316403,4.502393063176625
2020-05-07,3.031781790382526,3.187285021416451,3.879682495329329,3.7428938773726115,4.874461607964163,4.56097949120851
2020-05-08,3.081946890025879,3.202352401269245,3.845980094117516,3.710342842401956,4.835533137715084,4.524471220127073
2020-05-11,3.082578781935028,3.1927480288714896,3.822947256521509,3.688085629315922,4.806775501719712,4.4974806782241075
2020-05-12,3.0211383719415057,3.1676739839266665,3.8493252118112578,3.713496119090885,4.838113303013702,4.5267186540892155
2020-05-13,2.9677070436059685,3.1429254389605923,3.872574047015508,3.735887428585246,4.865628127896562,4.5523786984395205
2020-05-14,3.0032213926290745,3.1777969048590187,3.900191650032213,3.762492817908016,4.900753598145148,4.585158336437302
2020-05-15,3.017028806559971,3.1832930823968377,3.898810922257768,3.7611234302241217,4.897475275098275,4.5820067341875435
2020-05-18,3.108925290034393,3.213513990008635,3.842919929993996,3.707169371667488,4.833855914450772,4.522402087909002
2020-05-19,3.0769932901174353,3.1985190847825407,3.860759669870387,3.7243418838736115,4.853816780900143,4.540993201757888
2020-05-20,3.129264812430879,3.2349511483985856,3.8686580168241806,3.7319240301501884,4.864156764259794,4.550582968107555
2020-05-21,3.107660459459757,3.2247830355061575,3.862975625818596,3.726405415661412,4.855992378845127,4.542861236429189
2020-05-22,3.1135627695288726,3.236217976959541,3.8813580477036957,3.7441007141013367,4.87984799301915,4.565094475466758
2020-05-26,3.1519242957903324,3.2427827950227908,3.8412422769337327,3.7053667134479658,4.831413665437612,4.519700948243939
2020-05-27,3.1988210732288254,3.269350222335181,3.840047893808353,3.704177737978383,4.831351415747578,4.5195594706372795
2020-05-28,3.192919460997268,3.2609171973069535,3.834511591358888,3.6988005357015665,4.8280224161618905,4.5163621232636295
2020-05-29,3.207146275300775,3.278950932238563,3.8575389322510754,3.7209758847041714,4.8572225787755325,4.543593659341226
2020-06-01,3.220108956867204,3.278071900851501,3.847648309333581,3.7113984927987707,4.846474461048336,4.5334560431847875
2020-06-02,3.24677263213687,3.2895911465248866,3.8337742950683897,3.697978994539711,4.830183287745545,4.518133847229765
2020-06-03,3.2899806402415557,3.298360803197133,3.7873269061624284,3.6531404752422936,4.774494043390301,4.46596009712905
2020-06-04,3.2813396666744215,3.274060913336907,3.7633696575153692,3.6299959377720548,4.742952491431188,4.436375088834302
2020-06-05,3.3654381643522804,3.3150788638277766,3.729076708998512,3.596882556527343,4.702250960569923,4.398223435167082
2020-06-08,3.406117209145252,3.3442174312714212,3.7455285971025867,3.6127153009582544,4.72555331783385,4.419937751989327
2020-06-09,3.380719411206559,3.3444501833744846,3.7780536389871147,3.6440507891631713,4.763290384123162,4.455152192297348
2020-06-10,3.3618547684897937,3.3530876084845245,3.8253623294190193,3.689644802859212,4.820811142485652,4.508868874257436
2020-06-11,3.168047832577624,3.2624579181766538,3.8600661781540206,3.7230803874139373,4.85891193603914,4.544420561582569
2020-06-12,3.205987516035018,3.2733185084168643,3.839981804467071,3.703671930732828,4.83394355988864,4.520984984446942
2020-06-15,3.235917768915648,3.2923795123359727,3.8387275780513743,3.7024254026458134,4.833203440686097,4.520209525840449
2020-06-16,3.298200817760963,3.3102080591245038,3.8065454600427198,3.6713494645486526,4.794204733818705,4.483653757408712
2020-06-17,3.2845015686516215,3.3074233435841736,3.8176470854159117,3.6820201759759876,4.807494027644154,4.49599940939146
2020-06-18,3.2857660503074784,3.3221947597524433,3.838905563106975,3.7024865942017176,4.833594536192384,4.520325515014134
2020-06-19,3.266987939447957,3.311868148276031,3.8492942779594252,3.7124692132029145,4.843062825021411,4.529096736880209
2020-06-22,3.287945397002424,3.324778505806557,3.8534608773720525,3.716450745677229,4.8493248633632176,4.534869293663053
2020-06-23,3.30308219148211,3.324873362153098,3.846401404325204,3.7096053777762443,4.839470202310118,4.5255703054911764
2020-06-24,3.21882528467849,3.288249760447301,3.8665344538697375,3.7289853141286757,4.863113572772642,4.5475963484678505
2020-06-25,3.2533337008611336,3.313193355218705,3.8718326794347884,3.7340579209646276,4.868151436064632,4.552223511066905
2020-06-26,3.176061450179738,3.280161881169059,3.899161056691795,3.760376449043116,4.900426765376338,4.582319871541129
2020-06-29,3.222741549056342,3.3049588757635413,3.8945982496194347,3.7559386921864926,4.897074701954308,4.57910106355647
2020-06-30,3.2640242233373473,3.323940279354386,3.908849181003272,3.769644754853076,4.914993848188685,4.595772047687365
2020-07-01,3.286887475263859,3.335327468809696,3.925092092180886,3.785271565549887,4.935417713325931,4.61478441402891
2020-07-02,3.304987288016596,3.347735853833661,3.9376615500071765,3.7973555035106537,4.951222571746032,4.62947722870036
2020-07-06,3.3560075875877926,3.373258988267177,3.9369457267069756,3.7966274257694144,4.950322494266969,4.628550389363569
2020-07-07,3.3213951936089443,3.371351270008606,3.9528079271106034,3.81188636267797,4.970267653006134,4.647113514671828
2020-07-08,3.346798923166883,3.381435050085562,3.954702848571191,3.813675798201572,4.972650330589821,4.649255643666545
2020-07-09,3.3277465621469027,3.3914209264640665,3.9520702554356197,3.8110991804383194,4.969340103342119,4.64607512158185
2020-07-10,3.361723923947589,3.4053817585275366,3.967908198157323,3.826334124836768,4.9892547604292865,4.664608376782632
2020-07-13,3.3326157237107776,3.3921937063660867,3.9757576008317876,3.8338653316978846,4.999124613184017,4.673749922854557
2020-07-14,3.3758020988511523,3.420519903825477,4.008016381331511,3.8649343768699462,5.039686860629316,4.711585341355027
2020-07-15,3.4068171402163463,3.4329907162266826,4.010077670606736,3.866883620985502,5.042278729396293,4.7139216462336275
2020-07-16,3.3955969590332917,3.4327284168934407,4.02033432906946,3.876735471803596,5.055175469821136,4.725891496474785
2020-07-17,3.4054410045511423,3.4358229750253315,4.049310238315694,3.904637580742151,5.091609829167372,4.7598649246202775
2020-07-20,3.4329619732613272,3.455861469824305,4.038372523005644,3.894051915664071,5.077856726662574,4.746920476571933
2020-07-21,3.440265890066529,3.4611004585571066,4.052952554944315,3.9080720274149803,5.096189684514524,4.763970885192503
2020-07-22,3.4598486076309083,3.4770589374378384,4.084199907102485,3.9381632150928976,5.135480160180861,4.800611607941046
2020-07-23,3.4185662822686824,3.468413168846899,4.1004740637149,3.9538161409356207,5.1559433133828865,4.819651651685421
2020-07-24,3.396548809462976,3.4549281387548154,4.090721616206115,3.94437327035864,5.143680568700024,4.8081001745850385
2020-07-27,3.4213185535990904,3.4649161802792383,4.094323970992922,3.947807484319133,5.1482101759568595,4.812245629369936
2020-07-28,3.3996185968824646,3.461318914583191,4.118331835663663,3.9709167271070225,5.17839770729941,4.840374014167363
2020-07-29,3.4414295341951937,3.4845028660874457,4.13184682153413,3.9839083227722925,5.195391474348425,4.8561690566312015
2020-07-30,3.4291510823547955,3.4862266035210396,4.131686268395118,3.9837138968959875,5.195189594548512,4.855890919253973
2020-07-31,3.4562484636670194,3.5018589865688203,4.131446811721827,3.9834433975696024,5.194888501305556,4.855520058386021
2020-08-03,3.480276406478534,3.5094136824985696,4.124185520317027,3.9764026834296655,5.1857581406976445,4.846896887047067
2020-08-04,3.4937212937978313,3.530928936247372,4.157991382162889,4.008957300154171,5.228265690953775,4.886536795384527
2020-08-05,3.5154205526768987,3.5317393204436556,4.143575332396475,3.9950182283904425,5.210138924574183,4.869505137559676
2020-08-06,3.5389191857003515,3.5537956020724843,4.155796328492669,4.006761222015856,5.2255056266008175,4.8837772271053534
2020-08-07,3.5414593144129998,3.545850585978704,4.159396946316011,4.010192829927709,5.230033049796733,4.88791854505561
2020-08-10,3.5520451612554504,3.545864846956656,4.153675512968218,4.004636804051869,5.222838909423169,4.88110509490765
2020-08-11,3.522723422725763,3.5114442206846173,4.092768655985257,3.9458761110170513,5.146254520125518,4.809443089607025
2020-08-12,3.571838974681252,3.5280439190192876,4.10988745684928,3.96234109655993,5.167779730497908,4.829470568390912
2020-08-13,3.5653815348344136,3.509132106360666,4.104792997441165,3.957390170537445,5.1613739482609216,4.823395300881593
2020-08-14,3.565487955062072,3.503712082290384,4.091917989068512,3.944938267207996,5.145184890045397,4.80817777937132
2020-08-17,3.5768138586352274,3.5139110445646833,4.111322098867527,3.9636059694714407,5.169583651899713,4.830889455766187
2020-08-18,3.584541013919611,3.5285181019673884,4.122943086568558,3.9747698931695257,5.184195902312962,4.844455131098878
2020-08-19,3.569616710976464,3.510880605825008,4.092963486704607,3.9458284765434315,5.146499500615352,4.8091405452150955
2020-08-20,3.5807304719318593,3.5301333038196354,4.097221350304689,3.949893992369703,5.151853345809107,4.814054771365662
2020-08-21,3.59343216225144,3.54610857347291,4.104089116775572,3.9564754582321355,5.16048888747166,4.822035279394893
2020-08-24,3.62984567496857,3.5653639435076516,4.107942108996808,3.9601504812154564,5.165333646680208,4.826473395232974
2020-08-25,3.6425473652881504,3.56193446019846,4.095762659813347,3.948369942922225,5.150019185814855,4.81207497371403
2020-08-26,3.6790662514766015,3.5779089747383703,4.088855360246127,3.941672010711626,5.141333935167306,4.803871168363667
2020-08-27,3.6871109228500663,3.5582602134104544,4.076339007053269,3.929567116239493,5.125595850606861,4.789077879317421
2020-08-28,3.710926374125042,3.570990669656744,4.093192885387221,3.9457749130997444,5.146787946923105,4.808790049683747
2020-08-31,3.69748358031842,3.572715626886987,4.103373741435754,3.9555497604232817,5.159589373258769,4.820661995590701
2020-09-01,3.7323091636713652,3.609251046068075,4.104366102173408,3.9564670211176227,5.160837169398988,4.821739015592487
2020-09-02,3.7862928304343924,3.654318376762445,4.156968638005251,4.0071341928298505,5.22697969064773,4.8834456275220415
2020-09-03,3.655990159094772,3.583014931769852,4.118783547711093,3.970285964360249,5.178965690823836,4.838498144985025
2020-09-04,3.626141204289698,3.5382484124806965,4.0865514646812295,3.9391767904271755,5.138437012824184,4.800545421083893
2020-09-08,3.527063623420356,3.488939540645301,4.064015366492468,3.9174144572433574,5.110100083249554,4.773983931388085
2020-09-09,3.59671374336991,3.5265278174199532,4.095684809073134,3.947902225414641,5.1499212961569265,4.811097295457471
2020-09-10,3.5342614689166783,3.4969563385083484,4.069730551483733,3.9228454466881884,5.117286366928608,4.78052143519234
2020-09-11,3.536060494142285,3.501007807015791,4.080912662949352,3.933584849635868,5.131346773590082,4.793568245608448
2020-09-14,3.5826359173851254,3.528591351603782,4.107041944098078,3.958731446989002,5.164201777750314,4.82417166560935
2020-09-15,3.600736427975421,3.5358552607365046,4.1077990388152585,3.959421822405411,5.1651537499818145,4.824972087052816
2020-09-16,3.586446459372877,3.5232110688788225,4.10041561339384,3.952265784151288,5.155869817846188,4.816210894969948
2020-09-17,3.554902108219622,3.5089265374677128,4.089337783443963,3.941548999205931,5.141940534946367,4.803110780037675
2020-09-18,3.513976377849749,3.4803254545028395,4.066841526289853,3.9198267715827244,5.113653701558914,4.776599937774363
2020-09-21,3.4748674675632216,3.464148968910451,4.043024459861161,3.8968319257890025,5.083706080262132,4.748538777818269
2020-09-22,3.5102551590694744,3.4842204165781085,4.0470044155742695,3.900629174574265,5.088710483589091,4.753125696142157
2020-09-23,3.428849267610779,3.4376064475745824,4.012186341934694,3.8670319676686424,5.0449301764398715,4.712145774128638
2020-09-24,3.4379891950321837,3.448369566794678,4.026900921158928,3.881175595928573,5.063432314285783,4.729340326635398
2020-09-25,3.4935709098039918,3.4818192868751803,4.0516069420174645,3.9049487184478453,5.0944977084491265,4.758268344011924
2020-09-28,3.551597498461724,3.5125546641568115,4.068127229485205,3.9208320162279344,5.115270347022358,4.777582022395425
2020-09-29,3.5322562326925575,3.5026988267340426,4.0676361199251305,3.9203196975883365,5.11465282499611,4.776917282221421
2020-09-30,3.5590374935908176,3.505204051538456,4.07898609685287,3.9312195164696124,5.12892430598546,4.790158147223578
2020-10-01,3.581885742009823,3.521017841480751,4.093020050733877,3.944705838818008,5.146570624325428,4.80655039368113
2020-10-02,3.547878373194125,3.495700857405701,4.086263399195117,3.938154852408233,5.138074798774329,4.798527482376429
2020-10-05,3.6107922671922514,3.5055724376883455,4.091504685928454,3.9431669482467377,5.144665201948783,4.804593867697521
2020-10-06,3.5594617788263374,3.4832294175912195,4.0859138941573105,3.9377396869494725,5.137635330523909,4.797940311490198
2020-10-07,3.6214199842882078,3.5094468697845813,4.100870077240088,3.9521141824283004,5.156441261487295,4.815414120794072
2020-10-08,3.653514231437498,3.535688256352166,4.129341594256348,3.979513337678295,5.1922413971547465,4.848757266029358
2020-10-09,3.6861419754002,3.5543686664997063,4.147829207245813,3.9972903932993837,5.215487754305725,4.870376093218166
2020-10-12,3.745442466520828,3.5932063682874156,4.167679082124587,4.016379902636184,5.240447021956836,4.893593659217511
2020-10-13,3.720999659280833,3.5894288316860536,4.159387070893542,4.0083490498706995,5.230020632423117,4.883767416527285
2020-10-14,3.697618960804753,3.5791802208638237,4.15480302196773,4.0038916375899944,5.224256641226,4.878295178476393
2020-10-15,3.6930495204722193,3.5740539625386067,4.1488211579232175,3.998087283508014,5.216735034835462,4.871181948424627
2020-10-16,3.690817138122834,3.568782346362695,4.158634071506846,4.007503819043394,5.229073809667384,4.882613479855997
2020-10-19,3.6347043689690683,3.5308323301879763,4.128047019041541,3.977988776133249,5.190613595998406,4.846612238808288
2020-10-20,3.649263702869162,3.5258780038118513,4.123175393687298,3.9732547215379377,5.184488005693425,4.840803453246745
2020-10-21,3.642355808878363,3.5170035461757694,4.117279694640316,3.9675339326581525,5.177074743322619,4.83379259107967
2020-10-22,3.662335247094704,3.5139516880994845,4.120152142606767,3.9702624220149434,5.180686564457331,4.837075826748172
2020-10-23,3.6747696656294093,3.5297022821653865,4.132618478198454,3.982235630045808,5.196361756797924,4.8516219965325424
2020-10-26,3.6068606503881133,3.503700935610724,4.1269441100319915,3.976728196052336,5.189226796266302,4.844871151363894
2020-10-27,3.59442553401585,3.505855783261594,4.129284968809322,3.97894427650584,5.192170196217872,4.847529943207978
2020-10-28,3.4715726275311414,3.4352704247422428,4.061593548419839,3.9136784682796955,5.107054884937412,4.7679765042860796
2020-10-29,3.5068556434036315,3.44287924536188,4.043554002811207,3.8962571352675326,5.084371928500656,4.746712134649305
2020-10-30,3.470297329393129,3.4077579010990644,4.024575141453292,3.8779310586509306,5.060507874785533,4.724345907948896
2020-11-02,3.5091937481431175,3.440885821404285,4.07452582827942,3.926022636910289,5.1233159564215205,4.7828936482983195
2020-11-03,3.571151255767429,3.4693516322440745,4.100430853761659,3.950944213280984,5.15588898111154,4.813213682758041
2020-11-04,3.650965030836589,3.545979355107869,4.148018603015188,3.9967573370928062,5.215725900879882,4.868983987661653
2020-11-05,3.7221685371911852,3.5899373444204303,4.171875872388045,4.0197046502577995,5.245724073429501,4.896897684888233
2020-11-06,3.7213182221262504,3.572091373572261,4.159700327485889,4.007933352201894,5.230414521814341,4.882516247524473
2020-11-09,3.768079270159631,3.568996343868393,4.132586581650548,3.981769251483508,5.196321650022381,4.85060170370603
2020-11-10,3.7625527456157246,3.5576232430972645,4.151709787839829,4.000154778048748,5.220367203182822,4.872957712857734
2020-11-11,3.7905035822618967,3.578616098031324,4.162347520888171,4.01036430242488,5.233743107463134,4.885353484381371
2020-11-12,3.753731729958518,3.582145704854037,4.170542986065319,4.018220555390864,5.244048099818554,4.894882356992022
2020-11-13,3.8057010886091653,3.6100030542917843,4.196465537101816,4.043156114141593,5.276643161171378,4.925216417582182
2020-11-16,3.8532060314798215,3.633570685741092,4.205775726566936,4.052085873302948,5.288349809810811,4.936052482928168
2020-11-17,3.832482000588646,3.63133276316715,4.189463721349047,4.036329806113431,5.267839065705568,4.91681755487898
2020-11-18,3.7863584271648825,3.6093186861999573,4.1536417204800395,4.001777375559498,5.222796418688986,4.874686531469519
2020-11-19,3.802299828349427,3.625868224180963,4.153335483614186,4.001442537664936,5.222411355914226,4.874237357082548
2020-11-20,3.776261415532105,3.623835389207635,4.159067615981182,4.006925186296681,5.229618949253388,4.88087452685541
2020-11-23,3.7988992659272474,3.630228548682036,4.143404436751601,3.991795278604471,5.2099240400891755,4.8624034412798505
2020-11-24,3.860112878714284,3.650874452263016,4.13985927263234,3.988340166476885,5.2054663444784905,4.858153609356793
2020-11-25,3.8541620689348584,3.6430021595674607,4.1355632612568645,3.9841617636758486,5.200064532204733,4.853022824092328
2020-11-27,3.864895508420915,3.663232238856405,4.142664251720112,3.9909630960550566,5.208993330126261,4.861266194329691
2020-11-30,3.8477845314884584,3.6516711558539643,4.130019804922725,3.9787421072985047,5.1930941804417605,4.8463391318082145
2020-12-01,3.8898697189616467,3.654098663207201,4.136858191030013,3.9852903745487507,5.2016927791833565,4.854274172867794
2020-12-02,3.898053260009237,3.647111164121417,4.1347523800065495,3.983222100684459,5.199044928691689,4.851713809093472
2020-12-03,3.8969901044889843,3.6582777039684675,4.141749009673012,3.9899226350750596,5.207842503163438,4.8598341349703675
2020-12-04,3.930573536987943,3.655733513242624,4.128779386386885,3.977388888066365,5.191534475988986,4.844526644250676
2020-12-07,3.9224960672492326,3.6644165192958247,4.143162866070264,3.9912052710413644,5.209620288688776,4.861314042695297
2020-12-08,3.933974448328903,3.677776975904346,4.15707521695321,4.004567533964662,5.227113703204702,4.877548039826387
2020-12-09,3.8986900367812964,3.6531230626257893,4.139272469647853,3.987378245779505,5.204728497371759,4.8565704036397355
2020-12-10,3.8974157853996214,3.665358957151097,4.141284908285675,3.989277159636132,5.207258941261184,4.8588420861651045
2020-12-11,3.8928456472295294,3.6679692952784126,4.146906187194821,3.994652376896792,5.214327147267105,4.865347746562077
2020-12-14,3.875416805289213,3.654049585325532,4.129964904744002,3.9782935268984474,5.193025148860292,4.845382182176752
2020-12-15,3.927809751337821,3.6787979200432512,4.15432463630893,4.001718856332465,5.223655118255637,4.8738718823759895
2020-12-16,3.933974448328903,3.6783452909795282,4.14462834479186,3.9923390432610297,5.2114629842157125,4.862406591730333
2020-12-17,3.9559727306017534,3.6867931968743908,4.162274465949527,4.009296903572308,5.23365124805455,4.883018778593167
2020-12-18,3.9401771774669188,3.6735404504413687,4.154053129261205,4.00133793207299,5.223313724815391,4.873284066369918
2020-12-21,3.9260892328375374,3.6714875840730836,4.134498053258045,3.9824621493100665,5.198725137789957,4.850253898005093
2020-12-22,3.9194719881898203,3.675354163944326,4.1292832751771815,3.977399573296957,5.192168066641836,4.844047127453344
2020-12-23,3.922994672184724,3.667178293222653,4.125031258341705,3.973264437235549,5.1868215731801985,4.838969974791081
2020-12-24,3.9382563795873673,3.681543029250923,4.141896683114643,3.989469676233886,5.20802818800917,4.858664888590574
2020-12-28,3.9720889400946815,3.701175076407196,4.15116883745966,3.9983608367085153,5.21968701122156,4.869451929632684
2020-12-29,3.9645111220477998,3.6950557373177917,4.152368335571143,3.999476402265332,5.22119526226064,4.870769265793547
2020-12-30,3.970167444377573,3.7014174117633347,4.160854039780373,4.00760980038971,5.231865201686445,4.880633186420041
2020-12-31,3.9903401835975965,3.7148636318180226,4.1868170694531255,4.032576504540465,5.264511160947827,4.910997063071865
2021-01-04,3.936014925349723,3.6827282659392857,4.166881532386598,4.013335468338959,5.239444181510884,4.887523320122764
2021-01-05,3.9631234720628825,3.6870070925258984,4.163849030822932,4.0103748254774345,5.235631108700995,4.8838764078816626
2021-01-06,3.986816801765135,3.669957728662404,4.159362271562296,4.006013599441996,5.22998944970031,4.87852392670108
2021-01-07,4.0460516961552715,3.689734593681735,4.14488701521221,3.9920323173933987,5.211788236858077,4.861456329559212
2021-01-08,4.069104410978894,3.697584563567008,4.138127724887572,3.9854826566050927,5.203289093292965,4.853439097344372
2021-01-11,4.041675207907641,3.6801857019427504,4.125336401595967,3.97312365696066,5.187205260845817,4.838347566777786
2021-01-12,4.0425300589167055,3.6794839809332833,4.113666430714871,3.961844869833118,5.172531418895638,4.824571729967495
2021-01-13,4.053416324828056,3.702003687901069,4.141933501782966,3.9890290244785347,5.2080744838676,4.857634317890601
2021-01-14,4.039220913214678,3.6803536964321877,4.122123305841113,3.9699106618743993,5.183165108581693,4.834311999612359
2021-01-15,4.0097637941986575,3.6700907482118823,4.129212636358289,3.9766986618066635,5.192079245266483,4.8425369770728635
2021-01-19,4.0412474334843305,3.692118094010182,4.135922790866281,3.9831213589501653,5.20051660536916,4.850316979176234
2021-01-20,4.097174577847556,3.7242295011199844,4.153069628986211,3.999594928908815,5.2220770698365335,4.870335870114907
2021-01-21,4.10090940446022,3.715811880810645,4.134974648119186,3.9821290339064923,5.199324409008188,4.849026438008536
2021-01-22,4.0863940343263065,3.7127312254009373,4.133155306314973,3.980337354762178,5.197036765417611,4.846803650010923
2021-01-25,4.102510243819236,3.7390198323843924,4.173404188538079,4.019058115011506,5.247645780849684,4.893911937874834
2021-01-26,4.096107235301954,3.7326962761614135,4.1669074401014345,4.01276172732428,5.239476757917174,4.886203576052637
2021-01-27,3.9959958080898126,3.6817551651970946,4.116123539696867,3.9638170439237297,5.175620992059405,4.826564404269506
2021-01-28,4.030362563248097,3.692612081948769,4.130082018322305,3.977219468521688,5.193172407680024,4.842842910747649
2021-01-29,3.9496761423121325,3.639372145092103,4.098848651824858,3.9471028539106605,5.153899517608124,4.806130832976692
2021-02-01,4.01542011652843,3.677406676828602,4.1317440364352604,3.9787408280595673,5.235049236267667,4.881714913160063
2021-02-02,4.072198971631708,3.6991221830970744,4.167801326046383,4.013422958252334,5.284891077332869,4.92810196092827
2021-02-03,4.075401348187297,3.68773816033469,4.180824428813195,4.025923634833795,5.258597341338522,4.90349302982799
2021-02-04,4.121721711802535,3.708944024772568,4.213836010111907,4.057671770359415,5.302246153828524,4.944103247124958
2021-02-05,4.1379439926043435,3.705281161607148,4.2254400932861715,4.068805340093748,5.302264323181964,4.944029126930031
2021-02-08,4.167827490368559,3.7278445385946566,4.263446118139386,4.105361671253311,5.352597542780912,4.990869774207902
2021-02-09,4.165052539317503,3.7274578119329465,4.261150366425328,4.103110235039093,5.353057137467133,4.991206378320678
2021-02-10,4.163237812746832,3.7364046740669905,4.2754047557990225,4.116795004113896,5.357718201050844,4.99546035827016
2021-02-11,4.169962524378546,3.731843484957936,4.262624450523278,4.104448002900775,5.3884702488703935,5.024040594912056
2021-02-12,4.190561293427985,3.7243650476145467,4.275030313184952,4.116352571328035,5.406327863037769,5.040597633122168
2021-02-16,4.186931491367863,3.699744278591085,4.271575111209236,4.11298471029262,5.387648695174516,5.023089565366721
2021-02-17,4.187892762604586,3.709652750404454,4.2804920087117555,4.1215295589681595,5.36716790806973,5.003902460398654
2021-02-18,4.170069293524983,3.694175281261332,4.259507498110777,4.101283548861333,5.342728234136456,4.981025190577604
2021-02-19,4.162704315933419,3.6706194191717385,4.255436790475564,4.097323300811787,5.343964631071177,4.982086120112467
2021-02-22,4.1306861330779965,3.6425089963414212,4.256306932863281,4.098120353381065,5.278592284240177,4.921049968835954
2021-02-23,4.1357032362042565,3.640962078086942,4.269945453641883,4.111211106230734,5.270431874412711,4.913351802269171
2021-02-24,4.18127516903809,3.655480241286757,4.307506321118186,4.14733440756192,5.325640506334358,4.964728518756937
2021-02-25,4.080524173703656,3.5787528487702263,4.234311479243198,4.076820722573162,5.187064067687951,4.835454169324982
2021-02-26,4.0594983280684644,3.6150124708989138,4.202357218192088,4.046014725727422,5.199247354879911,4.846722331181795
2021-03-01,4.157901797856373,3.6484915541177316,4.273222595100741,4.1142027419015,5.299668176244721,4.9402433182410865
2021-03-02,4.125455840577639,3.6315128854207503,4.257329651582185,4.098860457575451,5.249468002946608,4.8933576046104434
2021-03-03,4.070811321646789,3.5868968755798982,4.234519323640261,4.076858643382074,5.167380387034893,4.816749883306925
2021-03-04,4.020437219654689,3.551011540938308,4.207834313062995,4.051126884047742,5.076707970856907,4.732142847579418
2021-03-05,4.094398580040162,3.5929736317338237,4.284155869637268,4.124565064437524,5.163029737535736,4.812517163697733
2021-03-08,4.074014047121158,3.5710665032006874,4.2862935744936275,4.126582094600932,5.0906127187246595,4.7449290638014725
2021-03-09,4.132180203290575,3.621452604830257,4.3075927506259255,4.1470463969253855,5.199265738438861,4.846114621885678
2021-03-10,4.157901797856375,3.6378807374638864,4.348640882444925,4.186523003914776,5.203499576354937,4.849971553819608
2021-03-11,4.200059560435639,3.6495154318354053,4.355516942184375,4.193101019505011,5.264085263256778,4.906350654520262
2021-03-12,4.205716231684191,3.6214847036304523,4.365430356510161,4.202602967296126,5.246158838441392,4.889552407636209
2021-03-15,4.230797211371361,3.642960787519969,4.38204913666195,4.218559922002344,5.2923767049953465,4.932537774790933
2021-03-16,4.225461545399683,3.634347886407594,4.358479642172597,4.195828047350776,5.298031248409981,4.937716908832469
2021-03-17,4.2398687507120405,3.6309050515295413,4.357918888195581,4.195246494712294,5.305448645928314,4.944538784140233
2021-03-18,4.178179910547721,3.5845006138459676,4.3118982361417135,4.150902417450074,5.220500083788605,4.865279343673881
2021-03-19,4.170449963913104,3.5894080026898934,4.309134020630986,4.148200153837314,5.226884517337535,4.871139638690668
2021-03-22,4.203750423282123,3.6226939556763695,4.321669411442575,4.160226006741232,5.2838580145266825,4.924144789622595
2021-03-23,4.17066350220598,3.6186662978421373,4.304205769630832,4.143373540151382,5.247883366467206,4.890529138175089
2021-03-24,4.149462499343625,3.6154197702354707,4.316895152843528,4.1555474378297,5.221150435865193,4.865526968110843
2021-03-25,4.17280551459155,3.616218932339859,4.342371119528199,4.180029644305147,5.237085073654175,4.880286376183145
2021-03-26,4.24005018847723,3.6461214302548672,4.401534574066405,4.236939107003949,5.332440888051583,4.969054146895632
2021-03-29,4.23790852501044,3.6326374062086586,4.3947222649940905,4.230339470211193,5.31304581205376,4.9508895871867935
2021-03-30,4.226664966269178,3.6344681368635983,4.3759955259932415,4.212271302806515,5.290759161381036,4.930031269948212
2021-03-31,4.243796529409607,3.635195254401348,4.378021974756291,4.214180020253272,5.329017793240835,4.965589940445016
2021-04-01,4.289626662140056,3.682883483675988,4.414933118027579,4.249667544131207,5.4013316162659875,5.032879413397043
2021-04-05,4.351196172081886,3.7081723870444727,4.43625993508011,4.270153557634877,5.461832811407752,5.089159780005784
2021-04-06,4.348626385273005,3.716933732293273,4.439103361591562,4.2728480211235675,5.452776369418323,5.080627700997096
2021-04-07,4.353657794069212,3.7091590663241343,4.4369449911503525,4.270728011123399,5.451941742667829,5.079756474811074
2021-04-08,4.374324253361817,3.731971574446392,4.446432830951431,4.279817850908929,5.492334135724756,5.117297164790238
2021-04-09,4.406126804411688,3.742842920940034,4.457782678448029,4.290699726913563,5.515749353515932,5.139018850821066
2021-04-12,4.407732877552392,3.7430080812842137,4.457655331627662,4.290534480369579,5.507466131415172,5.131206870181409
2021-04-13,4.420795698808455,3.7608834917222436,4.466904722117224,4.299394343301543,5.525425886106026,5.147844833433293
2021-04-14,4.40569798323204,3.7483966487165703,4.478648140926732,4.310654507146563,5.502464480715713,5.126358079605111
2021-04-15,4.453027071037974,3.797648643955009,4.515509204362613,4.346089690488297,5.567983668904036,5.187303333965974
2021-04-16,4.467910550483954,3.7934663906828914,4.523929555188128,4.3541508086619585,5.575034941374064,5.193776852063781
2021-04-19,4.445959023327518,3.7779255507816965,4.508921975448223,4.339663287568206,5.536231703793903,5.157532244061004
2021-04-20,4.413408041496242,3.7682947483375973,4.490282013064755,4.321680060963036,5.507179339710399,5.1303726785054655
2021-04-21,4.455168036667207,3.7927135483402843,4.523244671032343,4.353361733159922,5.5648427555328555,5.18399522420524
2021-04-22,4.414478873229638,3.7785503436415646,4.493942434050905,4.325117005779344,5.516720096638715,5.139071336253662
2021-04-23,4.462342155686543,3.799579402394844,4.520806974744805,4.350929043843458,5.571695589649327,5.190187868887832
2021-04-26,4.471657589253891,3.80216740951812,4.5164979218985515,4.34673868003469,5.586334219224787,5.203728309843805
2021-04-27,4.470694224504492,3.788409409434811,4.517059156208603,4.347235582753779,5.574604084928199,5.192705925412444
2021-04-28,4.469409156640662,3.7887400158176736,4.530306513646672,4.359941528762176,5.553257556060535,5.172726503855253
2021-04-29,4.497891396587571,3.798747864380076,4.554121524141784,4.382817370363628,5.574081891355068,5.192028243683663
2021-04-30,4.468339022744825,3.787287648030296,4.5295563273052535,4.35913284301445,5.527353790009403,5.148408110657229
2021-05-03,4.477975810507824,3.7930974333543506,4.563405203320168,4.391664484431928,5.530503147062303,5.151246674359942
2021-05-04,4.450349468326317,3.7893526273819287,4.558823865230385,4.387211927585332,5.498131592512795,5.121000690288784
2021-05-05,4.451741654255366,3.7925635592073266,4.572774901822606,4.400594025201932,5.5008433327803665,5.123432058710586
2021-05-06,4.487291244075172,3.8132330473698635,4.607455686132419,4.4339248584162085,5.546012022599253,5.165406597990154
2021-05-07,4.519950390728003,3.8223625205537126,4.6344300799686025,4.459838957642245,5.581620996087871,5.198476090365216
2021-05-10,4.475192136487288,3.7841688331576826,4.626753291172782,4.4524070908053694,5.504424575936323,5.126484319989559
2021-05-11,4.435250008156007,3.7553370330698606,4.5744877985381605,4.402067294320614,5.470894734689334,5.095162831053667
2021-05-12,4.3410241429115795,3.69168434347597,4.512330387898028,4.342209519210511,5.354563728587823,4.9867293951873615
2021-05-13,4.393169705545728,3.7205782126569558,4.555036063199429,4.383261538565965,5.413907438830137,5.041903595677602
2021-05-14,4.460628615561843,3.7687740570167017,4.612071731253669,4.438102199543149,5.502278846463945,5.124108391971691
2021-05-17,4.449278636592922,3.759831015456329,4.614638992954221,4.440528458271601,5.480527973753858,5.103758447828461
2021-05-18,4.410945372752579,3.736547517627727,4.580768508002589,4.407892068176699,5.4449865151642065,5.070566962803006
2021-05-19,4.399381157653223,3.7270543485740935,4.558132611653248,4.386066818861493,5.45089085623699,5.075971804729692
2021-05-20,4.446708151946482,3.763378368106291,4.589285996435372,4.416000268056038,5.516906568081485,5.137352250781072
2021-05-21,4.443068231241764,3.7663563940751588,4.599813776580901,4.4260865113167975,5.5158047450769985,5.136231629032112
2021-05-24,4.488362424727345,3.794974747446513,4.623580701787899,4.448911551529098,5.571694949179837,5.188180158994602
2021-05-25,4.478403236012356,3.803984346423893,4.605259683551884,4.431238590563382,5.575078315950702,5.191235024019235
2021-05-26,4.487291244075171,3.805895654350453,4.607634801550585,4.433479864331861,5.578009815247529,5.193869026035284
2021-05-27,4.489646794753617,3.80097039186778,4.608292042663721,4.434068163288079,5.581364168869779,5.196896655628266
2021-05-28,4.497677858294693,3.802637295621957,4.618101228930221,4.443462303695534,5.5990113768522525,5.213232230086193
2021-06-01,4.493715536637984,3.8002869120278664,4.6267322532474155,4.451722659705547,5.610815861824674,5.224127149416854
2021-06-02,4.500782886510882,3.8073925388388226,4.645528937899276,4.469763890346451,5.628116015535742,5.240138487189408
2021-06-03,4.4840787488749845,3.79319731930328,4.644129109450958,4.46837258327121,5.604675231361852,5.218217494961626
2021-06-04,4.5250899643457645,3.83479135358064,4.673629940839911,4.4967122356892695,5.657165686913644,5.26699157875046
2021-06-07,4.520699170428187,3.827843839555005,4.665145151442421,4.488503991554249,5.641505487181748,5.25231472081612
2021-06-08,4.521663233015143,3.839092647684555,4.6625897421532745,4.486000723436965,5.638851282438084,5.2497469286059095
2021-06-09,4.514917237337898,3.8492136673416546,4.661152645303286,4.4845734518988705,5.625220890586229,5.236960633185532
2021-06-10,4.535904352988598,3.8691851734031557,4.676100667800857,4.498910450762173,5.639874359449645,5.250505992883683
2021-06-11,4.543400524041145,3.8705251677976538,4.676431225631608,4.4991837348364445,5.647270511984216,5.25729469405613
2021-06-14,4.553572204292673,3.863865989898055,4.66731068801828,4.490364226258501,5.644260066342735,5.254395357818416
2021-06-15,4.545220833312284,3.857754038759909,4.676761460767025,4.499411952280471,5.643544492022659,5.253632445440636
2021-06-16,4.519842574825226,3.843516244692067,4.6426986794508815,4.466596456620649,5.608273324219169,5.220702001627835
2021-06-17,4.518343270830961,3.86577038422242,4.6180482951357185,4.442836898531752,5.580687563194892,5.194926928163507
2021-06-18,4.4573892536156565,3.8635597195141482,4.558156174444265,4.385173505099263,5.509989180782514,5.1290210461963195
2021-06-21,4.521200217795132,3.8708702910349815,4.622262563293371,4.44680282040747,5.5754673953551075,5.189876417630427
2021-06-22,4.545371217306122,3.8870689437475496,4.631594974703197,4.455736660291971,5.594164529931383,5.207184577116374
2021-06-23,4.539893890310084,3.8802527584221647,4.619320569108377,4.443884106989559,5.591257605682271,5.204382883581875
2021-06-24,4.566751564420991,3.896517977926495,4.64330295823394,4.466911245622193,5.6325236348199255,5.242697037619914
2021-06-25,4.582972100628903,3.888638295361229,4.660313854696231,4.483231335757735,5.643187554131305,5.252526163378212
2021-06-28,4.592211469902383,3.909333434100698,4.651520030711014,4.474727154554701,5.655194352477065,5.2636048177064625
2021-06-29,4.59468146594041,3.913211178090351,4.6384923570883,4.46215025118728,5.653220369659838,5.261670608980087
2021-06-30,4.598549579526732,3.9221585059821624,4.657120275013041,4.480025431906532,5.669296023415286,5.276535654401633
2021-07-01,4.624008787170565,3.9352749868527184,4.684719876221974,4.506530690700093,5.682345523018785,5.288583695627966
2021-07-02,4.659352514910638,3.9628208143900174,4.703219572359658,4.5242817300966,5.713696376651929,5.317664127337317
2021-07-06,4.650866112362693,3.9770687818835544,4.681646217060109,4.503484359984525,5.698228071116171,5.303170296066047
2021-07-07,4.667302978213716,3.999595879184805,4.69733731850844,4.518533390033831,5.707347348528044,5.311559502878818
2021-07-08,4.629273622630064,3.986311854436407,4.66683997464161,4.4891522779082,5.6590161352120445,5.266482916395846
2021-07-09,4.678689942573233,3.989419783762164,4.705109594934666,4.525919786809098,5.717317071282835,5.320641854746745
2021-07-12,4.695449558295024,3.9959241008759534,4.711683100960984,4.532197870482754,5.737093557277587,5.3389478851510095
2021-07-13,4.67944186254243,3.9755178104090794,4.689839668677519,4.511141667423166,5.716088466182936,5.319302541499469
2021-07-14,4.686424774070759,3.997145036887375,4.692759903789459,4.513905737728555,5.721947664470462,5.324656946866066
2021-07-15,4.670418473993282,4.00658975211714,4.696413927692416,4.517375567640499,5.700754239732892,5.304837332580957
2021-07-16,4.633785491364029,3.9847120529378453,4.668758071109548,4.490729353514027,5.646260129451863,5.254031061616256
2021-07-19,4.5653541447102555,3.984355188377844,4.61370625833814,4.437732635324062,5.588716771369673,5.200389287109024
2021-07-20,4.630777113649681,4.003251559541616,4.660211040109566,4.482419074228295,5.655713177400175,5.262633571268181
2021-07-21,4.668269832150908,4.00241533878448,4.683638945606719,4.50490837546921,5.708192691005024,5.311367860540946
2021-07-22,4.678046187425592,4.0225782093168805,4.683094073274601,4.504339496507307,5.708015191207705,5.311104876932136
2021-07-23,4.726173601398359,4.036646063702134,4.704924236421301,4.5252913905634875,5.735585179253539,5.336659475053504
2021-07-26,4.7377751508070896,4.037806863211682,4.716356485596071,4.536242042694125,5.7451336512260855,5.345445368740605
2021-07-27,4.716182661074461,4.044001550358104,4.722628744750688,4.542229592398396,5.72344705510131,5.32516942421972
2021-07-28,4.714248953200079,4.043114266210027,4.7191883639978744,4.5388754875697215,5.735071570325893,5.335886744283949
2021-07-29,4.7338006169931095,4.04420559017551,4.741123025961615,4.55992670792496,5.7706089289017095,5.368851668005559
2021-07-30,4.710811405387303,4.04003045553525,4.725194841306605,4.5445620675516665,5.757025562910288,5.3561153411739735
2021-08-02,4.700927932047402,4.049358940782745,4.7235206816811575,4.542906724122234,5.754542138463683,5.35370625052146
2021-08-03,4.739172221599047,4.069985001313351,4.762544853226464,4.580393166948193,5.800318129647083,5.3961942985864955
2021-08-04,4.715860260122471,4.061320558009315,4.72770589224901,4.546841459700745,5.778783880141025,5.376061378672211
2021-08-05,4.745725614110168,4.068471921288385,4.7485158358309745,4.566809871674048,5.799819889195526,5.395532013344422
2021-08-06,4.753567214754133,4.045326210306942,4.751415895660113,4.56955351036508,5.793770997219319,5.3898054984203165
2021-08-09,4.749700147924149,4.037548630611918,4.739497701989764,4.558046156975974,5.777339790134311,5.374420953025415
2021-08-10,4.7556080406937316,4.0331037863486845,4.756887093506174,4.5747242967650035,5.779378974416164,5.376218899430403
2021-08-11,4.767425570826793,4.038126099660503,4.7786596105195205,4.59561733815551,5.801776949452519,5.396955023597723
2021-08-12,4.781713096997883,4.042741142204781,4.784735572234336,4.601414800815246,5.801828824653222,5.396903875553113
2021-08-13,4.790415480270158,4.072698586525955,4.799247847313612,4.615325154263128,5.82062965462053,5.41429282205971
2021-08-16,4.80169427980812,4.082400030629124,4.8076107847311915,4.623321614212643,5.826998664278472,5.420117381413663
2021-08-17,4.770217967816811,4.065685742246358,4.794087438638662,4.610270802938251,5.785187372895911,5.381126530077751
2021-08-18,4.718008553046067,4.044449386279525,4.746061141696708,4.564040554584299,5.727625193243452,5.327486600394444
2021-08-19,4.725312818770049,4.060121213545055,4.742078245795611,4.560165055886674,5.733630054350519,5.332973728762997
2021-08-20,4.762913004255272,4.080585143260404,4.765875796510198,4.5830041154044485,5.765481013774972,5.362500227305656
2021-08-23,4.804810124506466,4.101037773196383,4.795804391074535,4.611738450762586,5.829540997274054,5.421982845033159
2021-08-24,4.812437140101217,4.092187103912263,4.79608061204788,4.611958200552784,5.835615510989527,5.427532706157503
2021-08-25,4.822536594165449,4.083743052340049,4.802127769952346,4.617727279930369,5.849689686876453,5.440522472214437
2021-08-26,4.7940676131321505,4.073802283684816,4.78076242410273,4.597136635710873,5.827372175917951,5.419666177388309
2021-08-27,4.836931238401756,4.106742614347346,4.8198119693239825,4.634640219582428,5.885202874137669,5.473349999640738
2021-08-30,4.858202373938733,4.121866115328741,4.818104887916732,4.632952643863059,5.897109090936262,5.484321992736176
2021-08-31,4.851003830604852,4.106978716528815,4.807830736197048,4.623027332001085,5.87764528608738,5.466119940952134
2021-09-01,4.853583038220772,4.1110417306876625,4.804384963999148,4.619668062067424,5.870995342534889,5.459835032738861
2021-09-02,4.868515017377062,4.125808086236254,4.844378660642173,4.6580777701219915,5.89378924321214,5.480931668928354
2021-09-03,4.867333578390657,4.110198111809317,4.8320044474124915,4.646133224045634,5.904531406521979,5.490820214565652
2021-09-07,4.849929509683664,4.087511633007575,4.788264120437364,4.604029651929534,5.878521044512939,5.46653162742338
2021-09-08,4.844023012589197,4.0956527641564575,4.793189748259142,4.608719922598118,5.850195971874829,5.440091485987822
2021-09-09,4.823288165215867,4.10495735772533,4.7769828598076955,4.593091087494497,5.846147768347588,5.436226937601299
2021-09-10,4.785258809632215,4.0710616963565,4.743605874839036,4.56095359988925,5.8286767121162235,5.419881091971977
2021-09-13,4.797505160944926,4.087188136545141,4.768674816757293,4.585011661975775,5.857244070415898,5.4463445575818765
2021-09-14,4.771615736446327,4.093775289857975,4.738174124919821,4.555640379691677,5.832953567647815,5.42365819457897
2021-09-15,4.811470984001584,4.108547517394868,4.785524579684014,4.601120940420337,5.878218647049353,5.465646376704625
2021-09-16,4.803843270569275,4.097108532770923,4.757707444309865,4.57433020487137,5.865616183504343,5.453827985327681
2021-09-17,4.757049424170649,4.06529180559679,4.719770401825994,4.537810244973202,5.797911272140868,5.390776921235687
2021-09-20,4.677729020255292,4.044786974530956,4.65351884443218,4.474068369483213,5.686208738688088,5.286820860376227
2021-09-21,4.673310312835377,4.041100346236402,4.651035258326368,4.471636082180973,5.689449718082696,5.289736770134606
2021-09-22,4.718897598095496,4.0743941675522315,4.696468950406261,4.515272403286807,5.7612237199894984,5.3563696241953975
2021-09-23,4.776231582976497,4.067268784863204,4.753864207774837,4.5704078124300205,5.834377169447849,5.4242825089944136
2021-09-24,4.784099701447682,4.0553877205889775,4.760590044107166,4.576828571723032,5.837690009314519,5.427262528661902
2021-09-27,4.770412664495613,4.042464349627376,4.767448669746327,4.583376865140609,5.831051826505871,5.420991205888274
2021-09-28,4.674279958122803,3.9683989694833826,4.703060147265432,4.521429422501687,5.685520310459341,5.285596638071646
2021-09-29,4.682148774431545,3.9751611083835536,4.721665940748198,4.5392715192851645,5.665394184025048,5.266789191053928
2021-09-30,4.624920511940645,3.9457885345141404,4.6635750366382505,4.483380032486641,5.622072227158447,5.226419010699163
2021-10-01,4.679884989392031,3.9872074644754223,4.715933624308643,4.533670455458241,5.678321466664275,5.278612486280181
2021-10-04,4.619532159233305,3.952295493550624,4.700586932177597,4.518871944198866,5.60751666912216,5.212695776460937
2021-10-05,4.667597814582152,3.961703380899984,4.737542935887493,4.5543540083578655,5.672714034389348,5.273205520614558
2021-10-06,4.686997698706225,3.9805224762440696,4.75411950563279,4.570244148870021,5.6879155413719875,5.287239057276853
2021-10-07,4.727519381129774,3.9845203502338746,4.78071037243652,4.595760850615531,5.736081754692533,5.331914068992
2021-10-08,4.718897598095496,3.969005315345893,4.792735202564118,4.6072746576490555,5.737033629745294,5.332700653279197
2021-10-11,4.684733913666712,3.947735727461493,4.7603985472608805,4.57614379393755,5.699146372161337,5.297386032098974
2021-10-12,4.67320319477016,3.968908339199396,4.75600663440502,4.571876402317889,5.676334461616491,5.276085064942783
2021-10-13,4.690014450471275,3.9929163458971124,4.770866388121654,4.586115243562939,5.704239814768572,5.301925103055611
2021-10-14,4.768903939694309,4.039148764839766,4.841709686806314,4.6541688557815135,5.81598775970837,5.405692004214548
2021-10-15,4.805222546503494,4.048191369251114,4.862490034268543,4.674097800795373,5.854636507822679,5.441514005262786
2021-10-18,4.819449360807001,4.062974790355723,4.853828676913991,4.665725614515288,5.880298692751139,5.465264718864182
2021-10-19,4.856630145919613,4.059363062904956,4.896318159584465,4.706521668995194,5.934285665752431,5.51533968337726
2021-10-20,4.8757058844978,4.057969032521327,4.935349540037054,4.7439928891407,5.947130362324542,5.527175772883792
2021-10-21,4.888423276162445,4.062386438731684,4.925713398661435,4.734683276388432,5.959082446621119,5.538181859034457
2021-10-22,4.883358022244654,4.0777566253856765,4.954200144239486,4.762017880491496,5.954347955868432,5.533679850926581
2021-10-25,4.909546121218257,4.088386908276746,4.966084507841139,4.77339375316459,5.9903154861148264,5.567003778260956
2021-10-26,4.9139651775569515,4.104118771812291,4.97580801507874,4.782692407509408,6.007638847614606,5.583000135616994
2021-10-27,4.892194739246926,4.123077395798715,4.923423139137495,4.732293569479561,5.9564108263286615,5.535291118639327
2021-10-28,4.939399960886242,4.141365971634332,4.96384477257522,4.771098563929621,6.027423469908754,5.601179984770154
2021-10-29,4.949422652819048,4.151470786369687,4.959713241037686,4.767080047394965,6.03233253597612,5.605638646399834
2021-11-01,4.957935573194213,4.143799846768124,4.97643105733154,4.783100978872286,6.071392595279447,5.641831897952363
2021-11-02,4.977981305978605,4.1612083697370545,4.988869751075115,4.795008749795279,6.098031421524914,5.666481615925463
2021-11-03,5.008373527322909,4.159250882546721,4.994059803913637,4.799949384543448,6.13035981429569,5.696417249849422
2021-11-04,5.0319754403050085,4.1884981765206035,4.994397578687569,4.800226288469813,6.221303147019135,5.780816609146906
2021-11-05,5.049434638179116,4.222275038198246,5.01990007901419,4.824689321744278,6.2552575144082025,5.812259853665024
2021-11-08,5.053744134021138,4.221269856009831,5.02570409668336,4.830219595941001,6.294975416482864,5.849057200184237
2021-11-09,5.037040345304019,4.234879644419014,5.028220638490991,4.832590187963256,6.286618854934505,5.841185007089587
2021-11-10,4.996517267205355,4.18346691259341,5.0059986192107395,4.811184898484789,6.183081333931156,5.744877749679341
2021-11-11,4.998134505746993,4.181795584304293,5.005572742647065,4.8107277487821145,6.22145292021257,5.780423420672323
2021-11-12,5.0358547192922645,4.193383945864143,5.0225438928624815,4.826990278231204,6.265019653406894,5.820794562144421
2021-11-15,5.037578726980342,4.173183026340062,5.036524399659878,4.840378310106034,6.2706486253076354,5.8259171028461
2021-11-16,5.057517341699516,4.178847969068756,5.037844952072889,4.84159928034275,6.3066378197216295,5.859245925985597
2021-11-17,5.045231562564754,4.186003621114969,5.015594779189672,4.820167906674877,6.276833193016805,5.83144822746279
2021-11-18,5.062366963811755,4.200830489593937,5.006990110130762,4.811850650889902,6.329646726156406,5.8804059640713815
2021-11-19,5.053314266085152,4.214064000294367,4.970022139798905,4.776275944356986,6.312778212861331,5.864626659301557
2021-11-22,5.039088149619205,4.187176697595735,4.986977728962849,4.792522888881565,6.283844726138709,5.837639673466648
2021-11-23,5.045769944241075,4.166291285351145,5.021900067226658,4.82603551827025,6.295753958383634,5.848595528352266
2021-11-24,5.059241000468813,4.199721330359621,5.029102823326924,4.83290928471141,6.32554443299156,5.876161891739735
2021-11-26,4.946404505378884,4.185970341335048,4.9210353080272675,4.7290106263618155,6.165787000195076,5.72764853215399
2021-11-29,5.0070797364896,4.203320360271654,4.957976287498419,4.764462738212568,6.287849497823759,5.8409297333670125
2021-11-30,4.909653937121038,4.179807838969789,4.874186813109303,4.683897044985279,6.203234379756533,5.762222648675755
2021-12-01,4.855121072199535,4.162265926283662,4.847147020160195,4.657866567710043,6.155679134043056,5.717942971097896
2021-12-02,4.929483689181099,4.202592481872254,4.917645834045644,4.7255654126357935,6.230869259263114,5.787679654241952
2021-12-03,4.88659075473404,4.20070995011857,4.9156398411551505,4.723590792747693,6.19015944402665,5.749759546192885
2021-12-06,4.944464516966478,4.207482188090016,4.962897420522499,4.768954635451874,6.228158347905258,5.784948461010507
2021-12-07,5.0467399384472795,4.246101801105075,5.022596961390895,4.826273204240831,6.357824779981276,5.905278768216876
2021-12-08,5.060103178772242,4.223490971562298,5.017277924240029,4.821114128254014,6.348716025067999,5.896709759439221
2021-12-09,5.025940192181016,4.215831393391632,5.007383975119405,4.811559154488132,6.301976099691694,5.853189744669838
2021-12-10,5.073251485129211,4.235574414546334,5.041643812030319,4.844431002954133,6.35017237686059,5.897845161534625
2021-12-13,5.028311095285749,4.238100800426391,5.032717121555895,4.835805399763462,6.287747009301656,5.839758836111303
2021-12-14,4.993716147245861,4.216566338839449,5.0095386951738154,4.813485985998917,6.247870373161629,5.802616446468973
2021-12-15,5.071742760327909,4.239868612128784,5.052968631005864,4.855167964470734,6.3310478095529525,5.879757953108454
2021-12-16,5.027017653371218,4.218094293933086,5.061857563287921,4.863660562577162,6.265699695708269,5.818960807272581
2021-12-17,4.973515494523501,4.21027842541606,5.0044096208955695,4.808414170439335,6.214101891610974,5.770935588534025
2021-12-20,4.920630224077427,4.170798865673531,4.962203386329845,4.767813504296319,6.152420780726188,5.7135481059914675
2021-12-21,5.008015885574223,4.2088881960610065,5.01523712180513,4.818721764508292,6.2632795525720395,5.816391822225517
2021-12-22,5.058089917416202,4.241928433810246,5.0484191621880985,4.850555368336466,6.314441393920449,5.863795240728079
2021-12-23,5.089560995625823,4.243041465565431,5.061927273244403,4.863485681753184,6.337736916344115,5.885319819422894
2021-12-27,5.161588997055693,4.283184225166264,5.117155494334093,4.916499904801987,6.430873843320305,5.971698209417404
2021-12-28,5.1573712668526035,4.2742932385418655,5.1214503348257585,4.920577395472762,6.414586626770476,5.956464218632962
2021-12-29,5.163969669886243,4.258897306877182,5.12158178853747,4.92065475343409,6.40408823507997,5.946606081623312
2021-12-30,5.149692262359751,4.266118174479597,5.118364970005048,4.9175152266661675,6.38623732241207,5.929921144854241
2021-12-31,5.136714228367037,4.263013988074084,5.124088165259606,4.922964875170172,6.380877235167482,5.924834924828927
2022-01-03,5.166456414025673,4.233062022019703,5.121341159240752,4.920276754526068,6.415126710179628,5.956526873296306
2022-01-04,5.164725427962012,4.22517089119069,5.157475849656741,4.954943512192671,6.444154577370603,5.983369412247616
2022-01-05,5.065552243347167,4.167317848900014,5.116630154647173,4.915652923711859,6.343284690741736,5.8896036840739265
2022-01-06,5.060793340117522,4.1692847722998625,5.121732632297995,4.920506041622151,6.370689221176794,5.914939257242435
2022-01-07,5.040785290561286,4.147406218511283,5.130390373706875,4.928774610347788,6.342668167177455,5.888814325283412
2022-01-10,5.0345127776674286,4.148391077548441,5.118974348462345,4.917758304726662,6.335075967591439,5.88165705847053
2022-01-11,5.08036803254998,4.182115802992014,5.16023206988949,4.957344967673668,6.417647942699056,5.958209386823968
2022-01-12,5.094103220293579,4.182491478508731,5.1659442152415505,4.962783167218446,6.43366404850832,5.972968887804755
2022-01-13,5.023913671911367,4.1627702568079155,5.144899770825943,4.942517180177459,6.376312485984049,5.919615065393851
2022-01-14,5.025969152439693,4.138634130221138,5.1410365879694275,4.938756841666369,6.399881696525522,5.941386721005013
2022-01-18,4.936960669700791,4.071357233016579,5.075650200901802,4.875894659294376,6.282842528244811,5.832624945981425
2022-01-19,4.885698220496822,4.05726787145941,5.057361973539023,4.8582778576112,6.227542516025333,5.781181155089774
2022-01-20,4.831621392419747,4.040332023464752,5.028661804403582,4.830659431847902,6.165998188488505,5.723942612240372
2022-01-21,4.736774800667104,4.011986628506784,4.9871426791266815,4.790727464680582,6.089032274730184,5.652390464805282
2022-01-24,4.756889968288558,4.009025364189088,4.987033791577301,4.790575219451249,6.10899309429636,5.6708154541278315
2022-01-25,4.69881313532662,3.9770679264241307,4.9730802379989045,4.777123838023057,6.061244855712454,5.626388406560695
2022-01-26,4.687025612208569,3.951842442786088,4.949365541909608,4.754296296891515,6.054284233278913,5.619823655792439
2022-01-27,4.6638804339084565,3.969160779433978,4.95809290123245,4.7626323167489835,6.020280483700324,5.588157117905966
2022-01-28,4.779710303205228,4.028860719010896,5.018575043400437,4.820682154049496,6.111222158353796,5.6724667068528785
2022-01-31,4.865798684680922,4.064067746089392,5.063070427676595,4.863374622256642,6.148271602306574,5.70675107383042
2022-02-01,4.898675905570759,4.075147995471187,5.093701972862774,4.892749346692712,6.236651327626376,5.788677442560325
2022-02-02,4.946261797598192,4.104420894712675,5.135525072114332,4.932873413317642,6.273902047295809,5.823145217172505
2022-02-03,4.830000315771538,4.0337202920222275,5.08607999474017,4.885330887099541,6.213450466561719,5.766930641575265
2022-02-04,4.852710741272755,4.021313793115286,5.079145658406131,4.878621729271397,6.241802724063497,5.793138707043216
2022-02-07,4.837138147237836,4.014612446293475,5.086147222670448,4.885298284561374,6.26942736948589,5.8186705066311175
2022-02-08,4.876936869950861,4.023694375512805,5.099403887588198,4.897982737245345,6.255855946186213,5.8059678982422716
2022-02-09,4.9483169292077385,4.062058400004868,5.138993475285305,4.935959485294459,6.301498918222095,5.848220753043876
2022-02-10,4.859416960209171,3.9924492735238366,5.062858765189174,4.8627843800536885,6.230466363232404,5.782191197557658
2022-02-11,4.763595140468636,3.968893400474931,5.047758872829649,4.848232986637023,6.259728947265177,5.809241372702922
2022-02-14,4.7480221975149375,3.941357073691186,5.005916753110039,4.807996966840978,6.180368017534883,5.735486090791186
2022-02-15,4.824592423612562,3.9615953935554646,5.029289371138279,4.830397455469264,6.18896993056236,5.743363026690122
2022-02-16,4.830000315771537,3.9736522950955613,5.045593683764963,4.8460087884807495,6.2158901820809085,5.768238772339547
2022-02-17,4.726824683840373,3.9345452831136813,5.004248379778666,4.80625114868996,6.165054523827275,5.720958786874495
2022-02-18,4.696218226365635,3.935827405683099,4.9905652825758935,4.793061763686239,6.150552233097024,5.7073960368583085
2022-02-22,4.645819700058991,3.9145840738850586,4.961945203631057,4.765526938232947,6.1049182297474145,5.6649456889493255
2022-02-23,4.56340892251617,3.8513407591920292,4.908735173191237,4.714376334968076,6.066864870465539,5.629531091391562
2022-02-24,4.6320838144778325,3.8871308268629248,4.920905198790662,4.726017490615726,6.053728802634564,5.6172384834012705
2022-02-25,4.734285963015,3.939726944497388,5.030045681131571,4.830787523245318,6.186640592299658,5.740461239884323
2022-02-28,4.722174294351064,3.9682207798398608,5.044655450398104,4.844770361973118,6.245774917530811,5.7952240685924705
2022-03-01,4.65025445774275,3.9503107268777526,5.0075794958051665,4.809115642572884,6.241079185048797,5.7907604137726745
2022-03-02,4.735801666191889,3.9398998504321083,5.062917387706386,4.862211986249692,6.303493957677902,5.848563988868246
2022-03-03,4.712223130767997,3.9441820824442377,5.081352502269819,4.8798677572932645,6.326115229934681,5.869444552284428
2022-03-04,4.6739387155567425,3.9521923630383866,5.105355260830404,4.902870000400842,6.3976694497225415,5.935724075973428
2022-03-07,4.536154178834523,3.8702258538436807,5.039435376949375,4.8395164549275,6.357982364744828,5.898793959449677
2022-03-08,4.501763348280472,3.837047434720413,5.001207127389533,4.802756987020919,6.346692116281942,5.888210666393618
2022-03-09,4.622458889953326,3.883732595736389,5.0376450043478,4.837700877845325,6.322791822376235,5.865928873776522
2022-03-10,4.601586568580986,3.8508910354139694,5.031011022356356,4.831282147589076,6.358580027350248,5.899022495549372
2022-03-11,4.5430770763328265,3.826667080253382,4.993661805319938,4.795367983860513,6.316212046856925,5.859608675926567
2022-03-14,4.509874663140765,3.7741477001782258,4.96482455894112,4.767628420696045,6.235862190970249,5.78496081601371
2022-03-15,4.609048196674391,3.8213093797656095,5.007963722022986,4.809006324923471,6.2096091154282025,5.7604999416096225
2022-03-16,4.711250694130338,3.8871416124332785,5.060407364300737,4.859318145712673,6.247973376461367,5.795982758322854
2022-03-17,4.770192845664717,3.90473127487859,5.113349845566487,4.9101079767359925,6.34362209094371,5.8846036712703516
2022-03-18,4.822439943663615,3.9494668629393166,5.132998307752827,4.928926443373556,6.3643826154594025,5.903753245010218
2022-03-21,4.821029613958048,3.9121918525337582,5.149137175910703,4.944374505106083,6.42894325371688,5.963531394118247
2022-03-22,4.8774417554243765,3.9196092594210032,5.163267088681885,4.9578932117985905,6.421042888103729,5.956093258222709
2022-03-23,4.814629047872221,3.9236819602739472,5.14691047060294,4.942138040259837,6.444808522877299,5.978027909155916
2022-03-24,4.887205898541788,3.946876719509158,5.187763998799545,4.981316647001857,6.474123903389771,6.00510944743709
2022-03-25,4.911072989796088,3.936539594910271,5.219223079446396,5.011473968656984,6.525529176314584,6.0526792106436735
2022-03-28,4.946004993376692,3.966802338799643,5.221298567832765,5.013416980565618,6.487022780326241,6.016852225602704
2022-03-29,5.007192437255289,4.008230577012658,5.2593597524385975,5.049912565830165,6.514818057220651,6.042521643747421
2022-03-30,4.976274046391936,4.005888313618815,5.266266316721795,5.056493794223939,6.5435045970240715,6.069016749215815
2022-03-31,4.899681838411221,3.972786187925963,5.218605846451631,5.0106819602785295,6.486956727379818,6.016458509019394
2022-04-01,4.913568107986218,3.9855906387861717,5.233503452951677,5.0249360273238715,6.514706087028193,6.042083923868293
2022-04-04,4.955661320591328,3.994997549437638,5.228426864522635,5.020011824813274,6.50487368754675,6.0328537181832
2022-04-05,4.893064244844724,3.9286172558360266,5.184273836121916,4.977569314157994,6.438967434500612,5.971619900561462
2022-04-06,4.844137457948786,3.892327939969448,5.189605577371248,4.982638914775063,6.457186905176222,5.9884066831592815
2022-04-07,4.868546768985977,3.8923686886948135,5.214309137786916,5.00630748071206,6.4947908742271885,6.023169732711852
2022-04-08,4.855528260414875,3.869260822127921,5.228785391618174,5.020156339310824,6.545914845641927,6.070469512179663
2022-04-11,4.772535835267112,3.8050875343868555,5.1597607854276974,4.95383655180047,6.438171668651722,5.9704420104682345
2022-04-12,4.75485332937431,3.794527129449305,5.158446981220076,4.952525924183047,6.463345792738724,5.993676852805513
2022-04-13,4.8093125724334,3.8236892740935953,5.1905645230499955,4.983311796496918,6.511140612454695,6.037887378935436
2022-04-14,4.749428689113932,3.764463699056187,5.155391968167519,4.949494410863007,6.48193418819479,6.010693074365284
2022-04-18,4.751380889683612,3.757909824171448,5.150476958942813,4.944726519417955,6.494547725874133,6.022278676921843
2022-04-19,4.8280805646483245,3.783047471076917,5.18676895606991,4.979519204237288,6.5081996695803275,6.034826728383102
2022-04-20,4.824501006892409,3.811819476581953,5.230433254299102,5.021388849287858,6.562282315869905,6.084863606477863
2022-04-21,4.7523578622653995,3.766339266600631,5.161533935733303,4.955193942152439,6.4531148498793165,5.983528075979676
2022-04-22,4.6219574936676,3.694849996190917,5.050415487287853,4.848469396955405,6.321872762483809,5.861728380187802
2022-04-25,4.648752711317029,3.722482683125091,5.04555219691054,4.843752395245395,6.271382876357117,5.814806354494543
2022-04-26,4.514122051440088,3.672789584801369,4.977449867185062,4.778326333584065,6.224552753208772,5.7712793134121485
2022-04-27,4.526813274196292,3.6601422157750916,4.985924442963697,4.786414278091229,6.243891546885624,5.78910322404204
2022-04-28,4.641159540843862,3.717795809552949,5.065704567356733,4.862953660431858,6.350524975564832,5.8878613132238184
2022-04-29,4.4696418854664035,3.616066958804455,4.933182395290023,4.73568848554569,6.196501474150621,5.744953286774773
2022-05-02,4.496546314693725,3.604054970786046,4.861109455808301,4.666454486183051,6.105971661960572,5.660916248937383
2022-05-03,4.517159040494333,3.623686460952835,4.881787553825739,4.686257955847632,6.131945131940117,5.684891842411207
2022-05-04,4.6547195713603,3.6978838229814404,4.914299550892325,4.717420835588404,6.172782997157309,5.722646994187619
2022-05-05,4.489277289766444,3.5784974610288165,4.828446043587866,4.6349607288196575,6.064943606284391,5.622567982816057
2022-05-06,4.462482072117015,3.544589819670643,4.786207453878892,4.594369027633115,6.01188830396117,5.573279870086668
2022-05-09,4.319604716893447,3.488969924789215,4.804052782707488,4.6114532240908455,6.034303572145593,5.593956757837063
2022-05-10,4.329585887491527,3.506464204761597,4.822535285827249,4.629148703481847,6.057519186053755,5.6153748097204454
2022-05-11,4.260805622058544,3.500073264386745,4.885803790408266,4.689833458571371,6.136989870591566,5.688940067073194
2022-05-12,4.256357954379954,3.495269407991278,4.871110271240686,4.675682795244648,6.118533546481332,5.671726738127907
2022-05-13,4.358116976067525,3.5247419172018755,4.8195600931186595,4.626154783884607,6.053782088065597,5.6116004064015845
2022-05-16,4.340434470174723,3.5147024623325493,4.832319585009459,4.63835611479552,6.069809107538105,5.626353147025343
2022-05-17,4.429719296586759,3.5410944195106397,4.786082039839964,4.593928798495236,6.011730773139314,5.572415338352451
2022-05-18,4.251150341600246,3.4856407323753613,4.847853843954597,4.653174287736158,6.089321473135065,5.644232032927018
2022-05-19,4.22511332445804,3.4761715259634016,4.8731350511214355,4.677393734637329,6.121076844196794,5.673561795460527
2022-05-20,4.226958058043723,3.4928636256947305,4.908259129974149,4.711060114172346,6.165195708846278,5.714349856872745
2022-05-23,4.306043988539453,3.509085173507297,4.863509230625166,4.668061702869166,6.108985985575391,5.662146325692307
2022-05-24,4.273172699268862,3.5207098827009218,4.931392149768901,4.733169568294474,6.194252771767081,5.741070559689578
2022-05-25,4.310926409016938,3.5449421193276724,4.9381792943273135,4.7396367568009845,6.20277800920846,5.748866189767794
2022-05-26,4.397064336959279,3.5810244265078692,4.924469046139715,4.72643072940611,6.185556758036694,5.7327995786338315
2022-05-27,4.505008990764684,3.6372686466310498,4.933119621613817,4.734686330310979,6.196422625013089,5.742764335168389
2022-05-31,4.479731569804819,3.594234101610241,4.8557107753339555,4.660344881294896,6.099190454853839,5.652546705389448
2022-06-01,4.443496703502644,3.5751473648029966,4.8509187630019515,4.6556993673051625,6.093171275123578,5.646864302664965
2022-06-02,4.528116485836643,3.6167354196751837,4.866240335803913,4.670357891340072,6.112416488628011,5.664595526432429
2022-06-03,4.453802717484169,3.5780114376306345,4.84828801311285,4.653081931003409,6.089866826947995,5.643593999090951
2022-06-06,4.467363794756943,3.55815163025083,4.788387941639426,4.595547903021194,6.0146271841686865,5.573765347422758
2022-06-07,4.5102159057068345,3.594001276219696,4.826273667405362,4.631861810777869,6.062214914916697,5.6177615077602026
2022-06-08,4.461180256151784,3.5578187974946553,4.798615998856987,4.605272444709221,6.027474503920501,5.5854652254785675
2022-06-09,4.355080335932062,3.511789315567669,4.802279292458283,4.608742300960044,6.032075915824984,5.589626251412054
2022-06-10,4.228801047035511,3.441981141149014,4.786107969180881,4.593177016448662,6.011763342622124,5.570700990267783
2022-06-13,4.068242232675479,3.3203675172913933,4.660218178243757,4.472317439517484,5.853634935315072,5.4240740150316675
2022-06-14,4.055982622449158,3.297611637426122,4.612205336275262,4.426196460878852,5.793326675413717,5.368092520582115
2022-06-15,4.113806140377391,3.350426993260341,4.686580507686665,4.497527372107808,5.886748288960984,5.454556458056271
2022-06-16,3.977655590298211,3.29453615001926,4.724906781289366,4.534262495731997,5.934889385690872,5.499061858407082
2022-06-17,3.986230967134854,3.3030438988141024,4.725173035573806,4.534472907980028,5.935223823977121,5.499270448198441
2022-06-21,4.086578612360521,3.33053606336228,4.674234019724076,4.4855450937475,5.871240037951695,5.439886196541796
2022-06-22,4.079169322083997,3.3635499211204603,4.759957694047759,4.567762854833811,5.97891634743165,5.539549609645689
2022-06-23,4.1191561120190165,3.3943847479486426,4.781736436541347,4.5886165902654685,6.006272321558109,5.564792806328174
2022-06-24,4.250119286607681,3.440341724929964,4.742598210992199,4.551013775549899,5.957111343333894,5.519143656304159
2022-06-27,4.233885491486158,3.4207208951332153,4.7132971142381255,4.5228513575519385,5.9203066451325475,5.484943819631598
2022-06-28,4.147376313962738,3.38515999754324,4.724551972641638,4.533606361114841,5.934443715506291,5.497940024735143
2022-06-29,4.143997035586089,3.404639646034494,4.7720982377538546,4.579185471606029,5.994165914738067,5.553167119261184
2022-06-30,4.110330560417679,3.4000034983967695,4.798252099193113,4.604236266537842,6.0270174146375695,5.583498849965943
2022-07-01,4.153803746794565,3.4355420305206517,4.837516281836634,4.641866647041924,6.076336605807997,5.629085040710577
2022-07-05,4.161648138788762,3.450232175502239,4.841342195169517,4.645491621076983,6.081142282085001,5.633433232787575
2022-07-06,4.175703633971677,3.434050765775969,4.773022743464269,4.5798903984760235,5.995327173442572,5.553833755059211
2022-07-07,4.238243487038491,3.452822062675031,4.743770424501269,4.551776454350709,5.958583744343009,5.5196944316502
2022-07-08,4.234757439515405,3.435820663627251,4.7092677547056665,4.518625265000588,5.915245422927059,5.479447341807228
2022-07-11,4.1863812464530605,3.4359708900746853,4.755960429677566,4.563382321617241,5.9738954395110095,5.5336744712706
2022-07-12,4.149336539664339,3.4258942693765078,4.769901514695401,4.57671338581581,5.991406641599695,5.549793039717153
2022-07-13,4.127545515146339,3.4308122461719215,4.807956649109575,4.613181348684783,6.039207164183569,5.593967256085205
2022-07-14,4.117521427538416,3.4146169614600077,4.766851653316574,4.5736960697144395,5.9875757533382155,5.54604021501676
2022-07-15,4.196187608742755,3.4614461418927696,4.783238919979277,4.589373669832448,6.008159570009922,5.565003641021676
2022-07-18,4.161539973967206,3.429872748141479,4.755035028422909,4.562267509964248,5.972733055925895,5.532088258165202
2022-07-19,4.2739804462427315,3.4780743238757417,4.737935262421307,4.545815750905653,5.951254278790526,5.51209257564179
2022-07-20,4.3012198374980946,3.495025483842843,4.7338490363158146,4.5418500456540185,5.946121627277261,5.5072372427508665
2022-07-21,4.3450196118523206,3.540532060953566,4.804269838566793,4.609368824426871,6.034576212977493,5.589060035532605
2022-07-22,4.304705885021182,3.5446303178995335,4.863556098100746,4.666203532600315,6.109044855156578,5.657926651204711
2022-07-25,4.309937224277877,3.5333411779014314,4.831916600530387,4.635801790472911,6.069302924364946,5.621015904417009
2022-07-26,4.2589448382090165,3.5093417720987072,4.833181016196643,4.636968768425055,6.070891139215338,5.622383254894743
2022-07-27,4.369534645279612,3.5561312398383267,4.832381017279715,4.636155136688286,6.069886271754367,5.62134908785819
2022-07-28,4.42433931793012,3.594217159577085,4.877737502293838,4.6796233128277605,6.126857918803266,5.674006279997751
2022-07-29,4.488840094536093,3.621748778808529,4.874408576142304,4.67638308393411,6.122676501180229,5.670029487348277
2022-08-01,4.4755473358045315,3.6502038125377756,4.947182240863813,4.746153074727294,6.214086484552567,5.754575575922564
2022-08-02,4.446021130870227,3.6048603843259626,4.868447139228678,4.670570927962088,6.11518842357365,5.662886393063548
2022-08-03,4.515643337317444,3.661432957469694,4.915177300717661,4.715354861518141,6.1738855264479,5.7171367384918215
2022-08-04,4.5125927404308115,3.6594579465096517,4.93808641586675,4.737285509539736,6.2026613458719595,5.743677909984762
2022-08-05,4.504965375917282,3.620903653158618,4.846782586569982,4.6496481880294285,6.087975881703193,5.637375087705263
2022-08-08,4.49973682801082,3.6417608029032644,4.902673225795647,4.703218796016556,6.158179332660878,5.702277410591882
2022-08-09,4.481867650571141,3.6274219267841885,4.891769572976273,4.692712061411402,6.144483406713889,5.689490627845298
2022-08-10,4.576004192608091,3.6636589089430855,4.874184621028017,4.675796177594624,6.122395194290553,5.668933611157044
2022-08-11,4.576004192608091,3.629499857775648,4.805098262101704,4.609475917912551,6.035616784203928,5.588479602295507
2022-08-12,4.653471488887065,3.6810886979115396,4.844026210591631,4.6467728386681735,6.084513636352308,5.633650260044317
2022-08-15,4.672647018236106,3.688915365796073,4.834090118158516,4.63719523275106,6.07203304948654,5.621990937119561
2022-08-16,4.681799855652342,3.699386021778156,4.8407742953995125,4.643560976175171,6.080428951119301,5.629660867304018
2022-08-17,4.648568831120386,3.6681864595495988,4.799462124396928,4.603886075140405,6.0285373103881,5.581513370931236
2022-08-18,4.662079664088953,3.6767570319418312,4.803297111867079,4.607518962995605,6.033354384562132,5.585870368611873
2022-08-19,4.599430250525468,3.623430331180893,4.745185874054594,4.551731017279713,5.960361670748514,5.518189767318689
2022-08-22,4.503658326170361,3.5732891458038805,4.724661401483388,4.531998225512556,5.934581167545335,5.494220605373003
2022-08-23,4.4927629883707505,3.5602362890215145,4.714793303628388,4.52248755110795,5.922185987719032,5.4826441956195335
2022-08-24,4.507144722612226,3.5566512718457215,4.695595462518568,4.5040279503077905,5.898071847757151,5.460219225703621
2022-08-25,4.570774946864071,3.6066051623249904,4.740218204786554,4.546784984715258,5.954121850795396,5.512006745117263
2022-08-26,4.4160584285431295,3.5442307765914056,4.744889680812466,4.55122056710425,5.959989626555857,5.517337195437084
2022-08-29,4.386858113748607,3.5184406071876153,4.717752305493832,4.525145834367244,5.9259027486153535,5.4856809340277115
2022-08-30,4.338700343842049,3.498763109456965,4.715325519690729,4.52277314163834,5.922854496878151,5.482758145021686
2022-08-31,4.30568704462832,3.469409186813458,4.679636910954228,4.488497251102101,5.8780265341299565,5.441160895035227
2022-09-01,4.319197528678108,3.450533500843514,4.61741159048447,4.428769474695894,5.799866178577629,5.3687106751334905
2022-09-02,4.273653858265391,3.436510880020928,4.646363509629864,4.456494253760114,5.836232279663858,5.402273858789004
2022-09-06,4.257528925802982,3.3946841633998126,4.567863983893927,4.3811589628264604,5.737630122280164,5.310905535883605
2022-09-07,4.334015062474817,3.4527507634243846,4.622236720030557,4.433265197379228,5.8059269563777445,5.374023949456031
2022-09-08,4.362343778158873,3.45212534654386,4.587853335194973,4.400243749089184,5.762738467133277,5.333950008572743
2022-09-09,4.430113574807265,3.4873692591522505,4.597933409406034,4.409867762423402,5.7753999074984295,5.34557089017222
2022-09-12,4.477727380337035,3.4983952895959507,4.580381908667949,4.3929904650489,5.753353712672765,5.325067383352628
2022-09-13,4.283024769918633,3.4103809677478893,4.5660554786688525,4.379206599636542,5.735358484137636,5.308313968598597
2022-09-14,4.2993681255368275,3.4228770087238165,4.571079687982427,4.383981609585447,5.7416693232519025,5.314057036239973
2022-09-15,4.250555086162913,3.398672779747618,4.547809623389787,4.36162062817214,5.712440120275434,5.286907307969034
2022-09-16,4.218128319417035,3.371783925720869,4.535009666834881,4.349301449219102,5.696362273703763,5.271930035414449
2022-09-19,4.250839803886747,3.390621937587071,4.537142142046475,4.351303322544291,5.699040846019445,5.274311883404451
2022-09-20,4.202046303964469,3.3537484290614064,4.500907858679695,4.316510244095496,5.653527468993002,5.232094086184577
2022-09-21,4.128747191421938,3.341121110161479,4.548173506121652,4.361796084475176,5.712897188290306,5.286940804146977
2022-09-22,4.094065362606027,3.290137738168309,4.468980789025047,4.285805941962847,5.61342432292461,5.194789002904458
2022-09-23,4.025470024126024,3.2624378943504073,4.4643298404777,4.28130304574919,5.607582331443137,5.189287113108493
2022-09-26,3.985648272773571,3.218134917578522,4.3890136060736396,4.209032733722934,5.5129786618204975,5.101646398587471
2022-09-27,3.9754738011718085,3.179311035207171,4.324040527980638,4.146682773287079,5.431366886312708,5.0260312371187865
2022-09-28,4.053696506607771,3.259424999302172,4.443625776089657,4.2613206501478205,5.58157624546831,5.164935541539039
2022-09-29,3.969019152675203,3.2118256451028184,4.425749926007433,4.2441359670898935,5.559122639963686,5.144063254640974
2022-09-30,3.9076439904933924,3.1654391897209258,4.393788102560341,4.213443814873502,5.518975840142229,5.106819864634174
2022-10-03,4.010809852698738,3.235700524609379,4.465701734574296,4.282363139758403,5.609305548448057,5.190308170570968
2022-10-04,4.1350919305030915,3.2922440081339843,4.475026238027665,4.291262147301969,5.621017926942249,5.201049875184323
2022-10-05,4.125464563547131,3.2750532167378723,4.435960388004297,4.25375820436472,5.571947858604645,5.155551063745516
2022-10-06,4.0829072889656715,3.2475011467898725,4.415303156856793,4.2339073365883735,5.546000599208846,5.131448352642707
2022-10-07,3.9690191526752043,3.1805391453237877,4.377684388659365,4.197792326172175,5.498748190132375,5.087634257581539
2022-10-10,3.938714161025703,3.1461907516422096,4.322624082707268,4.14495338692591,5.429587709197168,5.0235520333128525
2022-10-11,3.9137710042563207,3.139805947755665,4.333698513897424,4.155531301090175,5.443498147469367,5.036329458218588
2022-10-12,3.900860660506773,3.1397539104038996,4.353212943602537,4.174201936851433,5.468009949942024,5.058914621931084
2022-10-13,4.003808448475112,3.1774563321436986,4.320876520017034,4.143154031172727,5.427392620121089,5.02124363894861
2022-10-14,3.912566536630488,3.123524093114385,4.285039243101206,4.108749916740992,5.382377917350219,4.979505813248873
2022-10-17,4.013107831778616,3.165598736477778,4.278433626227927,4.102375257843478,5.3740806942976045,4.971738066412506
2022-10-18,4.06026071560105,3.190884912258964,4.288554848177491,4.112039092007223,5.386793819762124,4.983407607581809
2022-10-19,4.031487826311059,3.1540802906914425,4.2245628500585255,4.050640700306091,5.306414365100849,4.90895689473167
2022-10-20,3.997682830387302,3.116646630439204,4.1776453667508715,4.005614936249561,5.24748196990766,4.854349203553911
2022-10-21,4.09483228608273,3.1396217185428212,4.157726671914113,3.9864768206658976,5.222462375652038,4.831115053811071
2022-10-24,4.144937720614839,3.1522930987458975,4.136241814710897,3.9658374455636665,5.195475546732282,4.806061972664406
2022-10-25,4.211127613030968,3.2192049339906004,4.21380903204211,4.040168875703796,5.292906644556177,4.896100192378605
2022-10-26,4.179400079518627,3.2232043150688074,4.255969572727047,4.080551505321735,5.345863910590902,4.94499619968072
2022-10-27,4.15708218764402,3.2263769567926435,4.285969846241627,4.109274389132941,5.383546834951352,4.979761692386502
2022-10-28,4.255981471017186,3.263560435691987,4.255877760011754,4.080382311043597,5.345748585922144,4.944707371564609
2022-10-31,4.225239981974893,3.2401109300668187,4.227973697692022,4.053588584906409,5.310698683152667,4.912196457214145
2022-11-01,4.206750775864557,3.2437166000868407,4.256129804607587,4.080542793329287,5.346065175617089,4.944818055193943
2022-11-02,4.101176676245104,3.1892422980387,4.238789987594306,4.063877913449619,5.324284873760242,4.924581762458013
2022-11-03,4.058948083153661,3.162654009977269,4.218580325205257,4.044461969733246,5.29889979922795,4.901012118624076
2022-11-04,4.11736929895068,3.1687126823084255,4.206338229323935,4.032685047753273,5.283522673653244,4.886699635591356
2022-11-07,4.156754203991563,3.1742532807526214,4.177563936813713,4.0050588307920805,5.247379686901434,4.8531818066790295
2022-11-08,4.179181307444062,3.1984132491418724,4.228051707960457,4.05342148427016,5.3107966707607925,4.911744261188524
2022-11-09,4.0930814116486545,3.163082507046291,4.235089543114895,4.0601282561205965,5.3196367971568765,4.919829525339424
2022-11-10,4.3180136472602495,3.316055508008609,4.370856045088881,4.1902442563575555,5.490171203187615,5.0774535787379484
2022-11-11,4.359805045121343,3.33045191904874,4.365896048337582,4.18544758811101,5.483941020575565,5.071598331358494
2022-11-14,4.322717421322779,3.3101869862076962,4.359314266443111,4.179096275782532,5.47567373630678,5.0638594025778385
2022-11-15,4.359586273046778,3.3485506083001386,4.407349605315493,4.225103768271989,5.536010254254753,5.119563837788793
2022-11-16,4.3263276839312645,3.362514293801318,4.463252917094316,4.278652898956781,5.606229623029383,5.184405464280157
2022-11-17,4.313090752204376,3.3421487202730398,4.424118554723504,4.241094951622863,5.557073497289494,5.138853295078776
2022-11-18,4.332673120849976,3.34205869947255,4.398127438302009,4.216137141980686,5.524426419132729,5.108569112880387
2022-11-21,4.316918740131088,3.3404025225093474,4.401656692716558,4.219478393109125,5.528859466287702,5.1125742908470135
2022-11-22,4.375011623356871,3.386336077027856,4.441482942588274,4.257613945826581,5.578884662249561,5.158737915922082
2022-11-23,4.402581789614924,3.4227652457943805,4.4929231743581495,4.306881813833956,5.6434980185886685,5.218389113852614
2022-11-25,4.4015967919012144,3.417664666456268,4.485663406458523,4.2998798900342505,5.6343791255724724,5.2098611629610945
2022-11-28,4.331360139483809,3.3887960803909736,4.485448492671101,4.29963111406327,5.6341091753671355,5.209515599756593
2022-11-29,4.3239208421922735,3.3694091590438453,4.457903513099579,4.2731847321258165,5.599510311420133,5.177428788653164
2022-11-30,4.460128266032465,3.443004653803227,4.5290154649387855,4.341306893919733,5.688833040460535,5.259921642349872
2022-12-01,4.456844591401319,3.485479458180279,4.57904766628661,4.389221817383135,5.75167778946126,5.317930242232263
2022-12-02,4.45170362210844,3.500600371775293,4.595067992098447,4.404534208940739,5.771800696857548,5.3364373439469315
2022-12-05,4.371620481741729,3.443202696568145,4.5428290266413605,4.3544180158958055,5.706184062294838,5.275672960783871
2022-12-06,4.308604005622515,3.4311623935266877,4.557191988720044,4.368141838347612,5.724225178264664,5.292255463178351
2022-12-07,4.3012749666652095,3.4599994457250567,4.600066235415523,4.4091936405821786,5.778078920446441,5.341946825402556
2022-12-08,4.334971099929853,3.4724698047651223,4.609440651645738,4.4181351380648906,5.789853993682185,5.35273452052451
2022-12-09,4.3025872501938185,3.420771460120818,4.556218009357548,4.367077959804966,5.723001776397085,5.29083202825437
2022-12-12,4.364618379680544,3.454737685344185,4.588582283114251,4.398054969085399,5.763654088428908,5.32831636000411
2022-12-13,4.397657847802714,3.4837721098707313,4.617279584996574,4.425516685005495,5.799700368328823,5.361541256206742
2022-12-14,4.369542321492755,3.4763600962950094,4.622737698650234,4.430704047662541,5.806556228621619,5.367780298797382
2022-12-15,4.262655938344694,3.4307633813039486,4.584471408438707,4.393983679868273,5.758490476191222,5.323248616994189
2022-12-16,4.212330336062904,3.3911316295237923,4.546051953793622,4.357117243162899,5.710232336056038,5.278540730505527
2022-12-19,4.176611171716402,3.351082432572598,4.513817666369134,4.326179590983457,5.669743298039778,5.241016117485911
2022-12-20,4.182325414563524,3.330031262870243,4.49579606192383,4.30886428420748,5.647106612516352,5.219994997825408
2022-12-21,4.244862476280104,3.363255032792244,4.526480979854673,4.338230199405343,5.685649509161365,5.255525952627755
2022-12-22,4.184304132960423,3.3342069029168315,4.513226099313742,4.32548355262514,5.669000238927612,5.240039697499439
2022-12-23,4.208373597106664,3.326162313846639,4.507053586434965,4.319524844642015,5.661247031750624,5.232776777502232
2022-12-27,4.1917779732111,3.2919848500262714,4.489240167098924,4.302409812175445,5.638871844633921,5.211999053639904
2022-12-28,4.139682305962379,3.259679325254894,4.4576994030847015,4.272139201831308,5.599253931682523,5.175284966600854
2022-12-29,4.214198098288016,3.309684764890906,4.4927745034832585,4.305711410801069,5.64331127518013,5.215910269558096
2022-12-30,4.20309759624623,3.2897265245257343,4.466035997245556,4.280043632023284,5.609725411118688,5.184772563177461
2023-01-03,4.185403924952493,3.3065298768734284,4.526619002092051,4.3380604538381125,5.685822876965116,5.255008636823648
2023-01-04,4.21771589742001,3.339965901106503,4.576557859692099,4.385875462606092,5.748550378188573,5.312885425327798
2023-01-05,4.1695769691275295,3.3226788872371396,4.572751469402349,4.382184081300506,5.743769224533247,5.308368847670901
2023-01-06,4.265193973544668,3.392846718760197,4.649576474120695,4.455763121877148,5.84026803946524,5.397453257821492
2023-01-09,4.262776315323522,3.3989184978351528,4.667586178851876,4.472977621124705,5.8628897779240345,5.418259997173539
2023-01-10,4.292670629569892,3.390719338975447,4.623591593788965,4.430773261889394,5.807628794373689,5.367091041067506
2023-01-11,4.346963438371299,3.438492159579242,4.6694421137695175,4.474667166595235,5.865220991840647,5.420214748708973
2023-01-12,4.362789696358704,3.4730744011910137,4.738696095949671,4.540987215753382,5.95220995115418,5.500502367023786
2023-01-13,4.3797153974194005,3.4681375586788903,4.720291801890634,4.523305801609927,5.9290925745543595,5.479038429838148
2023-01-17,4.371692707929026,3.455359118838317,4.694423094521592,4.498471899527902,5.896599252697928,5.448911186971631
2023-01-18,4.302672037457167,3.4561184445531166,4.767727156368374,4.568670717410055,5.9886754604879515,5.533894757270203
2023-01-19,4.27134924972871,3.432368986879761,4.76521976752693,4.566222599293322,5.985525964400576,5.530882562945875
2023-01-20,4.350920177327541,3.4484764723970267,4.713963988869545,4.517062353227677,5.921144297038659,5.4712903688339765
2023-01-23,4.403125405072935,3.4668085777455704,4.700091763531302,4.503724775675531,5.903719588631315,5.455089012587212
2023-01-24,4.398398951289757,3.484517072207841,4.745418477170631,4.547112541956702,5.960653840272338,5.5075953212548105
2023-01-25,4.400047941440304,3.488681146309596,4.7571173048249,4.558277152433685,5.975348574218263,5.521071444423204
2023-01-26,4.44840564180735,3.505194102261472,4.732274360595475,4.534427506338561,5.944143699108263,5.492137768788814
2023-01-27,4.458627566363084,3.5064882128880304,4.722836831178925,4.525339532849239,5.932289350281058,5.481083896949324
2023-01-30,4.402685767411131,3.474964727543743,4.707346403122294,4.510452015904423,5.912832040050692,5.463005873922895
2023-01-31,4.467419272842838,3.516733358443208,4.758709030139206,4.559620946923349,5.97732264745395,5.522488560181933
2023-02-01,4.514898395723832,3.5560687531097424,4.7827937388788255,4.582652455777867,6.023513775239521,5.565062352659241
2023-02-02,4.580621434813378,3.588968824013852,4.780314707066938,4.580231607683773,6.032246533756609,5.5730278107415545
2023-02-03,4.531934006199979,3.5446099874046664,4.740492901238011,4.542031394583849,5.967156629556226,5.512791487965189
2023-02-06,4.504237880262631,3.52111512484084,4.7266598876991734,4.528732460503621,5.935517830809452,5.4834608064527295
2023-02-07,4.563146535594206,3.5374416531187416,4.762246438645651,4.562783455019621,6.020652794523501,5.56200933213467
2023-02-08,4.5132501034108445,3.5209675328245913,4.733403838027636,4.535103798996054,5.968838851486108,5.514040929225775
2023-02-09,4.474124096104136,3.489311007614685,4.693125384825404,4.496468040251331,5.927149541213573,5.475427301714843
2023-02-10,4.484564443815656,3.4785788614313105,4.7316879129142935,4.5333695839248005,5.972665076243254,5.51737236649084
2023-02-13,4.537209309222854,3.514788733543443,4.768427312765299,4.568523694688449,6.01404745962531,5.555497870664929
2023-02-14,4.535121728166841,3.5105819160507434,4.753763728656805,4.554429544816324,6.025548046967987,5.566019060895426
2023-02-15,4.549848891999735,3.50432766385545,4.745723244077003,4.5466809923421225,6.002886537026238,5.544983664467355
2023-02-16,4.487202618705263,3.455517616628712,4.698612466566783,4.501501335477789,5.9267797751779,5.474581526142541
2023-02-17,4.4759922072480265,3.461085904096161,4.69897365389078,4.501802596595311,5.87791125616871,5.429341549974182
2023-02-21,4.386200052931019,3.392517186797466,4.62824065809034,4.433993489604149,5.784741343353273,5.3431834358857015
2023-02-22,4.380155035081207,3.4021476309316903,4.621104082608842,4.427112404843408,5.773725759413029,5.332910462890236
2023-02-23,4.403455133319289,3.4263046474063947,4.6442519082612375,4.449244244824347,5.836220900071729,5.390534907033191
2023-02-24,4.35641529918132,3.3865255898894775,4.612194369018436,4.418488825328701,5.790548722727007,5.34825200133758
2023-02-27,4.371252721348444,3.39720262386107,4.618210854195326,4.424208624433527,5.808486780997809,5.364721094594857
2023-02-28,4.355096735114686,3.395842416309114,4.595153664035587,4.402076240650313,5.7657307072679815,5.325133483282478
2023-03-01,4.338391550722451,3.3734345801701466,4.582520895105607,4.389930609205282,5.776342686188939,5.334836271005369
2023-03-02,4.372132345590834,3.3772110178373227,4.612230501650144,4.418347661667408,5.8116041846699975,5.367303749316448
2023-03-03,4.4422510634608665,3.4424352661298023,4.675463972392588,4.478878461411939,5.889836539424478,5.43945500882787
2023-03-06,4.445328178174719,3.4331894030794907,4.676392491710947,4.479723385548656,5.887357252229406,5.437065163374738
2023-03-07,4.377187480864028,3.4100352895189907,4.616752812018725,4.42254791038852,5.810840503672038,5.366301926760374
2023-03-08,4.384331243949572,3.4147152082749623,4.61735055375282,4.423076516891626,5.794911559267772,5.351493004816914
2023-03-09,4.303441403365328,3.380268782973446,4.56329843599328,4.371255154759689,5.736409435699159,5.297369811847373
2023-03-10,4.241344677148112,3.397632067439288,4.538374793023988,4.347337168409382,5.714629768381736,5.277159866656649
2023-03-13,4.235299659298299,3.397815815288125,4.531188225632167,4.340409942354623,5.692536397340103,5.2566609805890465
2023-03-14,4.305309514509219,3.4091692646571543,4.569285560595787,4.376859719814918,5.726293917248742,5.287736306714256
2023-03-15,4.278382754480028,3.4227091155691594,4.5390159724325105,4.3478216290250975,5.642116278983668,5.209909591476915
2023-03-16,4.353448093882921,3.448030513713672,4.578838535840715,4.385923148087287,5.677765968058171,5.242731820342875
2023-03-17,4.302545031021539,3.4445411805543444,4.544343580781153,4.352838240191682,5.633091333510929,5.201384383135079
2023-03-20,4.343916330672464,3.4522926871692463,4.581615792811404,4.388496099097044,5.690823162699337,5.254594997412909
2023-03-21,4.400954432428695,3.4676258188913485,4.605717857718507,4.411538361518416,5.742279726839542,5.302009519864409
2023-03-22,4.325933056791983,3.4506530826703137,4.55678085321011,4.3646211572690286,5.676313936625724,5.241004905121988
2023-03-23,4.337627767514763,3.4562501720024947,4.548524079160575,4.356669241233119,5.643327234749805,5.210451940483597
2023-03-24,4.366091165847594,3.4757051695836805,4.585950659641069,4.3924734975477975,5.690329286141316,5.253751900255787
2023-03-27,4.374255516362328,3.446945838800925,4.594437170888897,4.4005582033589015,5.7205795415844065,5.2815839950510854
2023-03-28,4.3644369419153595,3.444814211343432,4.603988261181618,4.4096623930426455,5.751397537060327,5.309939225004178
2023-03-29,4.427873167325964,3.4720877002231214,4.647403145027327,4.451200543785567,5.79981826027867,5.354544709727176
2023-03-30,4.453799577215159,3.4906762531697515,4.666793618040949,4.469727940864463,5.821906465257181,5.374838124112127
2023-03-31,4.516573903701602,3.5411134023408026,4.712503847101438,4.513463064415948,5.880030113722166,5.428398432528824
2023-04-03,4.533784322486133,3.555870882737228,4.748083914633946,4.547495117501857,5.935966252988787,5.479937311724313
2023-04-04,4.508630767692887,3.551105811716679,4.7275284138034674,4.52776297748361,5.8911725772862695,5.438484728095207
2023-04-05,4.496825798635877,3.5603773865336574,4.75361581801581,4.552702757577669,5.8937327656581,5.440747976006687
2023-04-06,4.5143676902606575,3.5723943981490587,4.755902879465304,4.554847854016437,5.884547631852773,5.43216874672265
2023-04-10,4.519000982729787,3.5515531532421907,4.752753086416821,4.551785946770353,5.89463851051018,5.441383658849716
2023-04-11,4.520214871162658,3.5550522988636004,4.766729487768438,4.565125961018494,5.907146539549867,5.4528294776802495
2023-04-12,4.501790215026476,3.5448956865983,4.763079305631641,4.561584790631992,5.890235055930719,5.437118507421513
2023-04-13,4.561586170813582,3.562004581145537,4.791593671223035,4.588847261421211,5.930142808740527,5.4738554661544345
2023-04-14,4.550443100680733,3.543751764099663,4.771084956322521,4.5691608865219235,5.913123176671732,5.458044858401355
2023-04-17,4.5667718017102,3.5345191523889876,4.774938171750481,4.572805544133415,5.9042041891615655,5.449711906465215
2023-04-18,4.569750521328315,3.540940715617724,4.781015489014872,4.578580058794795,5.919545382812387,5.463771534493604
2023-04-19,4.568978364069923,3.539222386796548,4.781964926105432,4.579443749013534,5.9077682779172935,5.45280077153758
2023-04-20,4.5440442791888005,3.5397369131269714,4.776353528378477,4.574024507433505,5.8974736695181225,5.443198712514709
2023-04-21,4.547574988315627,3.533430516041836,4.772118666287581,4.569923584898775,5.879241161099448,5.4262706866953065
2023-04-24,4.552319236956544,3.549315600574428,4.7926368621186475,4.589526776441985,5.902860632108287,5.447970033931961
2023-04-25,4.480056064269486,3.536387287483599,4.754905786164495,4.553349442067982,5.8322262051886185,5.3826797476601085
2023-04-26,4.461081512137269,3.5123236890259273,4.708353859303641,4.5087259682040335,5.793368315904535,5.3467185349512825
2023-04-27,4.549892157928358,3.5403369757267074,4.749797037848927,4.548366774359128,5.847372582601278,5.396459853568989
2023-04-28,4.588726120216868,3.5813106182618712,4.792409091564299,4.58912608572169,5.911495801237311,5.455537807849482
2023-05-01,4.584092827747739,3.5378345822997646,4.774174033587632,4.5716190486500725,5.885519512552265,5.43146504910679
2023-05-02,4.532571131890817,3.5492425471169247,4.736125043251346,4.535139265994257,5.8281930407378875,5.378462120440521
2023-05-03,4.501459440023782,3.5425493253209566,4.712539062446516,4.512509317122284,5.791113733014772,5.344145595454816
2023-05-04,4.469575590898356,3.513496272861839,4.68629769565238,4.487337168496021,5.75395170896314,5.309754002014848
2023-05-05,4.552319236956543,3.547848547416939,4.742807010148648,4.541402166809471,5.837100193138304,5.386384319769674
2023-05-08,4.553533125389414,3.5285275342174085,4.728801656460046,4.5279465209364,5.827341660990708,5.37728025748674
2023-05-09,4.53356345689889,3.5141935130109503,4.717356877906859,4.516942932974557,5.807504044740644,5.358876050944321
2023-05-10,4.554746315984727,3.5376859959533844,4.724890043068023,4.524111060403461,5.8161919764603,5.366793993428483
2023-05-11,4.546802831057233,3.5489439041623885,4.710744291618101,4.510521556252346,5.79768141726595,5.349615151496723
2023-05-12,4.540845042902223,3.5342735479121994,4.707445100947196,4.507317763545192,5.789156415833934,5.341650607772793
2023-05-15,4.55651149608875,3.5269468471780554,4.707508307062663,4.5073334535091805,5.81445041517772,5.364890549430713
2023-05-16,4.526061703145876,3.508566847355487,4.656917691110938,4.458849728350369,5.760466039718319,5.3149822263530275
2023-05-17,4.581003849795393,3.5300287612938575,4.689640094374854,4.490135724755329,5.826288079129483,5.3756149277184475
2023-05-18,4.625133352395973,3.5399705174534493,4.699174664281492,4.499219931285621,5.870510101760632,5.416316541573603
2023-05-19,4.618404104820129,3.526867725717764,4.699018865936483,4.499026015871607,5.868230167406801,5.414113282108198
2023-05-22,4.620279543258382,3.522703538261563,4.688623571875537,4.48902850427737,5.857564388482448,5.404173344042432
2023-05-23,4.568426025642432,3.5030386239820395,4.6641343012233865,4.465537330391022,5.8297366416340335,5.378400475905759
2023-05-24,4.535328637002913,3.4808768142976785,4.63364372896061,4.436300911887929,5.793465051679592,5.344838575066642
2023-05-25,4.574604679384683,3.4955003970388883,4.62489860424705,4.427884195469278,5.8458373043119405,5.393055963590468
2023-05-26,4.633848645663079,3.533955572884615,4.651825062336718,4.453619328115719,5.9149419424225576,5.456707691248174
2023-05-30,4.635613476848324,3.5488866314542467,4.644776290297801,4.44682666404089,5.914078265482663,5.455810435295321
2023-05-31,4.609908630383926,3.5494533354614126,4.625355737509586,4.42818972838475,5.84716657783734,5.393984225008824
2023-06-01,4.6537070090630355,3.5752579702516476,4.655055617339167,4.456579260925572,5.911544840466695,5.4532724337779905
2023-06-02,4.721005416440715,3.590608166329828,4.7303297766562995,4.528598935547985,5.965320319736843,5.502777798244932
2023-06-05,4.711958999252138,3.583804475789862,4.718940352947877,4.517650296403254,5.936377802497547,5.475978582883737
2023-06-06,4.722219304873586,3.5969356149559477,4.7272311953425845,4.525542476315606,5.954216781538999,5.492332888271429
2023-06-07,4.705890254925339,3.5681160491219033,4.751089783874041,4.548337894205202,5.928359874699532,5.4683810479876716
2023-06-08,4.734354351095728,3.597759575944034,4.770292148799321,4.566675382433818,5.9784307177650255,5.514465347484852
2023-06-09,4.742849476613153,3.5996591970094025,4.7649646489140505,4.561529915257522,5.98992089899596,5.524962053130599
2023-06-12,4.785876395871428,3.6234909054169324,4.778058611111273,4.574019353347005,6.077340501854353,5.605492591674423
2023-06-13,4.817428423237827,3.6235032191861163,4.800732103766718,4.595678903464338,6.127480518578726,5.65163561571296
2023-06-14,4.823165694724376,3.637692233403786,4.793503987528088,4.588713882579164,6.162623391967573,5.68394469039882
2023-06-15,4.882961999430262,3.678729178120126,4.852898234621145,4.645524460030036,6.207855703057541,5.725558147269504
2023-06-16,4.866329041225323,3.6654960610917553,4.847981056879372,4.640771246630857,6.1792652160167485,5.699083928378314
2023-06-20,4.841081627280469,3.6642318052953624,4.803045718292984,4.597710782274371,6.144456806664966,5.666876051349771
2023-06-21,4.816277340185213,3.6565140817002635,4.808721330700716,4.603097975131375,6.085069911896604,5.612001665087483
2023-06-22,4.833662916196907,3.6467793695003263,4.796401903523678,4.591259669101953,6.1049531257147285,5.630235407862001
2023-06-23,4.797120303531469,3.6447803460344055,4.761464636327394,4.55777133901509,6.042049578307758,5.572120574005416
2023-06-26,4.777520140028129,3.6373976361383336,4.776432987954927,4.572053878579206,6.02123129286001,5.552819184959773
2023-06-27,4.829897384731673,3.6575260371033647,4.803301075032251,4.597726577182093,6.12084800515823,5.644582408098825
2023-06-28,4.832333884566896,3.664872766681734,4.792036558689445,4.586898545806686,6.107368080204474,5.632047626766689
2023-06-29,4.851379965048851,3.6470817124898014,4.821708294144621,4.615254188008489,6.120639082935714,5.644181823981481
2023-06-30,4.908629860504062,3.6901110818757243,4.868945974294741,4.660422911128457,6.199383214711627,5.716690875203
2023-07-03,4.9142767620267955,3.684290804645823,4.877904545881379,4.668951376161729,6.220548860734823,5.73610288426511
2023-07-05,4.9069690071150225,3.666999190057407,4.87040680789644,4.661728451620916,6.179702640665884,5.6983327441935065
2023-07-06,4.8685443265545265,3.6290253994982336,4.827371810307922,4.620491385025463,6.125835655303865,5.648557705986731
2023-07-07,4.856252266881739,3.61479041331884,4.821820937766212,4.615132497821197,6.122144503922886,5.645050166557915
2023-07-10,4.868544326554527,3.6221770575625696,4.843297884867645,4.63564272553742,6.16206432932894,5.6817544183687225
2023-07-11,4.899549598193904,3.643466099740137,4.8849875547003645,4.67549845981747,6.195944365838266,5.712888408877098
2023-07-12,4.938971139706603,3.677277854938419,4.9143719683606,4.70357596366718,6.266455549368631,5.7777958922682435
2023-07-13,4.978170768875725,3.710252229666116,4.929279653304219,4.71779727930167,6.344238967303896,5.849406003132373
2023-07-14,4.975070625522445,3.700126747507279,4.913128235692752,4.702292042744691,6.319112584534193,5.8261320987888885
2023-07-17,4.992344896443572,3.7085657558965646,4.916768215817593,4.705729018775859,6.3750296789309,5.877578609039481
2023-07-18,5.0294412432116165,3.73183373436732,4.944131118199147,4.731870379083335,6.415584605480456,5.914860043258357
2023-07-19,5.040624439004074,3.7536750047771315,4.965801066699903,4.752562728337679,6.405795126820395,5.905725839942199
2023-07-20,5.007183365367034,3.7205023576610596,4.996402894625321,4.781802912722759,6.314507625521195,5.821457486792603
2023-07-21,5.007183365367034,3.7209416639075634,5.015207869688158,4.799752459837451,6.3217551001225605,5.828031718801157
2023-07-24,5.0295518504646255,3.725501893523842,5.03385070741286,4.817546479129629,6.3372678545597525,5.842225335241887
2023-07-25,5.043282502264096,3.7288105617172165,5.042047363254216,4.825342933282733,6.382410162841014,5.883732933026402
2023-07-26,5.0440577997915,3.730629267416668,5.043480787793691,4.826666744920536,6.358165722359625,5.861274828135492
2023-07-27,5.010615679398122,3.68675992043874,4.995514775735301,4.780715194226211,6.3577147201370865,5.860751124691714
2023-07-28,5.059672264079926,3.715991290776358,5.021845133798304,4.805865588490395,6.440584102497959,5.937033502542131
2023-07-31,5.069305562655134,3.7238100492457065,5.033079292708249,4.816568683959429,6.451405826266927,5.94689960690617
2023-08-01,5.05479926440948,3.6930081077266563,5.014932465485345,4.799154756837955,6.4409060600948695,5.937111579157814
2023-08-02,4.984482709591635,3.64637914487052,4.977945335903809,4.7637116950633445,6.311487282546544,5.8177085190615605
2023-08-03,4.970198323689559,3.6064591049464942,4.957370079142171,4.743974743901936,6.295432193326572,5.802802618887574
2023-08-04,4.947718533501399,3.6222231907037754,4.926293649562799,4.714189146289368,6.268766652053192,5.778117282010483
2023-08-07,4.990904908641774,3.626934173682952,4.959171086443904,4.745603826704834,6.320681460980288,5.825861472336466
2023-08-08,4.969201811656135,3.634319160327812,4.950152681351764,4.736926687676879,6.2688685546435465,5.777998361100951
2023-08-09,4.935981603606335,3.6272589409091487,4.945699552970595,4.732618306438191,6.211670449748063,5.725173580190075
2023-08-10,4.937753064248383,3.604154538907095,4.940293046527335,4.727397716922726,6.208039849255435,5.721721941316235
2023-08-11,4.934873786482343,3.599575521608486,4.957054171564725,4.7433893668256975,6.163091827898825,5.68019038224685
2023-08-14,4.9621142244940435,3.6083266997336225,4.956505631553239,4.74281729948304,6.2351589851015685,5.746504963582903
2023-08-15,4.904311292773785,3.5743098389618635,4.893562798128876,4.682541529788709,6.162183061628705,5.679143615110576
2023-08-16,4.868322414210953,3.5473862463175365,4.8717748155270915,4.6616467294188,6.103273050840203,5.624747825226349
2023-08-17,4.831226765280467,3.525119760652116,4.851032246316991,4.641752657165362,6.060146985890384,5.584900179724934
2023-08-18,4.833552308943902,3.5311177211670928,4.865798804507203,4.655835861544484,6.072518100121743,5.596198056247458
2023-08-21,4.865000358514094,3.5260733556663477,4.865392050782903,4.655400357836122,6.157027595231005,5.673974234847701
2023-08-22,4.851822742979672,3.531166535372731,4.847943748542157,4.638658994028263,6.128602868010442,5.647675564461367
2023-08-23,4.905861189991035,3.5897614304514973,4.882777381048894,4.671942399397869,6.21484289955043,5.7270426335458735
2023-08-24,4.837871225592962,3.5504427195712047,4.8374827789243655,4.628557552412143,6.105934089458346,5.626578393792157
2023-08-25,4.871976989504398,3.5700990403558412,4.872392733782205,4.661913420630899,6.142893489985381,5.660531980747747
2023-08-28,4.902871653890764,3.5851825212800046,4.896522508742095,4.684954233537713,6.192341398668765,5.705991969865721
2023-08-29,4.973741593892436,3.631170274204725,4.935970001643917,4.72265031398492,6.296857993431284,5.8021929132320755
2023-08-30,4.9942273132574115,3.63863618858282,4.945956768534714,4.732158413843736,6.324888030576218,5.827913640014317
2023-08-31,4.986918511589301,3.641946159053523,4.925825537786397,4.712850520589473,6.3290022902169865,5.831597214014997
2023-09-01,4.9962206862430385,3.6233279629179296,4.943987138906494,4.7301798337991805,6.3407458798753265,5.842310251252725
2023-09-05,4.974626800835292,3.5936088095595773,4.90688885455148,4.694639207147088,6.326119818799711,5.828726563623965
2023-09-06,4.941185378279472,3.5826498200468486,4.8929348025688615,4.681242185117484,6.280029410516852,5.786153455804292
2023-09-07,4.926015087596981,3.5800245963947863,4.892261547285331,4.6805515063282295,6.2231823188847635,5.733671343761068
2023-09-08,4.933434147599322,3.5887432072388923,4.904874251707876,4.692571731193964,6.2191999818389405,5.729896717536127
2023-09-11,4.965879755959277,3.59256070511292,4.9164287022388535,4.703579278124571,6.245490560771742,5.754012871507997
2023-09-12,4.938638969028797,3.589018738534996,4.915160458737361,4.702319172963629,6.207153020667618,5.71858690684003
2023-09-13,4.944397175642099,3.5912246250321167,4.9169790989212325,4.704012275333999,6.222696084922841,5.732800983359695
2023-09-14,4.987029467761088,3.599435176748718,4.961227462780351,4.746296924677905,6.269959278505131,5.776236890187822
2023-09-15,4.926944258306017,3.56464103291376,4.918892015388172,4.70574873312846,6.165507715357308,5.679905656703223
2023-09-18,4.929833305797876,3.574024025072869,4.929985749531136,4.7163148508622506,6.1811093834713775,5.694173641624283
2023-09-19,4.919610334485804,3.5590259095751913,4.914873820134272,4.701811125470294,6.155568859389594,5.670540706571422
2023-09-20,4.874382435568272,3.543842903695872,4.892388523958782,4.680254031309495,6.0885079932957,5.60866059866267
2023-09-21,4.7938167405299135,3.4723046555172696,4.828173925101817,4.61877784688807,5.987575065341875,5.515580805518673
2023-09-22,4.7830375926837805,3.47879898413961,4.817987601189446,4.608987459888786,5.996188213398451,5.5234132543939145
2023-09-25,4.803151015711339,3.453332282768141,4.832288958104071,4.622622460575239,6.023739715905118,5.5486902340918505
2023-09-26,4.7325870774790335,3.4180905289492367,4.765907140689407,4.559075516956836,5.937430023317015,5.469086439580267
2023-09-27,4.734476123749676,3.4118322772986764,4.763053645027206,4.556300541678909,5.959962978022142,5.489740884662236
2023-09-28,4.761924168435007,3.4278679982170988,4.765721673834268,4.55880741652438,6.0060902486006595,5.532126966279379
2023-09-29,4.750366582792457,3.4230306141568168,4.737424570975486,4.531693823082299,5.998491300037093,5.525025916007606
2023-10-02,4.748477885440593,3.3992936248166328,4.682133394012296,4.4787592149707365,5.962148176594651,5.491450237312709
2023-10-03,4.684913955756798,3.342741548287299,4.652893634059098,4.450745253423316,5.913675852486243,5.446704371258458
2023-10-04,4.719029489394051,3.3762099789627538,4.654657078025962,4.452387800677429,5.9077150672065475,5.441114059522172
2023-10-05,4.717251748213977,3.3687146783919046,4.637641416376609,4.436067438548228,5.888187734892388,5.423029143064109
2023-10-06,4.773258446058864,3.37638531238927,4.680466867609125,4.476986964505922,5.941114608292898,5.471674086733068
2023-10-09,4.803817799498409,3.4210520921017613,4.728588350439991,4.52297141615947,6.008680631304449,5.533799417272625
2023-10-10,4.828820970297816,3.4298432924607853,4.756969239865222,4.550072942847856,6.0352958106769155,5.558208757120228
2023-10-11,4.848601873728787,3.466928039841933,4.764383897936877,4.557119788722105,6.02679247843745,5.550275380433025
2023-10-12,4.819042172591677,3.4166259413072235,4.732432039115435,4.526512905861134,5.997400162882222,5.523105282898679
2023-10-13,4.795039003013487,3.4308680454792713,4.757202102184161,4.550159910813492,6.026053574459179,5.549390472642921
2023-10-16,4.845490216055793,3.4304398638155424,4.798559411292915,4.589671625716245,6.076227451311254,5.595492515625463
2023-10-17,4.845267954793436,3.4152233739933244,4.808068130386285,4.598720679404902,6.089138759982783,5.6072790374849895
2023-10-18,4.780703674969646,3.3758999358015807,4.774605941076679,4.5666700435777035,6.0595067005498064,5.579889116313785
2023-10-19,4.738699087734456,3.3304561359329,4.740272847557981,4.533787077111896,6.021178885775356,5.544492874317787
2023-10-20,4.680469079428444,3.313466115028391,4.690891357283765,4.486512017203605,5.9584584103019465,5.486636810826016
2023-10-23,4.672357066730592,3.3259425016538433,4.663005315257107,4.459796597123339,5.923386363292908,5.454241490451254
2023-10-24,4.707584255598408,3.358517724431835,4.691207418255379,4.486725058930351,5.936458316396351,5.466177437350273
2023-10-25,4.640019972110971,3.2996908057631344,4.672920152406514,4.469190456551491,5.903169325142211,5.435425456847716
2023-10-26,4.58445709895324,3.2962278634696673,4.647187705198965,4.444535686553154,5.849990668547249,5.386361257936228
2023-10-27,4.563676892138612,3.2816616516878536,4.589973488295562,4.3897727760769,5.782993319271161,5.324575579291278
2023-10-30,4.618239066237568,3.2992902747659856,4.634440714132602,4.432256394116857,5.83352666812356,5.371004224216778
2023-10-31,4.647243288678175,3.305280495782706,4.662638200307798,4.459179373174962,5.867503843733678,5.402187952794464
2023-11-01,4.696805107752274,3.3550967598450145,4.686787839055949,4.482230639157327,5.91681262143811,5.447486017237666
2023-11-02,4.786816383062625,3.4242698053824685,4.776129000169456,4.567627031857302,6.023239624317081,5.545369001672765
2023-11-03,4.830487406387323,3.452298527316422,4.799222961258203,4.589667177851005,6.057711303416832,5.577003052541472
2023-11-06,4.841600818423939,3.4436692834105855,4.794399073911726,4.585008321633628,6.067842630682894,5.586227520012448
2023-11-07,4.855379969933719,3.469866960867514,4.780855147543368,4.572010440839094,6.078486261083056,5.5959232778594865
2023-11-08,4.858936150131427,3.495034258380427,4.768138463859493,4.559803916059659,6.078179248745655,5.595537576635978
2023-11-09,4.8210425239528885,3.446523876758708,4.73535977560591,4.528412390194203,6.042147522160055,5.562264522771093
2023-11-10,4.8962742976134646,3.4865140926910745,4.785243426419269,4.57607048461724,6.134899731892947,5.647546091755094
2023-11-13,4.891607160022752,3.481349457126968,4.785069534066722,4.575858682848677,6.1324270205135765,5.645165835166894
2023-11-14,4.986507834186172,3.553439627505016,4.868396034540697,4.6554957135147985,6.228637587463158,5.733626241643523
2023-11-15,4.99706402293239,3.5380050555130658,4.876205868558363,4.6629176384044575,6.240869740291439,5.744780451990579
2023-11-16,5.00317638210659,3.558188196607338,4.8702053514336905,4.657133268618828,6.236391193177106,5.740552173257169
2023-11-17,5.00939899961502,3.567513090123319,4.8899754416573105,4.675991908446617,6.249209051964807,5.752244969363832
2023-11-20,5.047959758499409,3.5927068382194562,4.9063970703825275,4.6916482704837446,6.293045274092439,5.7924884561035315
2023-11-21,5.036958349390919,3.587374713254537,4.9085923500932935,4.693700782033441,6.280578001252184,5.780906369557371
2023-11-22,5.056404988631407,3.600755524399392,4.925573564561051,4.709891738102382,6.3043929376073935,5.80271975366738
2023-11-24,5.059516297385621,3.585125419162326,4.93978887410277,4.723437606924667,6.314197032022568,5.811636643093823
2023-11-27,5.0504039345477745,3.6052054494626886,4.9278519875091416,4.711976663793674,6.300753072300125,5.799155904194867
2023-11-28,5.055404289572632,3.610190179400142,4.932380383444825,4.716259776436092,6.307656323790532,5.805402666552315
2023-11-29,5.051848807212482,3.6268201170665697,4.925002619805195,4.709158445629583,6.301357087503444,5.799498194601805
2023-11-30,5.071739620058905,3.6186301835359833,4.962382508680604,4.744852924437597,6.2951085685008765,5.793640615331402
2023-12-01,5.101744192639506,3.658736271876265,5.000971712326345,4.781702984858715,6.329381372877913,5.82507596029027
2023-12-04,5.074962931741246,3.6413895950064297,4.984267566170167,4.765683837163969,6.271047336922177,5.771283499610613
2023-12-05,5.07396327943881,3.6722542085452523,4.9556823929167395,4.738305132810369,6.26777464782759,5.768165381915328
2023-12-06,5.0535159411395485,3.6829376166161087,4.948217305362576,4.731120440859776,6.236010278979097,5.738827274596642
2023-12-07,5.092076351105157,3.691347396316214,4.956573267912439,4.739062662163698,6.312761709349169,5.809352486534234
2023-12-08,5.113968213150348,3.688786855046123,4.9673231183167985,4.7492935384988995,6.345957968399582,5.839793959152234
2023-12-11,5.133858677077991,3.694273809596731,4.997280728886614,4.777888706541709,6.421653386424644,5.909342944505542
2023-12-12,5.157306716878459,3.7087833510591675,5.002641211485619,4.782966281263027,6.4645650179433405,5.948721579280444
2023-12-13,5.228425784888486,3.7742764130561897,5.0926359936565655,4.868960805710162,6.548812958321787,6.026135916769563
2023-12-14,5.245206335737031,3.8208164855142615,5.105986937877482,4.881676806897862,6.592906848247738,6.0665988252330925
2023-12-15,5.236569200276468,3.818738903424588,5.080614610297675,4.857370795687474,6.605632327600124,6.078196484659789
2023-12-18,5.2660263192924885,3.8194570589320427,5.098466874933265,4.874390146413526,6.628936824792875,6.099527857059968
2023-12-19,5.298048340254482,3.8416245994815132,5.131636343645308,4.906053028107958,6.662545189935344,6.130339233745315
2023-12-20,5.224631642083357,3.820095168398963,5.051720182618471,4.829601893994874,6.5391117763159174,6.016654896815863
2023-12-21,5.274171479274365,3.832159265848226,5.092025598575934,4.868086710413451,6.632809845929474,6.102754346324441
2023-12-22,5.284770585030427,3.8298073091486198,5.111937247299271,4.887074071762894,6.645318234138683,6.114150522726228
2023-12-26,5.30708533663602,3.843865696262302,5.139071563976944,4.912965944524333,6.697979790665387,6.162489277531427
2023-12-27,5.316681300901853,3.875280695922381,5.146054717146419,4.919592928011307,6.7074632790470785,6.1711009160993795
2023-12-28,5.318689677394985,3.864900376820452,5.14412963345172,4.9177036506982095,6.705506950034238,6.169187396915411
2023-12-29,5.30329189166845,3.8442430468817514,5.1382362539560456,4.912020822438052,6.681851216703797,6.147310470281152
2024-01-02,5.27361320922763,3.822470928847429,5.153101013165355,4.926182152509722,6.564736221782255,6.039453307598208
2024-01-03,5.230545117553407,3.810117395410406,5.13491951656933,4.9087524638658016,6.49045335954048,5.9710042735521425
2024-01-04,5.213696876461696,3.7795964603820256,5.121819338356871,4.896180585312204,6.462438577091148,5.9451220912224265
2024-01-05,5.220838197115786,3.7682403105760067,5.126480980801526,4.900588121518451,6.4785649523624205,5.959847782163104
2024-01-08,5.295370388624045,3.8153885008795676,5.15938657906382,4.931994717384741,6.6106788938310315,6.081271790544362
2024-01-09,5.2873372315702944,3.8021854405349664,5.138732337667372,4.9122019234267436,6.612707339024546,6.083025749443366
2024-01-10,5.3172388731110285,3.808003079677728,5.143564495925495,4.916772164684028,6.63736918441866,6.105599710264083
2024-01-11,5.3148962324274125,3.815549781120705,5.12832267520645,4.902153637217281,6.651836741064693,6.118795462446962
2024-01-12,5.318577674466857,3.8141366049264698,5.143931549050241,4.91702522547422,6.654000715141654,6.120673293176601
2024-01-16,5.299052179582268,3.7788639826311017,5.099130974727549,4.874152392446722,6.666137560640168,6.131724415588239
2024-01-17,5.269596456241363,3.7638694450347776,5.0693382530295015,4.8456259607316206,6.627701436319788,6.096257366568297
2024-01-18,5.316457992883156,3.769957614088398,5.086296979666348,4.8617879363393515,6.743785438526651,6.202918891677483
2024-01-19,5.3827333704001905,3.8029787790258323,5.118347229002466,4.892374829712409,6.887049382896413,6.334576075740746
2024-01-22,5.394114403140461,3.816857046964224,5.127909346827492,4.90146603590983,6.909541410920437,6.355146759042965
2024-01-23,5.409846801976258,3.8114387712241324,5.142046964885035,4.914930468040849,6.934818071595726,6.378277839858098
2024-01-24,5.415760277446308,3.80500867313599,5.128704454446945,4.902128520633726,6.979603112419896,6.419350509309036
2024-01-25,5.445216698624771,3.827371334168218,5.176685870725142,4.947941002365927,7.004511854082042,6.44214117129719
2024-01-26,5.438298337070596,3.8215210342141916,5.18457722113283,4.955434367834501,6.943146676270344,6.385585200814705
2024-01-29,5.481366428744819,3.857283619328008,5.211747126825121,4.981353901123045,7.005494895673772,6.4428079498076025
2024-01-30,5.477127065577418,3.869481552109704,5.228153732740814,4.996985528957425,6.973102203450547,6.412898947624495
2024-01-31,5.3877546605518,3.8467974307371766,5.175112721754383,4.946240586559416,6.866281575042713,6.314543741538617
2024-02-01,5.458270796911353,3.907189387392516,5.236446916534419,5.004812466781374,6.942812644113505,6.384807581856452
2024-02-02,5.515731788227987,3.897346876700958,5.233990394044756,5.002414855609213,7.025235344137374,6.460486843019363
2024-02-05,5.495648372215441,3.8573521968164544,5.207328546509833,4.976883150338536,7.05239249819489,6.485341421603281
2024-02-06,5.511603730151153,3.8791518142149983,5.2274133987155285,4.996029476869395,7.033628020439905,6.467966579737638
2024-02-07,5.557572732555727,3.8910544141773062,5.249962355830722,5.0175304334941115,7.11579765761079,6.543407414544545
2024-02-08,5.560027725086248,3.8830360259133765,5.250181339297233,5.017689816911415,7.150608716910693,6.57529718632059
2024-02-09,5.59216105113881,3.8933628684605965,5.246576725280366,5.014194954246054,7.2255113340005765,6.644051041488373
2024-02-12,5.589706407527068,3.8941622823916147,5.26701497133137,5.033677883971024,7.209391990191558,6.629106774340562
2024-02-13,5.512718874569508,3.835291341914062,5.2009302469612795,4.97047138197802,7.098095056934333,6.526647938633297
2024-02-14,5.562816632888474,3.8640113298329095,5.234781345398338,5.002772744879395,7.188179031286947,6.609357777190951
2024-02-15,5.601198745357907,3.888000387607479,5.294045829650943,5.059360272766106,7.209862307762822,6.629172928182808
2024-02-16,5.573304782472746,3.8673817617416995,5.283675468558832,5.049399410413353,7.168910452940632,6.591397971318495
2024-02-20,5.542621562866581,3.8559409030470513,5.271754438712957,5.037956847713399,7.100456212926578,6.528338019074262
2024-02-21,5.547642155180633,3.847072309307525,5.299444390906228,5.06436840607378,7.084232089636805,6.513301185937445
2024-02-22,5.662453530560891,3.9023543302194437,5.346801945346868,5.109574426398632,7.327819685228725,6.737133533760941
2024-02-23,5.66635828061903,3.92486500765296,5.360119689761616,5.1222503426902355,7.314677517298319,6.7249268751369895
2024-02-26,5.645605638387959,3.911557325573474,5.3370627239723305,5.100165864863082,7.324306534431446,6.733655521714486
2024-02-27,5.656093439053452,3.904883387425573,5.349463007164144,5.11196489253887,7.327265960027599,6.736252218979062
2024-02-28,5.648618552046437,3.9117039304914667,5.3496431487578615,5.11208619262512,7.291797153301155,6.703520839375685
2024-02-29,5.6689245782401185,3.931183375819439,5.357631328080947,5.119668728565504,7.368404132622462,6.773822674904694
2024-03-01,5.722145508551793,3.963125739622737,5.389747241296501,5.150306969125294,7.514662003402158,6.908151264534279
2024-03-04,5.716009422900607,3.9541988335340803,5.402392675243423,5.1623392842712805,7.548360406009221,6.939002051468124
2024-03-05,5.658883044693235,3.9530138595036144,5.379672580782657,5.140577621902857,7.4457535055592245,6.844552256268673
2024-03-06,5.687558236725047,3.974311104518397,5.4156594235129925,5.174913591408024,7.53447775040474,6.925984967640681
2024-03-07,5.744014690876335,3.9964904155379672,5.452280460232315,5.209854873137399,7.6691717880896,7.049671120045646
2024-03-08,5.709538724140158,3.9792643027604786,5.4403336463352385,5.198387550104338,7.537445631316845,6.928457931309088
2024-03-11,5.7046283901603365,3.976379745024366,5.4512253748349035,5.208743089331027,7.490149975961433,6.884856717355195
2024-03-12,5.765995527210225,3.988746234628038,5.468914397786937,5.225593293565657,7.611937518207638,6.996673507582876
2024-03-13,5.75695713515357,3.9772595570809046,5.486070899664395,5.241934338845629,7.5521947327079735,6.941631806177206
2024-03-14,5.7455771491696375,3.948110624362492,5.469261427051543,5.225820932379356,7.50097306770385,6.894424209719797
2024-03-15,5.706124553885588,3.931334856667692,5.456600388527219,5.213671590995077,7.442529971449064,6.84058098523025
2024-03-18,5.740037016793341,3.940616273876331,5.476913023060965,5.23302785681862,7.478540004478138,6.873551939043474
2024-03-19,5.771935171588715,3.9581782979806546,5.513350916992549,5.267790790677378,7.499272872048593,6.892480639095064
2024-03-20,5.825322187239293,3.9796335166489802,5.543313446970712,5.2963661375123445,7.586759609863434,6.9727600921252355
2024-03-21,5.844572734125864,3.9909513159344474,5.5619132275959755,5.314084469555892,7.65788736026884,7.038001814560297
2024-03-22,5.833492120454494,4.001674193310801,5.54349314787638,5.296432477853399,7.662680470160265,7.042277225831584
2024-03-25,5.817374864205227,3.987035809256282,5.538981400920646,5.2920691751213615,7.638423636367961,7.019855032427784
2024-03-26,5.806631306074574,3.9870520282118838,5.525314648633848,5.278959144732007,7.6036646015527944,6.987782120030456
2024-03-27,5.855428644103425,4.022973109246491,5.597860648257634,5.348217365851934,7.6461299018306965,7.0266783892789775
2024-03-28,5.854310010497278,4.021152200283126,5.6185543539138765,5.367934822535569,7.65003971784304,7.030141965743911
2024-04-01,5.8441236756570225,3.9869708469659235,5.601736718486977,5.351814121337388,7.677628018421454,7.05536478188981
2024-04-02,5.806965919183837,3.9629731813332927,5.5869583080808205,5.33764196548627,7.617445289539336,6.999930867238772
2024-04-03,5.813346247980471,3.965240975689041,5.587821523674332,5.338413565505324,7.638533881848433,7.019180611835497
2024-04-04,5.7423876826088796,3.9475766383648434,5.542774068848169,5.295324101628632,7.5135849784252855,6.904235741450136
2024-04-05,5.802377637237226,3.95034255344438,5.591796943141871,5.342105281658329,7.6012635889140725,6.984674997646556
2024-04-08,5.805622581883879,3.951495092628212,5.591175558727387,5.341458518928747,7.604831473682662,6.987824761539688
2024-04-09,5.812338570546113,3.968940309294869,5.6011608633977295,5.350944633386577,7.628338448070741,7.009295430771516
2024-04-10,5.754139616011451,3.9104971574401217,5.548992601379112,5.301054119616898,7.557219322584339,6.9438197578584315
2024-04-11,5.797565349434364,3.921095941607551,5.557732954889598,5.30935113339339,7.663697042231787,7.041525266458575
2024-04-12,5.7175411763413395,3.8970044844775766,5.4868938633547435,5.241625794508956,7.521155999359882,6.910429035737711
2024-04-15,5.645911291238548,3.843541401911898,5.450133029376991,5.20645641361077,7.426001261242232,6.822875309359584
2024-04-16,5.635614000226504,3.8291305395586273,5.428926173632882,5.186146140517515,7.436962381729072,6.832820336859505
2024-04-17,5.602261203040603,3.8325327036206045,5.429163289778649,5.186321070742592,7.329211943804545,6.733698986064932
2024-04-18,5.590733275494285,3.8200739870466984,5.426901032166547,5.184108441992748,7.269040209231345,6.678293318787299
2024-04-19,5.541934890709098,3.805572672376665,5.451567782065668,5.20761983915799,7.12473908242282,6.545598824571575
2024-04-22,5.592971240544139,3.8240390524330032,5.4879313907024025,5.242304102161856,7.201735857738799,6.616214992197939
2024-04-23,5.6593404772127816,3.8517814943022484,5.532979386091177,5.285283285638974,7.312465551498897,6.717818325265925
2024-04-24,5.656654849369203,3.8397824453224856,5.538185791965436,5.290203999846912,7.321918219240815,6.726378414523946
2024-04-25,5.6351663374327785,3.8202579300323065,5.534672013710681,5.286794975607367,7.351639561788237,6.753557933294686
2024-04-26,5.688553004164577,3.8499815502544967,5.527624191121328,5.280010284381513,7.445938126326633,6.840058994733233
2024-04-29,5.708698876638602,3.8710770849443925,5.554493378758391,5.305623078697656,7.47520060013856,6.866813891316749
2024-04-30,5.618266456361744,3.8210582139038625,5.482893940093448,5.23717958067968,7.340721408611786,6.743155404013229
2024-05-01,5.600023237990752,3.8248795153514,5.469086685116433,5.223939137679002,7.252320196108828,6.6618277251199105
2024-05-02,5.652402227288192,3.8529097364441904,5.4991208191433,5.25257477395934,7.342441789634499,6.744487287841433
2024-05-03,5.722465467072332,3.897159761497911,5.5368089553200255,5.288520612165607,7.477583248296983,6.868496574644177
2024-05-06,5.781560793950784,3.927380414522567,5.578943045976447,5.3287122761673045,7.579801636097973,6.962260526520767
2024-05-07,5.787940075991079,3.9395601523402246,5.602364602994458,5.351030092330169,7.565642540254082,6.949127006154249
2024-05-08,5.78850009063171,3.930237698428293,5.608716862261467,5.357044095014893,7.574568376538814,6.957197344166738
2024-05-09,5.821852189980052,3.9514941126916794,5.661035790149834,5.406961606067743,7.588778589024781,6.970120962188594
2024-05-10,5.829351501301611,3.9456540757359346,5.67053946549497,5.415984878537108,7.634111565766225,7.011629128156015
2024-05-13,5.830134475042159,3.949999841266157,5.659772000766755,5.405647009501655,7.6350054212046805,7.012320941564074
2024-05-14,5.856882937575173,3.969792148394549,5.6773961561788475,5.422425906102959,7.700602213681764,7.072437623181821
2024-05-15,5.929410590696872,4.0209583991868785,5.734308398075061,5.476727764884441,7.842547223360631,7.202671027137397
2024-05-16,5.917209598825457,4.014422453268936,5.731234730866222,5.47373772364951,7.813529586020957,7.175888778962421
2024-05-17,5.925715540825038,4.007064427834717,5.751773853400132,5.4932994145153975,7.803104922847339,7.166182852737141
2024-05-20,5.932542485659059,4.005098961639261,5.739423061097089,5.481449127307138,7.870551107107684,7.227990667505184
2024-05-21,5.947093096589673,4.019256102281551,5.751960040174651,5.493367961878363,7.874937503694548,7.231885752358867
2024-05-22,5.929968860743607,4.0142431647690895,5.719207825172962,5.462033870759998,7.882254881554416,7.238472284868655
2024-05-23,5.8866561770051575,3.9863199819151514,5.649517201455256,5.395423343199026,7.862981883611804,7.220640413264684
2024-05-24,5.9256045846532475,4.006870187586384,5.673011453563506,5.4178070284789674,7.942649367177279,7.293665373990847
2024-05-28,5.929744854887353,3.985573634554564,5.6529822813442605,5.398625189021373,7.993077090439413,7.339837520933804
2024-05-29,5.888222124486251,3.9495353665534254,5.593548470568887,5.341812486058764,7.905368304375675,7.259163090146481
2024-05-30,5.849161016072475,3.9490840965165686,5.600816419359519,5.348700145831445,7.835871730991084,7.1952148200194666
2024-05-31,5.902436377713705,3.9813908126163207,5.676251763739991,5.420685915389722,7.846773959653546,7.2050929799683985
2024-06-03,5.907248665516568,4.009097444485101,5.642441902990417,5.388344708176349,7.872350459255006,7.228444787214289
2024-06-04,5.913853000169454,4.030519131188944,5.6374218346534555,5.383497166333364,7.866687953430535,7.223112396631499
2024-06-05,5.984139896891066,4.071091135393735,5.664980756720054,5.409760955853801,8.056370676421045,7.397140887011347
2024-06-06,5.98402754504416,4.068603408427562,5.660416134979766,5.4053482197725335,8.03189064504014,7.374528157865061
2024-06-07,5.976752588497632,4.035778839194038,5.642490509165572,5.3881767631735675,8.020908674286998,7.364309355553924
2024-06-10,5.995219463806098,4.032498567759308,5.664253366424169,5.40890494668807,8.073566598715201,7.412520122973845
2024-06-11,6.009657722889806,4.055007646144354,5.656391226372,5.401343516566062,8.096953766523265,7.433855477678365
2024-06-12,6.059015075559287,4.087177393661819,5.657352215755358,5.40220744544463,8.222513011469452,7.548993033058447
2024-06-13,6.071215369593142,4.1161470683192745,5.650823297642794,5.395919312666724,8.270871708838412,7.5932507302072505
2024-06-14,6.074909023789859,4.131504442190838,5.640567008891979,5.386072107814815,8.285004685570618,7.606085718124893
2024-06-17,6.123258001187424,4.1348243254169335,5.666133117762596,5.410430896659851,8.384034714706553,7.696858914952276
2024-06-18,6.138816289552396,4.156303133835742,5.6827865072156225,5.426278780387673,8.433331703204335,7.741972806219913
2024-06-20,6.122139367581276,4.138455738852559,5.70387636289132,5.44636252069749,8.347170298990845,7.662733719211717
2024-06-21,6.1139321000567,4.135126960004377,5.68742623905914,5.43060106158946,8.294534036110562,7.614273187426294
2024-06-24,6.094056290717784,4.133750923564783,5.72321735388278,5.464721618108992,8.179305116465196,7.508356260531006
2024-06-25,6.117524567807447,4.146106561726802,5.710691199414099,5.45270699032713,8.26698395849604,7.58870302866337
2024-06-26,6.1251603063716775,4.125519791034246,5.685028776769921,5.428149897069009,8.250785541108058,7.573694145090953
2024-06-27,6.134815586829975,4.135975992101352,5.686925071151169,5.429906502295532,8.242250739150434,7.5657203917393065
2024-06-28,6.110675292171555,4.0954301062992124,5.679781394243216,5.423031744907799,8.245943440915001,7.568970583532114
2024-07-01,6.12325102281184,4.072214284870096,5.665009090016112,5.408873414413717,8.257879956030383,7.579787529029692
2024-07-02,6.164459726311653,4.101338902291593,5.687998926059822,5.430769782917067,8.324990360094457,7.641246448414486
2024-07-03,6.191967785027007,4.133865613661269,5.702738902774599,5.444789018848655,8.411132813322824,7.720171698038782
2024-07-05,6.227674737216238,4.161858347974185,5.7105709073220785,5.452212534565583,8.440004318782503,7.746528774955624
2024-07-08,6.234860370555287,4.168336681813306,5.70539211087821,5.447213860943023,8.483596842888355,7.786396091123686
2024-07-09,6.24092318326284,4.163399005180209,5.705001874269149,5.446787110474278,8.49263275691141,7.794545848817487
2024-07-10,6.302679713670327,4.193347993118527,5.750511063067591,5.490181898206632,8.60384447965567,7.896470623978779
2024-07-11,6.248334218133259,4.18794881521438,5.776910151508573,5.515331029288952,8.473208536053049,7.776431816522863
2024-07-12,6.28774598992014,4.210961735436672,5.807035650297326,5.544037302273161,8.536473617127475,7.834350126878317
2024-07-15,6.305038404617785,4.198545527600688,5.811983680510249,5.548706051788967,8.5571752386758,7.853204398265714
2024-07-16,6.342427843160365,4.237176161932197,5.872163062767855,5.606103604973707,8.600183241354067,7.892528903477348
2024-07-17,6.253499611740682,4.201889972889523,5.857951747732783,5.592480562916997,8.327713290951596,7.64233800952539
2024-07-18,6.205441632604978,4.169667300859907,5.819085693443071,5.555320591822922,8.303325350415095,7.619816862947904
2024-07-19,6.164234324780281,4.143239881431799,5.782998299619255,5.520814043454433,8.182799644290265,7.509074217490926
2024-07-22,6.227786391225583,4.164053685727218,5.820830601309883,5.556875871438158,8.338265290686564,7.651598770103225
2024-07-23,6.21801806108282,4.157797811216248,5.797775633295265,5.534811319082303,8.295911430957906,7.6125925898184
2024-07-24,6.077102327235971,4.083286155355337,5.7512288933845,5.490321150658462,8.026582916016316,7.365312506190436
2024-07-25,6.045437948022667,4.083905672422465,5.749994970355204,5.489088611821373,7.959808114750801,7.3039044220751155
2024-07-26,6.113144939290802,4.124095509649637,5.810913576970999,5.547187861828217,8.062837030262209,7.398307287515035
2024-07-29,6.1167388027166645,4.134420618176046,5.8021024336354525,5.538721521232862,8.043693166140658,7.380605297919736
2024-07-30,6.085749232422353,4.128220987658362,5.8081540918878805,5.5444433262548625,7.92602660678142,7.272504719831974
2024-07-31,6.184669102003492,4.185373020945085,5.862694534726976,5.596451778595955,8.20600364722276,7.529258233036403
2024-08-01,6.0970890927466765,4.164251078108782,5.81464519375031,5.550529299556525,7.944735782308052,7.289402750046737
2024-08-02,5.983570461443392,4.169637635222859,5.741294782590838,5.480456142063671,7.705996781084552,7.0702262570028855
2024-08-05,5.80930681527355,4.105601015105279,5.601488726299758,5.346948578108361,7.507179978330523,6.887685644056941
2024-08-06,5.862866196801058,4.091577632372614,5.651124777323854,5.394275441220951,7.6027739589064405,6.97526271104513
2024-08-07,5.823679128707988,4.063647240376326,5.636081345472009,5.379862241482678,7.506130738043311,6.886469306208366
2024-08-08,5.958307346153474,4.1100126408275885,5.7402318650853905,5.479223530576255,7.7766031279261805,7.134481699623922
2024-08-09,5.984580930227985,4.137099097312079,5.757338784925962,5.495497941628723,7.797483532130449,7.1535062313783335
2024-08-12,5.9877253862662245,4.144419829734718,5.758705997095476,5.496748304079449,7.824351681739844,7.178023189199679
2024-08-13,6.086197244134858,4.196811210025464,5.807154509771749,5.542937814074168,8.007526823379957,7.345931894844141
2024-08-14,6.105398244554783,4.2152823624957225,5.832611932782722,5.567181592947023,8.028961179610027,7.365459647851385
2024-08-15,6.210045964815433,4.245025272868482,5.896908161024468,5.628495850302171,8.228627910689116,7.5484871813564975
2024-08-16,6.223969219781027,4.256681805378766,5.915036410561905,5.645742796401629,8.248480626568044,7.5665595968523744
2024-08-19,6.283479411087959,4.2889649841286674,5.955453893644863,5.684263659834708,8.349412460416927,7.659006093364879
2024-08-20,6.273261673557575,4.298450176288429,5.933050171497666,5.662823802322147,8.301880317003082,7.61526408280175
2024-08-21,6.294819271412282,4.308358675971288,5.9549316146263145,5.6836521059604435,8.34812300693811,7.657541178204137
2024-08-22,6.245414465788827,4.270964052188303,5.936971499730571,5.66645381447498,8.217500927043199,7.537585717320653
2024-08-23,6.3117739327316515,4.309377549465497,5.988459258789629,5.715538691793661,8.336542793546643,7.6466372309701525
2024-08-26,6.296728554972118,4.298834099760441,5.998780513776678,5.725332618494919,8.256792169173567,7.573347021917026
2024-08-27,6.305374064483382,4.299397387404684,5.998399907699227,5.7249124230518005,8.294570825805282,7.607858473370784
2024-08-28,6.268769693194024,4.282315060284428,5.979004238094246,5.706344313887681,8.21601743195551,7.53566976399104
2024-08-29,6.269331452428552,4.276943807793175,5.998814738769553,5.725194456623352,8.19598920120907,7.517161564596559
2024-08-30,6.329178001438644,4.283197354703691,6.045416269516352,5.7696129966745655,8.307798535793381,7.619570019445558
2024-09-03,6.1989301103473595,4.258332253278558,5.964643810691196,5.692468913300167,7.994517949650071,7.332106945029145
2024-09-04,6.18624133002261,4.275058245257158,5.9625688547045135,5.690432044462692,7.981598058037832,7.320122745092227
2024-09-05,6.171195952263076,4.278492216836257,5.922780103014109,5.652403068167789,7.955599117696882,7.296144083102303
2024-09-06,6.067333299255649,4.235115082447804,5.8576141436906735,5.590156359625126,7.756318356211465,7.113251073880043
2024-09-09,6.1352642963800355,4.270881861008935,5.921500015735476,5.651069007877406,7.877037873687144,7.223828824268761
2024-09-10,6.161987985679725,4.294003565234294,5.921356625957197,5.650875964087942,7.920938917430487,7.263955550103895
2024-09-11,6.225204392259427,4.319070347952583,5.931189442486716,5.660203333734734,8.101763949957258,7.429645638061458
2024-09-12,6.277640604236657,4.332828108064698,5.967803724096789,5.6950881279064625,8.152910988001702,7.476411837907937
2024-09-13,6.3104271062439,4.351078685872412,6.008730225860794,5.734087347793085,8.215486328961973,7.533656143058337
2024-09-16,6.319748122511714,4.370880975260061,6.044913177597209,5.7685591012587,8.194493075404766,7.51426678597393
2024-09-17,6.322328725802751,4.3634975706723536,6.0448098410064315,5.768403117455512,8.19995390656565,7.51913582034233
2024-09-18,6.303577830608008,4.3340968661335095,6.022686084289803,5.747233837154015,8.149536795419403,7.472767055636284
2024-09-19,6.411145303213087,4.372728114037676,6.077762084077434,5.799733210085924,8.358828782941657,7.664537439109498
2024-09-20,6.400062944947821,4.361496602251026,6.091653419629372,5.812931268428683,8.320067362541844,7.628855061733682
2024-09-23,6.416055288274129,4.364330562659106,6.11826157115948,5.838263904071052,8.347012059182147,7.653420288581859
2024-09-24,6.434413300923481,4.371469286293335,6.115410605371958,5.835485371983835,8.406905792680117,7.708195200762297
2024-09-25,6.420222076335453,4.3511498715744334,6.086398344423497,5.807743348110999,8.414912156173882,7.71539403627602
2024-09-26,6.445676399116379,4.365592060132197,6.089978042452883,5.81110135989079,8.516225087455,7.808141171110985
2024-09-27,6.4363281671837855,4.370875474546825,6.109666714322915,5.829830451472551,8.45842839737697,7.755007166310238
2024-09-30,6.462119545505426,4.373047721172296,6.1250546410924676,5.844455449293463,8.460198535037813,7.756487231546018
2024-10-01,6.404229035171586,4.362171837939644,6.12766648199751,5.8468894852745485,8.389007606252514,7.6910762376483985
2024-10-02,6.406931760035346,4.348571909158141,6.127332199077794,5.846512371307325,8.408900542040397,7.709172169492549
2024-10-03,6.395219254454826,4.327415901899405,6.114794273707397,5.834491038908398,8.403618952669296,7.704188175430931
2024-10-04,6.453334468482478,4.329718147857418,6.138380438569396,5.8569377578850155,8.458098519043407,7.753990605279729
2024-10-07,6.394993852923457,4.293182328014747,6.09250148089207,5.813104518980354,8.406437785798953,7.706488509211967
2024-10-08,6.4554747362741525,4.320441622379906,6.100001465262607,5.820202673795861,8.474269102230885,7.768528868354177
2024-10-09,6.500188677829908,4.328572109297438,6.125318369189188,5.844300199397946,8.52543713172563,7.815291658576631
2024-10-10,6.488813227790105,4.317244687323601,6.115831370605699,5.835190410911575,8.511685768260682,7.802542033671267
2024-10-11,6.527669520880485,4.3257809314697155,6.164404985901818,5.8814766024598795,8.567097350280797,7.853192402563432
2024-10-14,6.581054791937167,4.34830021409861,6.197824089836281,5.9133030534748245,8.633331325955922,7.913761272870809
2024-10-15,6.529922140519065,4.349174983401507,6.162395947782592,5.87944282118564,8.520576664682823,7.810260621678079
2024-10-16,6.558303891857561,4.367848890650805,6.20249182926294,5.917638800865675,8.557641652385207,7.84409121715573
2024-10-17,6.558867744604764,4.3403937519069515,6.185520513105762,5.901388208154442,8.563865840411829,7.8496518420951835
2024-10-18,6.584095968016761,4.351706946394981,6.200812522952815,5.915918939895838,8.586256524731308,7.870030220546786
2024-10-21,6.573283672886602,4.317007434714082,6.164323424219613,5.881047824858187,8.56326677642387,7.848813607576144
2024-10-22,6.569792391581827,4.3173170621104395,6.158537033556273,5.8754689059686305,8.548942530597929,7.835540146747034
2024-10-23,6.509760915618754,4.288970477771316,6.138610764227237,5.856400271768158,8.484050204910561,7.775919811623992
2024-10-24,6.523839788359877,4.305529901059033,6.131981761481682,5.850017841161921,8.502837698277368,7.79299565023287
2024-10-25,6.521586470883739,4.294972409573756,6.101892257268465,5.821254030839105,8.505694720395375,7.795470577729205
2024-10-28,6.541748393621607,4.298278301202094,6.11399090240964,5.832738223802334,8.509166740511063,7.798509046796255
2024-10-29,6.552335287220396,4.305071810474612,6.086675389631671,5.806621513711982,8.553283871274171,7.838797279533377
2024-10-30,6.5325132113734785,4.30230962980238,6.077171623177972,5.797497364033225,8.497551922942122,7.787577384888038
2024-10-31,6.404454436702958,4.254502321472724,6.03747608637457,5.759571350668905,8.366756909786822,7.667569131611256
2024-11-01,6.431485174528354,4.241284054300872,6.020193315694724,5.743026986053101,8.380722834498652,7.680226501555993
2024-11-04,6.41763240115616,4.262135687834207,6.024736852654822,5.747304179530914,8.378463174692175,7.678014295115449
2024-11-05,6.495232635490012,4.302113197671318,6.08159212744856,5.801483629430336,8.466998349554581,7.759004920157092
2024-11-06,6.656740857848276,4.319166963373658,6.156740281662253,5.873112165875355,8.663594022550589,7.9390154312014545
2024-11-07,6.7082105648070955,4.360848472737959,6.172446191634969,5.888035976230655,8.708152509334358,7.979700299350312
2024-11-08,6.737269916414817,4.394337940589115,6.2243797188048156,5.937517488563564,8.750346488802709,8.018216993883925
2024-11-11,6.7436893241147216,4.388298294587007,6.226240122683067,5.939233081762266,8.741474486391315,8.009939767558715
2024-11-12,6.722740240610956,4.353800370091717,6.184823488713768,5.899666927138604,8.691211047061635,7.9637359684194635
2024-11-13,6.72600681822192,4.338549943465547,6.181042937449091,5.896002040909275,8.661014880135312,7.935921123761947
2024-11-14,6.682756939863729,4.33185975699091,6.153908023298504,5.870060080059154,8.631993393999805,7.909183618567184
2024-11-15,6.597160184947943,4.293964692333699,6.123762576921138,5.841246991260529,8.545287700372757,7.829594114248772
2024-11-18,6.624190922773337,4.307571881448776,6.155041064208312,5.87102407491453,8.58286646670345,7.863880703715905
2024-11-19,6.648406583888066,4.3258030057543415,6.158510495323041,5.87427498887892,8.602180520429446,7.8814316560752316
2024-11-20,6.650658505689088,4.321150197862311,6.168235472609055,5.883492610402273,8.591915840806422,7.871882031378267
2024-11-21,6.686361968690526,4.333730190375583,6.2274903643986885,5.939953054360358,8.667706419436255,7.941174818116219
2024-11-22,6.707085650662922,4.342748828788,6.254612175924055,5.965763256190552,8.704466144256754,7.974706440689979
2024-11-25,6.729836550742528,4.396557174627888,6.270978793520666,5.981314545780461,8.739827189080039,8.006955430660481
2024-11-26,6.764976858834322,4.403503925247422,6.292389223165366,6.001676309742336,8.745122415873395,8.011659066259133
2024-11-27,6.744477182718178,4.4077017538873395,6.291436719584328,6.000708130621094,8.72225718621786,7.990564394059855
2024-11-29,6.786374651888151,4.442327962211875,6.322313287853147,6.03009791210256,8.784223274254611,8.047184052143596
2024-12-02,6.798538658368968,4.4513748634639985,6.282862680218698,5.9924111000491305,8.850609159948142,8.10785050231957
2024-12-03,6.801692186295468,4.4372494744343625,6.260968110861002,5.9714693075580305,8.850770107522287,8.10784860735013
2024-12-04,6.843926711006159,4.472853609797839,6.254469538753003,5.965211891892029,8.930973163390814,8.18116884274257
2024-12-05,6.8326650084883775,4.47205163777639,6.24004194397425,5.951392355277783,8.866156706347262,8.121644494139684
2024-12-06,6.8456175714102105,4.479795556872491,6.207186145259465,5.919997508980314,8.882497766129836,8.136463493777795
2024-12-09,6.8103649114715115,4.449437120771455,6.174857583484871,5.889106124785598,8.81202602453211,8.071761949607874
2024-12-10,6.789191124273934,4.432764133485818,6.153535148440611,5.868712050607825,8.729007900195032,7.995570587870002
2024-12-11,6.841675487042696,4.436560697099094,6.146590682230617,5.862030713971442,8.840385297351022,8.09744057965749
2024-12-12,6.806423524941556,4.401288316357287,6.1171710965100345,5.833915101975703,8.77773263063606,8.03990514998983
2024-12-13,6.8050711157533375,4.382787353454737,6.108486144969563,5.825574367620866,8.853428033941027,8.109088487021381
2024-12-16,6.834128373848384,4.399266382597074,6.0775606259096575,5.796023503873399,8.921984384885777,8.171730546736992
2024-12-17,6.805972721878816,4.392673371911956,6.046415211366617,5.766263520406574,8.853873851476147,8.109198099528514
2024-12-18,6.603130185260225,4.29215167000123,5.8990738782890855,5.625693077644887,8.580532871051496,7.858702354459866
2024-12-19,6.601101571477899,4.265364817414744,5.887063751487574,5.614183698596519,8.53691007761429,7.818605285820845
2024-12-20,6.680389177028011,4.305819661474128,5.956810008746413,5.680640544730156,8.643866959596137,7.916416891136659
2024-12-23,6.72039341290199,4.305492546717654,5.97716650907575,5.699996586471244,8.75615400533355,8.019106388977157
2024-12-24,6.7950892473177005,4.341487744862119,6.0221322352480815,5.742820069398084,8.843248212102166,8.09872028986411
2024-12-26,6.795542841730673,4.340673697396998,6.028850120510082,5.749169192679901,8.843320301909154,8.098637144431137
2024-12-27,6.724008211454606,4.299022561065472,5.993554423227589,5.715454033035598,8.756465494220757,8.018948555816758
2024-12-30,6.647276784880986,4.2834077504117785,5.94308798845069,5.66727287071874,8.651302410472072,7.922496954802754
2024-12-31,6.623093224293944,4.264886059878435,5.947699406702419,5.671613867056329,8.624881554636792,7.898156378855297
2025-01-02,6.606821048106709,4.263287489629424,5.958337148487345,5.681701307680585,8.636962480677537,7.909073701977353
2025-01-03,6.689428964759783,4.289818195901607,5.999178680577631,5.720589738400228,8.727132971513672,7.991497790667491
2025-01-06,6.72796355473573,4.296978378831599,5.983375998319241,5.7054641532323895,8.770456893601269,8.031021894049973
2025-01-07,6.651910426268895,4.248451213400475,5.967473047923425,5.690243258368883,8.692407670148295,7.959406379423346
2025-01-08,6.661629209945009,4.254350872468506,5.980208065277998,5.7023299331028685,8.699851782356358,7.9660760305853895
2025-01-10,6.559922177155541,4.204103789810611,5.922326277112587,5.647081532586281,8.57628942567089,7.852790715011328
2025-01-13,6.570093857407071,4.20742494183263,5.944174108161571,5.6678575971799265,8.58301837279133,7.85880725731234
2025-01-14,6.5791336451388425,4.208140222562608,5.97305279473083,5.6953372056087606,8.623198334586041,7.89545152268961
2025-01-15,6.698808599382508,4.283079636459223,6.044352752710593,5.763264769628988,8.774328028802097,8.033678797338666
2025-01-16,6.685925820216517,4.2836664675984455,6.087520941429571,5.804367725754468,8.805213249873658,8.061808480482854
2025-01-17,6.753052210636046,4.312423997557977,6.114611367308564,5.830140089823438,8.888287832171347,8.137719372972196
2025-01-21,6.814865265885766,4.351539417979428,6.173533852372827,5.8862627687877165,8.979606167526773,8.221174939532817
2025-01-22,6.853175152167902,4.357115016233502,6.148456287904197,5.862293825386208,9.007626282972021,8.246676540743385
2025-01-23,6.890580640974325,4.3578411857575325,6.1748489111328295,5.887399523863282,9.028517688643232,8.265650832111122
2025-01-24,6.870464077677754,4.358037178660139,6.176267867184547,5.888693857354558,8.998544366513414,8.238058379491555
2025-01-27,6.773279730104405,4.341635858790556,6.156334378545551,5.8696301162526145,8.829750603772235,8.083380849210773
2025-01-28,6.831478684639068,4.362838188085181,6.138274675052198,5.8523532578286614,8.8729700964371,8.122797431649014
2025-01-29,6.800853385550251,4.347541461651704,6.127612436464261,5.842129562627021,8.850718286208464,8.102277686362209
2025-01-30,6.837353779043404,4.368061598331983,6.184377792203562,5.896191602041685,8.934008027352672,8.17837358793104
2025-01-31,6.800965737397156,4.342642511093064,6.133640045872052,5.847760026283217,8.882567986527324,8.131134558524428
2025-02-03,6.755198061128186,4.339251094393102,6.133772590246527,5.847828231580219,8.841544385168719,8.093432336852594
2025-02-04,6.8005135386593,4.362031978287232,6.148268419089306,5.861589995274822,8.880472506612918,8.128916898765802
2025-02-05,6.828087194105145,4.401451090184126,6.198773270627367,5.9096811549800545,8.97263351302055,8.213127031918118
2025-02-06,6.851819951629448,4.4098465466108605,6.191392353324472,5.902585755444792,8.99483204219235,8.233294876169847
2025-02-07,6.7891011032289,4.374240665979204,6.168851202813467,5.881037578364416,8.935768074013106,8.179080843754074
2025-02-10,6.835207230713703,4.386771960785613,6.210413110043497,5.920601490087245,8.994233951471504,8.232444158480595
2025-02-11,6.840406120523931,4.377536263790989,6.222913628322349,5.932459663156308,8.996386193961916,8.23426244734248
2025-02-12,6.81836841042903,4.345313359153743,6.184552216454241,5.895830128134497,8.951940926110375,8.19343142325313
2025-02-13,6.890353843767836,4.401731033275578,6.231900161950624,5.940908576229577,9.036998106969058,8.271129256504105
2025-02-14,6.8900153925520025,4.410932921042214,6.2190684815310044,5.928617091841768,9.044118355665795,8.277493617141625
2025-02-18,6.910242912020363,4.3979219641589955,6.250851474551686,5.958856446677611,9.091475157929773,8.32068296416036
2025-02-19,6.926517181720273,4.406332932344011,6.278337445924227,5.984998944602621,9.112352228039855,8.339636432632819
2025-02-20,6.897699281907764,4.401927096420238,6.270566450839567,5.977531577067518,9.082675797284097,8.312323423499112
2025-02-21,6.779720770768618,4.378031641114888,6.22313373801977,5.93225647933694,8.969595604999913,8.208683000015242
2025-02-24,6.7488707679859905,4.37115976379774,6.2208601932802186,5.930030224054073,8.92390025820404,8.166713680842332
2025-02-25,6.715306874938668,4.388272367247892,6.225899465430487,5.934774880247213,8.895146017019153,8.140249284213489
2025-02-26,6.718696969797471,4.399969880212637,6.2168130344442485,5.926054393601458,8.93146086887451,8.173331693012704
2025-02-27,6.611453991657058,4.34539053102651,6.168397865351736,5.879845108879818,8.782707556559332,8.03705697616737
2025-02-28,6.714629274669441,4.407397793913607,6.252827269329379,5.960265692689587,8.915971517493055,8.158856571371244
2025-03-03,6.596989214746129,4.369294961136494,6.191266909492791,5.901526965793171,8.867638779876797,8.114478633044897
2025-03-04,6.518901889796499,4.316740515355132,6.10312391241695,5.817451040175858,8.698636735460223,7.959683927672852
2025-03-05,6.588965478499417,4.3307916714589405,6.127136833476981,5.840281886570503,8.725354224917101,7.983984701154581
2025-03-06,6.472003018845331,4.278935476680368,6.066015439377333,5.781964514267482,8.605264634565362,7.873953767872457
2025-03-07,6.5082787086446725,4.28783498099692,6.115617114584695,5.8291855353293025,8.667577940159141,7.93082535683649
2025-03-10,6.334926787244907,4.237201163873634,6.050603085450797,5.767159149904631,8.589873279338875,7.859580905228094
2025-03-11,6.282265871573865,4.203967804762985,5.995708287764004,5.714779092074694,8.509853005778492,7.786220369983281
2025-03-12,6.315602967414701,4.207308028730377,5.986253457934462,5.705710520842502,8.49066090363115,7.768517176602634
2025-03-13,6.231411657341573,4.188451534923076,5.95140124876239,5.672435227017573,8.457629991915475,7.738153068316856
2025-03-14,6.360127097154567,4.231489982817284,6.057357887477494,5.773367832735746,8.610356926155875,7.877742671626461
2025-03-17,6.4091725164354365,4.259515493157066,6.1247806505935065,5.837571522303526,8.693620920757898,7.953775631838332
2025-03-18,6.339898879848651,4.233584147573534,6.094312404420379,5.808474252579454,8.648202329574893,7.91207652789433
2025-03-19,6.40894641706651,4.270023009621126,6.143461459439829,5.855259861462252,8.709586595951523,7.968089069320179
2025-03-20,6.3904132471899935,4.263738204706786,6.136999826783855,5.849043182966189,8.710280166038372,7.968576821426657
2025-03-21,6.39252141445398,4.254488541584986,6.115588249471042,5.828578296986112,8.67618786592412,7.937241377457154
2025-03-24,6.5070016659127665,4.282753616300562,6.18086400825317,5.890732018723889,8.759211220789874,8.013046086192809
2025-03-25,6.52264299694719,4.288739710676638,6.16251406172734,5.873185011746229,8.719332788574294,7.976417836849759
2025-03-26,6.444774792990904,4.246743786951943,6.155976195844462,5.866895746602052,8.722299237843673,7.978984573143605
2025-03-27,6.4276589311955385,4.235023872437529,6.148586842647634,5.859795112000636,8.719443540303145,7.9762253270345695
2025-03-28,6.298217042484229,4.207287498380212,6.092507331708672,5.806291839993367,8.651475771975463,7.913905156247677
2025-03-31,6.3404955309611,4.240849289497527,6.150745663357242,5.861735935515975,8.737775408832427,7.992700212140372
2025-04-01,6.35840413622283,4.262735847787637,6.158382047197566,5.868955131324854,8.75193312745376,8.005503243373253
2025-04-02,6.398642845516439,4.277803650409604,6.183445817894275,5.892782365668066,8.787460990235598,8.037852979728203
2025-04-03,6.08331238366835,4.159175466831124,5.9999897943875,5.717893137421418,8.61109208846914,7.876384027415929
2025-04-04,5.727176917347994,4.031193937497941,5.685614838604214,5.418245005297462,8.197919559314125,7.49832573414517
2025-04-07,5.716975579000233,3.9782596821551883,5.635287875267127,5.370231289717961,8.107482514253947,7.415469820187545
2025-04-08,5.627432203772803,3.9108322897604575,5.568919885065707,5.306932145868181,8.031571191477928,7.345902593016025
2025-04-09,6.2184214111915885,4.166467249532527,5.904257531735621,5.626437999738309,8.446445988830222,7.725216550520264
2025-04-10,5.945935384080248,4.010979417105115,5.7553891337108976,5.48451992241185,8.292213655329482,7.584014198957123
2025-04-11,6.052027628086828,4.062645294791428,5.841234088708028,5.56626934553902,8.400283500284157,7.68271279525087
2025-04-14,6.1107415867396035,4.09788926490367,5.901092593548038,5.623254199782452,8.50279037570419,7.7763200785258615
2025-04-15,6.093626422781797,4.096809146677607,5.894692062016261,5.617099154905015,8.496865578596546,7.770758363633291
2025-04-16,5.95817685053005,4.051314196697043,5.847413538424299,5.571991654135904,8.42387996814534,7.703867908755278
2025-04-17,5.96667790766672,4.040469188796384,5.87597720071584,5.59915423728945,8.464682560920291,7.741040412901809
2025-04-21,5.824655054533437,3.9545143577767967,5.76918600616379,5.497339403613985,8.309096779644682,7.598615638394807
2025-04-22,5.976199203313802,4.025075318464775,5.877494630202382,5.600488775879379,8.472373363077386,7.747788321552307
2025-04-23,6.068802945153683,4.0781359383656275,5.914880524620837,5.636056620930589,8.52476745460319,7.795557915676169
2025-04-24,6.196545599410241,4.146827351340551,5.989132455597495,5.706751602368038,8.603149694931636,7.867090429505447
2025-04-25,6.241317461483346,4.177023632032935,5.996567149093567,5.713778930286307,8.605916596249093,7.869475658144515
2025-04-28,6.243697785395117,4.188505093387026,6.01768244428472,5.733841435287348,8.63866728250081,7.899278249943504
2025-04-29,6.283028608025221,4.218383428353891,6.048658629774794,5.763299220727709,8.694891704238168,7.950543949425981
2025-04-30,6.285521981621455,4.205731822406759,6.017968502618184,5.733999941777205,8.64523925470948,7.904996521622646
2025-05-01,6.3300670464880735,4.215085188338422,5.96984797795384,5.688093497077739,8.579059480192939,7.8443388632522835
2025-05-02,6.424031571566872,4.2343768571332925,5.92760335980932,5.647786494997644,8.523762970773234,7.793634462972803
2025-05-05,6.387193424695444,4.21034780078157,5.943266541857539,5.662653965377789,8.541153631198636,7.809391635798953
2025-05-06,6.333808153638762,4.194831449897486,5.990981765384643,5.7080595333521655,8.60779241681341,7.8701761959880505
2025-05-07,6.36044461324365,4.212509135830565,5.990420986305248,5.707468471502457,8.607103456862077,7.869401330508412
2025-05-08,6.404763578741341,4.211334172643865,5.919435802942286,5.639780121613136,8.511374315784083,7.781733663792778
2025-05-09,6.396601670658062,4.210633627900507,5.933769881532888,5.653380778745565,8.533873436828651,7.802160334342363
2025-05-12,6.607993415204856,4.2784525565288165,5.861387969220909,5.584363596156012,8.439279943798297,7.715535386061335
2025-05-13,6.651631989083087,4.288459158077135,5.853172439788868,5.576480891309594,8.431250050114969,7.708052156528577
2025-05-14,6.660133046219759,4.280364023249445,5.802563428059823,5.528209289567711,8.358983725322512,7.64184378698262
2025-05-15,6.69266344184306,4.307958569714279,5.85797088487504,5.580941489489109,8.437506572747221,7.7134878739038815
2025-05-16,6.735054282166837,4.328935050920155,5.852197687412503,5.57538586068279,8.429060327073744,7.705624469708372
2025-05-19,6.742422051108634,4.32676038448749,5.857863029581651,5.580727724536011,8.433798124486161,7.709813634772791
2025-05-20,6.719752798023363,4.305561967735158,5.856331808788856,5.579213455961565,8.429389064819144,7.705641135611825
2025-05-21,6.606519582281472,4.232597767149247,5.8027568533844525,5.52811865593987,8.350000450378948,7.632928244954901
2025-05-22,6.609127401237287,4.242471776367261,5.814217139540665,5.538981449517277,8.36506412169291,7.646557455595253
2025-05-23,6.564014296598114,4.227911293949955,5.849549252848423,5.5725855735289285,8.41519254158621,7.692238477316259
2025-05-27,6.700484805197829,4.304254203093787,5.877837545741251,5.599478784754177,8.456824447536743,7.730151383246999
2025-05-28,6.661719928827603,4.281882773036813,5.857621040054052,5.580164179792226,8.42545986559795,7.701340030552567
2025-05-29,6.688015843703981,4.307875196943231,5.898966441099038,5.619495290395705,8.485031236964684,7.75564873654518
2025-05-30,6.680535722915278,4.307584304697633,5.900912496100577,5.621293240225316,8.485558044837955,7.755987404705539
2025-06-02,6.718166613253071,4.306107342969361,5.8988147017656,5.619238963608363,8.4858694726675,7.756129199270084
2025-06-03,6.756477197372765,4.317806858446062,5.881476598853201,5.602666881193934,8.464582478567404,7.736530278668017
2025-06-04,6.75466421539599,4.345148972008338,5.949765166227255,5.667661879066195,8.55520020001234,7.819209806578798
2025-06-05,6.722020072250666,4.33375642594971,5.94053570469469,5.658813743486946,8.542072266055744,7.807067452534843
2025-06-06,6.791048070016888,4.338400772095171,5.872621442569617,5.594064586924964,8.451932826887562,7.724541809131155
2025-06-09,6.797168803241789,4.342576704477377,5.884462324574361,5.605288069635463,8.468950249431092,7.739952117307915
2025-06-10,6.835706882405529,4.366294805667529,5.902974990915252,5.62286652280364,8.499211922287284,7.767465831747337
2025-06-11,6.816211394535952,4.364111036232172,5.925660444401187,5.644419365921795,8.534500462235288,7.799572520594888
2025-06-12,6.8433007507162555,4.395390488109275,5.983542274538762,5.699497348098506,8.61630315739544,7.87418594198981
2025-06-13,6.766791236486213,4.348963405427358,5.963751408367502,5.680589476714553,8.5930053320104,7.852750107878377
2025-06-16,6.8311730317884765,4.356259267887424,5.911570648496283,5.630830282542862,8.51926924076232,7.785222711501211
2025-06-17,6.772799617864209,4.355129557232566,5.956824576303494,5.6738786709603675,8.584901931333683,7.845055791648176
2025-06-18,6.771779379353799,4.357756856770666,5.956707913464924,5.673711119900694,8.583104611473544,7.843268902322781
2025-06-20,6.755875661397409,4.348397645012307,5.951843283478935,5.669021220261968,8.578850842396673,7.839237406221266
2025-06-23,6.822606377921314,4.379798744598007,5.971351502665559,5.687545872867991,8.599839161734387,7.858271508758372
2025-06-24,6.897977021256015,4.421549938709891,5.98048452329432,5.696188167267021,8.609352150009274,7.866819292049719
2025-06-25,6.901842343492103,4.425262114548593,5.988633710247637,5.703893233681139,8.619650591398628,7.876084454536483
2025-06-26,6.955841013762635,4.454935777229807,6.008772971953042,5.723018017538352,8.651383926932825,7.904934745268361
2025-06-27,6.990400023168265,4.456869642652952,5.963151008786906,5.679509178408019,8.586288005290692,7.845310858305656
2025-06-30,7.023822255191228,4.487199071765827,6.013912427555239,5.727799123947206,8.6558171458596,7.908694124626257
2025-07-01,7.0215493982634545,4.490778441519964,6.028755716714256,5.741879132492004,8.67848969561852,7.929263657050973
2025-07-02,7.053380560653221,4.491580266844697,6.012472440572816,5.726313738483808,8.660075120247356,7.912293103808778
2025-07-03,7.10897099839451,4.500306426592658,5.977069518677996,5.692539172762242,8.610855990295969,7.867179055069666
2025-07-07,7.055993962309505,4.463004805540182,5.943766536169653,5.6607652330067895,8.561855881032912,7.822266766766521
2025-07-08,7.052130035748534,4.459258807912428,5.924914089290241,5.642754288298882,8.542195023901773,7.804160509204137
2025-07-09,7.09441899178878,4.493963396605677,5.970438456326969,5.686054114308578,8.604656039373124,7.86108018395921
2025-07-10,7.114426692426237,4.502808148937862,5.974211864791513,5.689591199935015,8.611840958724443,7.867499306110628
2025-07-11,7.089417590007584,4.468465099681775,5.936155807858455,5.653291965675699,8.559708794318128,7.819729018419144
2025-07-14,7.102945171077555,4.469830837633686,5.924833495779308,5.642453054490094,8.54111912739521,7.802602699565854
2025-07-15,7.072592028636523,4.445839475116512,5.8921713474869355,5.611291791213485,8.491823621463302,7.757426697727337
2025-07-16,7.096237556466024,4.45726816148599,5.907102632226322,5.625455352548137,8.510583598315865,7.774421064464979
2025-07-17,7.139663987726495,4.473215305258354,5.903275969193566,5.621755229724458,8.506754563931356,7.77078011303111
2025-07-18,7.134435090901254,4.473982562470213,5.915746461332132,5.6335749873502605,8.522202650829504,7.784748301374045
2025-07-21,7.147963369808783,4.495028991380821,5.966508235434944,5.681858996801181,8.5906348630736,7.847114315049265
2025-07-22,7.148986399669426,4.506286524593289,6.000966445148218,5.71461644317408,8.63997985830089,7.892043133920185
2025-07-23,7.209805734235955,4.519288445007572,5.962993075788596,5.678398584752592,8.590839166397679,7.847011870666795
2025-07-24,7.212193036523311,4.517034775410652,5.9478528976673815,5.663924666356047,8.571446694314695,7.8291542696764695
2025-07-25,7.242659926486365,4.539843314510243,5.959699711570914,5.675149513764804,8.587081068528795,7.843290234971237
2025-07-28,7.240841361809122,4.527393578430266,5.928713816433462,5.6455869128057055,8.546573655610763,7.80614769115381
2025-07-29,7.221742943510285,4.550808434195214,5.99369657569353,5.707409642713863,8.639952068628968,7.891290988924465
2025-07-30,7.212648026611398,4.53798876624313,5.951309497164,5.6669908061567575,8.577039405047039,7.833685489043618
2025-07-31,7.185591468796342,4.528819676090751,5.919471732793687,5.636618002866534,8.537318708734157,7.797263686719104
2025-08-01,7.067816726224255,4.510035701202489,5.894863503673622,5.61312981666266,8.45897847965224,7.725572063384358
2025-08-04,7.175246724830324,4.556097293905943,5.948277284973977,5.663934456398834,8.564259228005564,7.821580746403899
2025-08-05,7.138868452909894,4.547825423537785,5.930616620264965,5.64706185192261,8.524500716756044,7.785126636450563
2025-08-06,7.193549608312561,4.558222762272211,5.925083933960139,5.641737582894011,8.536620264521433,7.796051400432527
2025-08-07,7.187524478833164,4.552817844642708,5.919960913057676,5.636803489926316,8.553866130187735,7.811657272695881
2025-08-08,7.243569208824983,4.566224750217305,5.939585724304992,5.655433379725218,8.585692922032866,7.840578078635719
2025-08-11,7.229245395100856,4.562899466204361,5.922441477892412,5.639053236519091,8.561461754544565,7.818305825936346
2025-08-12,7.306207805906313,4.582856013161969,5.9575932096342195,5.672466544095663,8.64247587128888,7.892142355649491
2025-08-13,7.331218304000083,4.607448147862972,5.9915540779120695,5.704745328266236,8.674980894583681,7.921679409731817
2025-08-14,7.33190009129466,4.5940409326318585,5.972049311767344,5.686117679636002,8.64823915794055,7.897114367030604
2025-08-15,7.3147339851950886,4.574495030503362,5.962408180249053,5.676881688031594,8.586051341674407,7.8401833384491
2025-08-18,7.313142915561891,4.568603365912877,5.955105226958619,5.669872065503371,8.590073462360182,7.843711588081389
2025-08-19,7.273467361177927,4.5643382560367805,5.967260003891303,5.68138815605509,8.555188464243793,7.811713746067912
2025-08-20,7.254141447835046,4.561064797148806,5.983733698675995,5.697015988746059,8.548493740755347,7.805457050719824
2025-08-21,7.225039528136261,4.541052268597238,5.963342995587923,5.6775458626426305,8.514529376551417,7.774301683405426
2025-08-22,7.335992908574794,4.596347410494079,6.027090783656667,5.738181425213538,8.631890608682872,7.881314718277577
2025-08-25,7.303706756096939,4.578929909113293,5.984077931853786,5.6971737369012345,8.59279789132325,7.845476759145943
2025-08-26,7.3342873935820165,4.5893777351149945,6.00208714832336,5.714262675814661,8.640710584804653,7.8890771489421505
2025-08-27,7.350998509593499,4.5935360698371905,6.017077455688923,5.728477162683676,8.656585970519503,7.903426004878788
2025-08-28,7.377031339710353,4.615383298322178,6.024137189927359,5.735141246511819,8.685077687937598,7.929292774362439
2025-08-29,7.333036868677328,4.585744948284989,6.017515331507782,5.728780081169829,8.609215694398564,7.859887605635945
2025-09-02,7.278697653678286,4.551706021104206,6.000063960666046,5.712109258667657,8.538792662759352,7.795450465469108
2025-09-03,7.318144317343089,4.5864933934421686,5.976868757916071,5.689970647310785,8.553909174065145,7.809107179998405
2025-09-04,7.379305592313243,4.623479118428839,6.0053556920424604,5.717033307998098,8.629989925143569,7.878418353619871
2025-09-05,7.357932921411517,4.643642214251804,5.978684782900013,5.6915862851270855,8.642005761591575,7.889242441601399
2025-09-08,7.3760090076872675,4.675236434499473,5.9770108128526385,5.689936108683949,8.69221577630424,7.934932754135447
2025-09-09,7.393060668427258,4.6710934527193695,5.991478329620904,5.703652025916791,8.71312834409797,7.953876878089853
2025-09-10,7.414432641491426,4.689874519642728,6.023416526968452,5.733998906013855,8.769843125573898,8.00550215164223
2025-09-11,7.476048906549671,4.7258016094355115,6.072425478178774,5.7805955457987315,8.839401585037194,8.068849584331272
2025-09-12,7.473546461065178,4.716691891892077,6.049308681765968,5.758532428111638,8.842972174737367,8.071960242571514
2025-09-15,7.513335762971164,4.736163685820841,6.044363956485132,5.753768158445414,8.902793255269902,8.126415891647909
2025-09-16,7.5029910190051465,4.736243432074489,6.040357407397157,5.749897045449892,8.892940021492231,8.117272410275836
2025-09-17,7.493669304899774,4.72789018956285,6.0500855743963715,5.759100138889557,8.872380998884195,8.098357443573658
2025-09-18,7.528682606555934,4.721628391290661,6.065147158558329,5.773379898877226,9.019056540525769,8.232085436132394
2025-09-19,7.565971556490102,4.7320600678240545,6.071999100049302,5.779844738705198,9.042622503090396,8.253443098620894
2025-09-22,7.601766436211694,4.738688382770179,6.088455000020933,5.795451222266143,9.13660962091065,8.33907405717313
2025-09-23,7.56038606467251,4.7364605164597355,6.103592817448012,5.809802756801307,9.110054577311208,8.314683860809545
2025-09-24,7.5363316040337756,4.720206917242445,6.104411148286766,5.810523907784693,9.084722003635461,8.291410279370849
2025-09-25,7.5015632433606205,4.70714110232028,6.07413248650883,5.781645461254732,9.06383473066391,8.272194598214249
2025-09-26,7.544540267233469,4.721628828402143,6.123282753919496,5.828371033451898,9.108446335222167,8.31275669190152
2025-09-29,7.5657433636085,4.745099202923489,6.130443298620719,5.83512867438399,9.142668448181997,8.343835570004797
2025-09-30,7.594242351656812,4.750317803261411,6.155328364014393,5.858756710763524,9.18839247660545,8.385410052496434
2025-10-01,7.620120261835698,4.764937238724482,6.186853288512962,5.888704155850512,9.262529439160243,8.45291242369869
2025-10-02,7.628896964807945,4.7737799626536095,6.176953520038584,5.87922299107214,9.312602529850322,8.498452207415006
2025-10-03,7.62878391512348,4.7701124212012305,6.206816852438826,5.907588148492522,9.30019438692842,8.486972522632733
2025-10-06,7.656142636601333,4.765219954549841,6.226648867489214,5.926405125396728,9.399576615501735,8.577506645638532
2025-10-07,7.6277573960750455,4.7655828827432165,6.232539447716511,5.931952668764587,9.328097561337172,8.512122238556792
2025-10-08,7.673242448132855,4.784129620733082,6.25388945407031,5.952213794190891,9.458675411907755,8.631118818342259
2025-10-09,7.651012832709389,4.774312954857966,6.218483955599398,5.918457325373738,9.417816062710623,8.593676043574785
2025-10-10,7.444222629022816,4.727725890068302,6.110428823406917,5.815557748407702,9.0755106977713,8.281172818334246
2025-10-13,7.558447471935221,4.770207885728025,6.168340094394704,5.870616006116633,9.30590776138038,8.491247885105324
2025-10-14,7.549213685362209,4.772821147200594,6.201937306757303,5.902532893707845,9.252770877852067,8.442607221281477
2025-10-15,7.582728729780443,4.781332343285264,6.225246285825378,5.924657684168005,9.354924710380365,8.535659347939202
2025-10-16,7.531088750457369,4.7761400719609695,6.176991850302675,5.878674765928802,9.32478200481742,8.507999709268624
2025-10-17,7.573837581448615,4.789478404374598,6.201270807991664,5.901722476853907,9.34401812189603,8.52539385786685
2025-10-20,7.652608787205496,4.826718437816544,6.258114329513241,5.955760974384704,9.46393944385783,8.634649900577982
2025-10-21,7.652494341845915,4.836165015585965,6.233414758167704,5.932195732989195,9.426723976610026,8.600537075052227
2025-10-22,7.612709924802838,4.822340996114408,6.227789126466871,5.92678300359834,9.32226209704193,8.505073902001168
2025-10-23,7.6578530364570225,4.826298267459873,6.258980147487533,5.956407235774998,9.42566266033307,8.599251999815253
2025-10-24,7.720437202208797,4.850808995140231,6.27969070644427,5.976057163893013,9.532632146081161,8.696682576813886
2025-10-27,7.81152035600888,4.8917216210948755,6.303299946508655,5.998465198152175,9.67057912509266,8.82237001082336
2025-10-28,7.832267764458262,4.904633731641911,6.261050184189789,5.958199423242706,9.702698453521062,8.851509111500654
2025-10-29,7.836029806735704,4.886219829241345,6.231129807444755,5.929667337772591,9.749933753587351,8.894436773493757
2025-10-30,7.749848263945961,4.84260421443807,6.219093189624926,5.918154191488151,9.661671974524,8.813757087630027
2025-10-31,7.775269788361641,4.846360192718637,6.220209425615493,5.919157542538397,9.673735858683765,8.824599700011264
2025-11-03,7.7898615717082,4.846968987918343,6.212132813405078,5.911413036459919,9.70767041322382,8.855392460577642
2025-11-04,7.697523705978077,4.816817530583905,6.174338535753855,5.875389886050552,9.503797529614308,8.669258774427107
2025-11-05,7.724199244486236,4.805839055829891,6.192251685851611,5.892377114168598,9.591171052689779,8.748798792830984
2025-11-06,7.641323358210729,4.7921880625078295,6.170910825084728,5.872011333637027,9.446775374080431,8.616926369090596
2025-11-07,7.648846744928055,4.7909613873461,6.2170355809827935,5.915843113741343,9.43388277929225,8.605007827690592
2025-11-10,7.7682020895699635,4.835389418033665,6.265487830294692,5.961888734295009,9.626432802226374,8.780478395180259
2025-11-11,7.785985084071179,4.850886453795193,6.305918105132715,6.000300250820418,9.560438948686807,8.720123355513588
2025-11-12,7.790317259633849,4.855957018476207,6.322648161670752,6.016159645530887,9.610192323187396,8.765342207259664
2025-11-13,7.6610442476116765,4.7916593216918075,6.2642650533083195,5.960547358770958,9.408444646758753,8.581172495702846
2025-11-14,7.6597909313567545,4.7802526833683565,6.264586492159104,5.960793928013145,9.404713770731945,8.577611682755812
2025-11-17,7.5884286669576175,4.7582649416248675,6.209207456824242,5.9080416630971815,9.29258084170184,8.475184236882034
2025-11-18,7.524704932472944,4.733649561395635,6.204664651397087,5.903660481129619,9.186138109946127,8.377950140136628
2025-11-19,7.553774053806484,4.740794877457331,6.191020693963584,5.890619840034177,9.259648292018449,8.444837421682358
2025-11-20,7.438637137205224,4.704906119957014,6.130203151605364,5.832695277050375,9.02231283833683,8.22823495645031
2025-11-21,7.512734924833366,4.73872065391192,6.185413662911236,5.885167807394898,9.077348651582408,8.27827444603342
2025-11-24,7.623311472990352,4.791370041880881,6.216807066747454,5.914978516343004,9.288075718254149,8.47029530905333
2025-11-25,7.695015677793116,4.823307369597843,6.262631187852672,5.9585185951623325,9.336091073488797,8.513926276486618
2025-11-26,7.748138561927831,4.851838179560131,6.311851035144787,6.005288605334744,9.455916498590327,8.623040682685996
2025-11-28,7.7904310071558704,4.858521137417336,6.352327213481868,6.043738772596839,9.546651443841547,8.705623360784582
2025-12-01,7.754864320315883,4.821019548940776,6.306120808868875,5.99971734769045,9.500116774518176,8.663028679086862
2025-12-02,7.76922791078084,4.827246092207653,6.29423370533344,5.988348258914307,9.551892041089275,8.710081420276921
2025-12-03,7.796130944333045,4.842711016201893,6.330376320605829,6.022674524899458,9.612954297725327,8.765600794610487
2025-12-04,7.801830881510219,4.834395206856849,6.32713102505479,6.0195271049798444,9.60938618437402,8.762185812361171
2025-12-05,7.816650159900824,4.830954328900927,6.31410475975951,6.007074387867467,9.623781859086344,8.775150682795514
2025-12-08,7.793167228222436,4.815890624853698,6.279525375779341,5.9741170475003464,9.628424236541589,8.779221991143132
2025-12-09,7.786440771996826,4.815369435093863,6.2743441067566765,5.969128404670898,9.628739764132552,8.779347986366757
2025-12-10,7.838082146995017,4.841975760815873,6.324231586666071,6.016529267021855,9.706220106430326,8.849830458786956
2025-12-11,7.856320829421879,4.846104116591007,6.358325492922553,6.048904190108879,9.719951078368638,8.862186703718017
2025-12-12,7.7718496864878235,4.796157592122306,6.325709743948091,6.017815800624199,9.562054001084173,8.718063122501132
2025-12-15,7.760107871729851,4.793128031994802,6.3345579065468725,6.026173357702147,9.53889565377616,8.696788654456835
2025-12-16,7.73890477535482,4.795799766709632,6.291958984050529,5.98558874209851,9.523653506948696,8.682732181474986
2025-12-17,7.653749053775956,4.762390906663988,6.278748927766788,5.9729625085030555,9.403334727405298,8.572879431089811
2025-12-18,7.711544658201851,4.793080596759648,6.289522233865369,5.983151627847967,9.488915285919044,8.650742609581338
2025-12-19,7.7814379745405144,4.81198991329819,6.30513456379548,5.997943806985434,9.584052010750082,8.737314809727
2025-12-22,7.829915354048828,4.825799562494834,6.34355024524051,6.034427831137267,9.655812754606512,8.802573463720154
2025-12-23,7.865701859719718,4.842126741761441,6.355473872785172,6.045710288561684,9.697504699074043,8.84041845636739
2025-12-24,7.893370421073509,4.864078276461152,6.377720314307055,6.066812106918729,9.72684759825245,8.867004649085656
2025-12-26,7.8925700013940014,4.857372617877219,6.376459841522379,6.065552754240336,9.732112967809924,8.871641162032041
2025-12-29,7.864443658601886,4.854294466527933,6.36642505328972,6.0559470166825955,9.691472153412747,8.834430916430751
2025-12-30,7.854840018122911,4.846107692466304,6.364148067236808,6.053720865617998,9.673523928909441,8.817907484664655
2025-12-31,7.796643854938482,4.809121063687481,6.320303192183115,6.011954839996338,9.598464007489728,8.749325410269735
2026-01-02,7.810935568134922,4.811541070819492,6.365630017816374,6.055010085824578,9.679533869737579,8.82306082987184
2026-01-05,7.862957264602451,4.840277467733759,6.409471850474836,6.096651958037361,9.765482750394836,8.901240757237753
2026-01-06,7.909720057229728,4.853564537185064,6.434924444995248,6.120801440052959,9.86100917539229,8.988147575771444
2026-01-07,7.884223864195298,4.855521809544575,6.383353621520422,6.071687675861635,9.81488414026218,8.945940593298522
2026-01-08,7.88342344451579,4.845491759454826,6.415171256837107,6.101891133350135,9.77484613521146,8.909283185902341
2026-01-09,7.935559586342899,4.877588354175397,6.452245883203984,6.137094209514065,9.863241088185326,8.98968518508943
2026-01-12,7.9480215694611624,4.876415171250568,6.463391282715239,6.147634083093808,9.877605440685779,9.002611516704155
2026-01-13,7.932129714743265,4.873902378326751,6.473466704201997,6.157156050336793,9.863167065539544,8.989286574486883
2026-01-14,7.893141530354344,4.870850508114129,6.5096801458958184,6.191538427920592,9.844645623241817,8.972240882809404
2026-01-15,7.9146363228287955,4.878367915368557,6.518928082822141,6.200272732055809,9.890900738531705,9.014230970317273
2026-01-16,7.9080047725111315,4.864646166183191,6.509159540305888,6.190920117398048,9.895886310099382,9.018608540400368
2026-01-20,7.747023417509475,4.779742424772227,6.449615153718583,6.134225906531384,9.739794774597279,8.876191149640578
2026-01-21,7.836432459006911,4.827402947733581,6.519864183272045,6.200978051405268,9.875774804305692,8.999948398069225
2026-01-22,7.877363423158473,4.850935745290062,6.529527137788059,6.210106626917455,9.914312047153299,9.03490158101535
2026-01-23,7.880221765797761,4.8573024252854475,6.523704582055076,6.204507198244637,9.895020253508742,9.017154907121677
2026-01-26,7.920238562747793,4.881382538571579,6.5495220074784966,6.228999454216267,9.934456475928322,9.052925688412392
2026-01-27,7.951794777139541,4.880896601660097,6.5675636286211585,6.246096026396987,9.990484951065891,9.103814815017289
2026-01-28,7.950994357460033,4.876154448755357,6.568834658535088,6.247242708352255,10.042739992983284,9.151263591791984
2026-01-29,7.935216250264158,4.870794052059605,6.576936420069945,6.25488562019094,10.036764566228934,9.145650142748995
2026-01-30,7.911549089470347,4.851181915073453,6.550969626789398,6.23012837113855,9.892892289544761,9.014385537467392
