{
  "strategies": {
    "SPY_BH": {
      "cagr": 0.10883584508334598,
      "vol": 0.19365085035736007,
      "sharpe": 0.562021002657629,
      "max_dd": -0.5518944932274251,
      "calmar": 0.19720407871237233
    },
    "60_40": {
      "cagr": 0.08239070057452924,
      "vol": 0.11181851280687886,
      "sharpe": 0.7368252224640633,
      "max_dd": -0.2992278821731943,
      "calmar": 0.2753443294660662
    },
    "FRAR": {
      "cagr": 0.09855452000808262,
      "vol": 0.1278165758491716,
      "sharpe": 0.7710621204903868,
      "max_dd": -0.2705410428871439,
      "calmar": 0.36428676017632783
    },
    "FRAR_Net": {
      "cagr": 0.09604818882901442,
      "vol": 0.1278165758491716,
      "sharpe": 0.7514533087035199,
      "max_dd": -0.2705410428871439,
      "calmar": 0.35502261617687664
    },
    "FRAR_Quad": {
      "cagr": 0.12181149257178547,
      "vol": 0.14211499286287704,
      "sharpe": 0.8571332983094763,
      "max_dd": -0.27605875721277184,
      "calmar": 0.4412520501130108
    },
    "FRAR_Quad_Net": {
      "cagr": 0.11717355020387439,
      "vol": 0.14211499286287704,
      "sharpe": 0.824498160563059,
      "max_dd": -0.27605875721277184,
      "calmar": 0.4244514877445567
    }
  },
  "turnovers": {
    "SPY_BH": {
      "annualized": 0.0,
      "cost_drag_bps": 0.0
    },
    "60_40": {
      "annualized": 0.21,
      "cost_drag_bps": 2.1
    },
    "FRAR": {
      "annualized": 2.506331179068201,
      "cost_drag_bps": 25.06331179068201
    },
    "FRAR_Quad": {
      "annualized": 4.6379423679110765,
      "cost_drag_bps": 46.379423679110765
    }
  },
  "regime_counts": {
    "LOW": 127,
    "MID": 51,
    "HIGH": 30,
    "CRISIS": 21
  },
  "validation": {
    "status": "PASS",
    "checks": [
      "data_integrity",
      "signal_consistency",
      "weight_sum"
    ]
  },
  "parity_check": {
    "parity_status": "PASS",
    "parity_wins": 4,
    "parity_components": {
      "sharpe": {
        "frar": 0.824498160563059,
        "benchmark": 0.562021002657629,
        "frar_wins": true
      },
      "max_dd": {
        "frar": -0.27605875721277184,
        "benchmark": -0.5518944932274251,
        "frar_wins": true
      },
      "cagr": {
        "frar": 0.11717355020387439,
        "benchmark": 0.10883584508334598,
        "frar_wins": true
      },
      "calmar": {
        "frar": 0.4244514877445567,
        "benchmark": 0.19720407871237233,
        "frar_wins": true
      }
    }
  }
}