{
  "generated_at": "2026-01-12T22:49:10.061696",
  "version": "1.2.0",
  "cost_bps_assumption": 10,
  "turnover_definition": "Two-way: sum(abs(weight_new - weight_old))",
  "strategies": {
    "SPY_BH": {
      "cagr": 0.10837,
      "vol": 0.193889,
      "sharpe": 0.5589,
      "max_dd": -0.5519,
      "calmar": 0.1964,
      "worst_month": -0.1652,
      "best_month": 0.127,
      "win_rate": 0.6778,
      "total_return": 6.8178
    },
    "60_40": {
      "cagr": 0.084423,
      "vol": 0.111134,
      "sharpe": 0.7596,
      "max_dd": -0.2819,
      "calmar": 0.2994,
      "worst_month": -0.0977,
      "best_month": 0.0909,
      "win_rate": 0.692,
      "total_return": 3.9855
    },
    "50_30_20": {
      "cagr": 0.096509,
      "vol": 0.1041,
      "sharpe": 0.9271,
      "max_dd": -0.2392,
      "calmar": 0.4035,
      "worst_month": -0.1129,
      "best_month": 0.1131,
      "win_rate": 0.654,
      "total_return": 5.2104
    },
    "Ungated_Sectors": {
      "cagr": 0.10215,
      "vol": 0.184225,
      "sharpe": 0.5545,
      "max_dd": -0.3845,
      "calmar": 0.2657,
      "worst_month": -0.1495,
      "best_month": 0.1509,
      "win_rate": 0.6473,
      "total_return": 5.1923
    },
    "FRAR": {
      "cagr": 0.096722,
      "vol": 0.144187,
      "sharpe": 0.6708,
      "max_dd": -0.2188,
      "calmar": 0.4421,
      "worst_month": -0.1048,
      "best_month": 0.1217,
      "win_rate": 0.6295,
      "total_return": 4.6449
    },
    "SPY_BH_Net": {
      "cagr": 0.10837,
      "vol": 0.193889,
      "sharpe": 0.5589,
      "max_dd": -0.5519,
      "calmar": 0.1964,
      "worst_month": -0.1652,
      "best_month": 0.127,
      "win_rate": 0.6778,
      "total_return": 6.8178
    },
    "60_40_Net": {
      "cagr": 0.084423,
      "vol": 0.111134,
      "sharpe": 0.7596,
      "max_dd": -0.2819,
      "calmar": 0.2994,
      "worst_month": -0.0977,
      "best_month": 0.0909,
      "win_rate": 0.692,
      "total_return": 3.9855
    },
    "50_30_20_Net": {
      "cagr": 0.096509,
      "vol": 0.1041,
      "sharpe": 0.9271,
      "max_dd": -0.2392,
      "calmar": 0.4035,
      "worst_month": -0.1129,
      "best_month": 0.1131,
      "win_rate": 0.654,
      "total_return": 5.2104
    },
    "Ungated_Sectors_Net": {
      "cagr": 0.099535,
      "vol": 0.184243,
      "sharpe": 0.5402,
      "max_dd": -0.3849,
      "calmar": 0.2586,
      "worst_month": -0.1497,
      "best_month": 0.1509,
      "win_rate": 0.6384,
      "total_return": 4.9225
    },
    "FRAR_Net": {
      "cagr": 0.093015,
      "vol": 0.144182,
      "sharpe": 0.6451,
      "max_dd": -0.2206,
      "calmar": 0.4216,
      "worst_month": -0.1048,
      "best_month": 0.1217,
      "win_rate": 0.6205,
      "total_return": 4.2977
    }
  },
  "turnovers": {
    "SPY_BH": {
      "annualized": 0.0,
      "cost_drag_bps": 0.0
    },
    "60_40": {
      "annualized": 0.2132,
      "cost_drag_bps": 2.13
    },
    "50_30_20": {
      "annualized": 0.3,
      "cost_drag_bps": 3.0
    },
    "Ungated_Sectors": {
      "annualized": 3.2571,
      "cost_drag_bps": 32.57
    },
    "FRAR": {
      "annualized": 4.7423,
      "cost_drag_bps": 47.42
    }
  },
  "parity_check": {
    "parity_status": "PASS",
    "parity_wins": 3,
    "parity_components": {
      "sharpe": {
        "frar": 0.6708110689074466,
        "benchmark": 0.7596474683553966,
        "frar_wins": false
      },
      "max_dd": {
        "frar": -0.2187672891418513,
        "benchmark": -0.28194600805085324,
        "frar_wins": true
      },
      "cagr": {
        "frar": 0.09672236145692326,
        "benchmark": 0.08442258863220564,
        "frar_wins": true
      },
      "calmar": {
        "frar": 0.442124422880275,
        "benchmark": 0.299428210442968,
        "frar_wins": true
      }
    },
    "benchmark": "60_40"
  },
  "regime_counts": {
    "LOW": 127,
    "MID": 49,
    "HIGH": 30,
    "CRISIS": 21
  },
  "validation": {
    "status": "PASS",
    "warnings": [
      "XLF: 6 extreme moves (>15%), showing first 5"
    ]
  }
}