{
  "strategies": {
    "SPY_BH": {
      "cagr": 0.10490051128406064,
      "vol": 0.19676348137954236,
      "sharpe": 0.533129981989469,
      "max_dd": -0.499350576678567,
      "calmar": 0.21007387631712962
    },
    "60_40": {
      "cagr": 0.09009815129213683,
      "vol": 0.1147131972100117,
      "sharpe": 0.7854209758201511,
      "max_dd": -0.2756190180977653,
      "calmar": 0.3268938112978037
    },
    "FRAR": {
      "cagr": 0.08522614565240749,
      "vol": 0.14340344921341738,
      "sharpe": 0.5943102911393111,
      "max_dd": -0.3623174229646375,
      "calmar": 0.23522508234644196
    },
    "FRAR_Net": {
      "cagr": 0.0851141200673673,
      "vol": 0.1434034482316304,
      "sharpe": 0.5935291034974829,
      "max_dd": -0.36237589600389436,
      "calmar": 0.23487798445195868
    },
    "FRAR_Quad": {
      "cagr": 0.09485111228613863,
      "vol": 0.1448011120115559,
      "sharpe": 0.6550440874968488,
      "max_dd": -0.35432789210899146,
      "calmar": 0.26769304477154277
    },
    "FRAR_Quad_Net": {
      "cagr": 0.09467447884113667,
      "vol": 0.14480111086194727,
      "sharpe": 0.6538242578221578,
      "max_dd": -0.3544871499712948,
      "calmar": 0.26707450142777556
    }
  },
  "turnovers": {
    "SPY_BH": {
      "annualized": 0.0,
      "cost_drag_bps": 0.0
    },
    "60_40": {
      "annualized": 0.24,
      "cost_drag_bps": 2.4
    },
    "FRAR": {
      "annualized": 1.83,
      "cost_drag_bps": 18.3
    },
    "FRAR_Quad": {
      "annualized": 2.46,
      "cost_drag_bps": 24.6
    }
  },
  "regime_counts": {
    "LOW": 125,
    "MID": 65,
    "HIGH": 28,
    "CRISIS": 11
  },
  "validation": {
    "status": "PASS",
    "checks": [
      "data_integrity",
      "signal_consistency",
      "weight_sum"
    ]
  },
  "parity_check": {
    "parity_status": "PASS",
    "parity_wins": 3,
    "parity_components": {
      "sharpe": {
        "frar": 0.6538242578221578,
        "benchmark": 0.533129981989469,
        "frar_wins": true
      },
      "max_dd": {
        "frar": -0.3544871499712948,
        "benchmark": -0.499350576678567,
        "frar_wins": true
      },
      "cagr": {
        "frar": 0.09467447884113667,
        "benchmark": 0.10490051128406064,
        "frar_wins": false
      },
      "calmar": {
        "frar": 0.26707450142777556,
        "benchmark": 0.21007387631712962,
        "frar_wins": true
      }
    }
  }
}